last_name,first_name,title,description,genre,no_of_times_rented
AKROYD,CHRISTIAN,"HILLS NEIGHBORS","A Epic Display of a Hunter And a Feminist who must Sink a Car in A U-Boat",Action,25
AKROYD,CHRISTIAN,"MAGNOLIA FORRESTER","A Thoughtful Documentary of a Composer And a Explorer who must Conquer a Dentist in New Orleans",Action,11
AKROYD,CHRISTIAN,"DOORS PRESIDENT","A Awe-Inspiring Display of a Squirrel And a Woman who must Overcome a Boy in The Gulf of Mexico",Animation,19
AKROYD,CHRISTIAN,"LUKE MUMMY","A Taut Character Study of a Boy And a Robot who must Redeem a Mad Scientist in Ancient India",Animation,7
AKROYD,CHRISTIAN,"BACKLASH UNDEFEATED","A Stunning Character Study of a Mad Scientist And a Mad Cow who must Kill a Car in A Monastery",Children,19
AKROYD,CHRISTIAN,"BETRAYED REAR","A Emotional Character Study of a Boat And a Pioneer who must Find a Explorer in A Shark Tank",Children,15
AKROYD,CHRISTIAN,"MAKER GABLES","A Stunning Display of a Moose And a Database Administrator who must Pursue a Composer in A Jet Boat",Children,10
AKROYD,CHRISTIAN,"SABRINA MIDNIGHT","A Emotional Story of a Squirrel And a Crocodile who must Succumb a Husband in The Sahara Desert",Children,21
AKROYD,CHRISTIAN,"MILLION ACE","A Brilliant Documentary of a Womanizer And a Squirrel who must Find a Technical Writer in The Sahara Desert",Classics,20
AKROYD,CHRISTIAN,"SUBMARINE BED","A Amazing Display of a Car And a Monkey who must Fight a Teacher in Soviet Georgia",Comedy,15
AKROYD,CHRISTIAN,"CAPER MOTIONS","A Fateful Saga of a Moose And a Car who must Pursue a Woman in A MySQL Convention",Comedy,24
AKROYD,CHRISTIAN,"DOOM DANCING","A Astounding Panorama of a Car And a Mad Scientist who must Battle a Lumberjack in A MySQL Convention",Comedy,21
AKROYD,CHRISTIAN,"OPERATION OPERATION","A Intrepid Character Study of a Man And a Frisbee who must Overcome a Madman in Ancient China",Comedy,27
AKROYD,CHRISTIAN,"CUPBOARD SINNERS","A Emotional Reflection of a Frisbee And a Boat who must Reach a Pastry Chef in An Abandoned Amusement Park",Documentary,23
AKROYD,CHRISTIAN,"PRINCESS GIANT","A Thrilling Yarn of a Pastry Chef And a Monkey who must Battle a Monkey in A Shark Tank",Documentary,27
AKROYD,CHRISTIAN,"CONFUSED CANDLES","A Stunning Epistle of a Cat And a Forensic Psychologist who must Confront a Pioneer in A Baloon",Family,17
AKROYD,CHRISTIAN,"RESERVOIR ADAPTATION","A Intrepid Drama of a Teacher And a Moose who must Kill a Car in California",Foreign,10
AKROYD,CHRISTIAN,"INNOCENT USUAL","A Beautiful Drama of a Pioneer And a Crocodile who must Challenge a Student in The Outback",Foreign,26
AKROYD,CHRISTIAN,"FEATHERS METAL","A Thoughtful Yarn of a Monkey And a Teacher who must Find a Dog in Australia",Games,11
AKROYD,CHRISTIAN,"FIRE WOLVES","A Intrepid Documentary of a Frisbee And a Dog who must Outrace a Lumberjack in Nigeria",Games,7
AKROYD,CHRISTIAN,"SINNERS ATLANTIS","A Epic Display of a Dog And a Boat who must Succumb a Mad Scientist in An Abandoned Mine Shaft",Horror,22
AKROYD,CHRISTIAN,"STREETCAR INTENTIONS","A Insightful Character Study of a Waitress And a Crocodile who must Sink a Waitress in The Gulf of Mexico",Horror,25
AKROYD,CHRISTIAN,"JAWBREAKER BROOKLYN","A Stunning Reflection of a Boat And a Pastry Chef who must Succumb a A Shark in A Jet Boat",Music,10
AKROYD,CHRISTIAN,"HOME PITY","A Touching Panorama of a Man And a Secret Agent who must Challenge a Teacher in A MySQL Convention",Music,14
AKROYD,CHRISTIAN,"NUTS TIES","A Thoughtful Drama of a Explorer And a Womanizer who must Meet a Teacher in California",New,9
AKROYD,CHRISTIAN,"OKLAHOMA JUMANJI","A Thoughtful Drama of a Dentist And a Womanizer who must Meet a Husband in The Sahara Desert",New,6
AKROYD,CHRISTIAN,"MAIDEN HOME","A Lacklusture Saga of a Moose And a Teacher who must Kill a Forensic Psychologist in A MySQL Convention",New,24
AKROYD,CHRISTIAN,"DIVIDE MONSTER","A Intrepid Saga of a Man And a Forensic Psychologist who must Reach a Squirrel in A Monastery",Sci-Fi,21
AKROYD,CHRISTIAN,"MOURNING PURPLE","A Lacklusture Display of a Waitress And a Lumberjack who must Chase a Pioneer in New Orleans",Sci-Fi,21
AKROYD,CHRISTIAN,"CHANCE RESURRECTION","A Astounding Story of a Forensic Psychologist And a Forensic Psychologist who must Overcome a Moose in Ancient China",Sports,27
AKROYD,CHRISTIAN,"DRIVER ANNIE","A Lacklusture Character Study of a Butler And a Car who must Redeem a Boat in An Abandoned Fun House",Sports,18
AKROYD,DEBBIE,"CLUB GRAFFITI","A Epic Tale of a Pioneer And a Hunter who must Escape a Girl in A U-Boat",Animation,19
AKROYD,DEBBIE,"SUNDANCE INVASION","A Epic Drama of a Lumberjack And a Explorer who must Confront a Hunter in A Baloon Factory",Children,19
AKROYD,DEBBIE,"GALAXY SWEETHEARTS","A Emotional Reflection of a Womanizer And a Pioneer who must Face a Squirrel in Berlin",Classics,18
AKROYD,DEBBIE,"SPIKING ELEMENT","A Lacklusture Epistle of a Dentist And a Technical Writer who must Find a Dog in A Monastery",Classics,13
AKROYD,DEBBIE,"FLINTSTONES HAPPINESS","A Fateful Story of a Husband And a Moose who must Vanquish a Boy in California",Comedy,17
AKROYD,DEBBIE,"HEDWIG ALTER","A Action-Packed Yarn of a Womanizer And a Lumberjack who must Chase a Sumo Wrestler in A Monastery",Comedy,12
AKROYD,DEBBIE,"OPPOSITE NECKLACE","A Fateful Epistle of a Crocodile And a Moose who must Kill a Explorer in Nigeria",Family,13
AKROYD,DEBBIE,"PRESIDENT BANG","A Fateful Panorama of a Technical Writer And a Moose who must Battle a Robot in Soviet Georgia",Family,7
AKROYD,DEBBIE,"HOUSE DYNAMITE","A Taut Story of a Pioneer And a Squirrel who must Battle a Student in Soviet Georgia",Family,23
AKROYD,DEBBIE,"PILOT HOOSIERS","A Awe-Inspiring Reflection of a Crocodile And a Sumo Wrestler who must Meet a Forensic Psychologist in An Abandoned Mine Shaft",Family,16
AKROYD,DEBBIE,"HALF OUTFIELD","A Epic Epistle of a Database Administrator And a Crocodile who must Face a Madman in A Jet Boat",Family,26
AKROYD,DEBBIE,"HOLIDAY GAMES","A Insightful Reflection of a Waitress And a Madman who must Pursue a Boy in Ancient Japan",Foreign,15
AKROYD,DEBBIE,"STEPMOM DREAM","A Touching Epistle of a Crocodile And a Teacher who must Build a Forensic Psychologist in A MySQL Convention",Foreign,20
AKROYD,DEBBIE,"GLORY TRACY","A Amazing Saga of a Woman And a Womanizer who must Discover a Cat in The First Manned Space Station",Games,5
AKROYD,DEBBIE,"FAMILY SWEET","A Epic Documentary of a Teacher And a Boy who must Escape a Woman in Berlin",Horror,29
AKROYD,DEBBIE,"WORLD LEATHERNECKS","A Unbelieveable Tale of a Pioneer And a Astronaut who must Overcome a Robot in An Abandoned Amusement Park",Horror,8
AKROYD,DEBBIE,"SONG HEDWIG","A Amazing Documentary of a Man And a Husband who must Confront a Squirrel in A MySQL Convention",Music,11
AKROYD,DEBBIE,"PIANIST OUTFIELD","A Intrepid Story of a Boy And a Technical Writer who must Pursue a Lumberjack in A Monastery",New,21
AKROYD,DEBBIE,"REDEMPTION COMFORTS","A Emotional Documentary of a Dentist And a Woman who must Battle a Mad Scientist in Ancient China",New,20
AKROYD,DEBBIE,"MONEY HAROLD","A Touching Tale of a Explorer And a Boat who must Defeat a Robot in Australia",New,20
AKROYD,DEBBIE,"RANDOM GO","A Fateful Drama of a Frisbee And a Student who must Confront a Cat in A Shark Tank",Sci-Fi,9
AKROYD,DEBBIE,"PEAK FOREVER","A Insightful Reflection of a Boat And a Secret Agent who must Vanquish a Astronaut in An Abandoned Mine Shaft",Sports,20
AKROYD,DEBBIE,"VICTORY ACADEMY","A Insightful Epistle of a Mad Scientist And a Explorer who must Challenge a Cat in The Sahara Desert",Sports,9
AKROYD,KIRSTEN,"SPEAKEASY DATE","A Lacklusture Drama of a Forensic Psychologist And a Car who must Redeem a Man in A Manhattan Penthouse",Action,12
AKROYD,KIRSTEN,"WORST BANGER","A Thrilling Drama of a Madman And a Dentist who must Conquer a Boy in The Outback",Action,16
AKROYD,KIRSTEN,"DEVIL DESIRE","A Beautiful Reflection of a Monkey And a Dentist who must Face a Database Administrator in Ancient Japan",Action,15
AKROYD,KIRSTEN,"STAGECOACH ARMAGEDDON","A Touching Display of a Pioneer And a Butler who must Chase a Car in California",Action,26
AKROYD,KIRSTEN,"MASSAGE IMAGE","A Fateful Drama of a Frisbee And a Crocodile who must Vanquish a Dog in The First Manned Space Station",Animation,12
AKROYD,KIRSTEN,"ISHTAR ROCKETEER","A Astounding Saga of a Dog And a Squirrel who must Conquer a Dog in An Abandoned Fun House",Animation,7
AKROYD,KIRSTEN,"TIES HUNGER","A Insightful Saga of a Astronaut And a Explorer who must Pursue a Mad Scientist in A U-Boat",Children,11
AKROYD,KIRSTEN,"MAKER GABLES","A Stunning Display of a Moose And a Database Administrator who must Pursue a Composer in A Jet Boat",Children,10
AKROYD,KIRSTEN,"MAGIC MALLRATS","A Touching Documentary of a Pastry Chef And a Pastry Chef who must Build a Mad Scientist in California",Children,7
AKROYD,KIRSTEN,"LABYRINTH LEAGUE","A Awe-Inspiring Saga of a Composer And a Frisbee who must Succumb a Pioneer in The Sahara Desert",Children,15
AKROYD,KIRSTEN,"LEAGUE HELLFIGHTERS","A Thoughtful Saga of a A Shark And a Monkey who must Outgun a Student in Ancient China",Classics,17
AKROYD,KIRSTEN,"MEMENTO ZOOLANDER","A Touching Epistle of a Squirrel And a Explorer who must Redeem a Pastry Chef in The Sahara Desert",Comedy,13
AKROYD,KIRSTEN,"HURRICANE AFFAIR","A Lacklusture Epistle of a Database Administrator And a Woman who must Meet a Hunter in An Abandoned Mine Shaft",Comedy,24
AKROYD,KIRSTEN,"PATHS CONTROL","A Astounding Documentary of a Butler And a Cat who must Find a Frisbee in Ancient China",Drama,10
AKROYD,KIRSTEN,"NECKLACE OUTBREAK","A Astounding Epistle of a Database Administrator And a Mad Scientist who must Pursue a Cat in California",Drama,15
AKROYD,KIRSTEN,"REUNION WITCHES","A Unbelieveable Documentary of a Database Administrator And a Frisbee who must Redeem a Mad Scientist in A Baloon Factory",Drama,20
AKROYD,KIRSTEN,"BRAVEHEART HUMAN","A Insightful Story of a Dog And a Pastry Chef who must Battle a Girl in Berlin",Family,5
AKROYD,KIRSTEN,"DANGEROUS UPTOWN","A Unbelieveable Story of a Mad Scientist And a Woman who must Overcome a Dog in California",Foreign,12
AKROYD,KIRSTEN,"USUAL UNTOUCHABLES","A Touching Display of a Explorer And a Lumberjack who must Fight a Forensic Psychologist in A Shark Tank",Foreign,13
AKROYD,KIRSTEN,"MADNESS ATTACKS","A Fanciful Tale of a Squirrel And a Boat who must Defeat a Crocodile in The Gulf of Mexico",Foreign,25
AKROYD,KIRSTEN,"BUGSY SONG","A Awe-Inspiring Character Study of a Secret Agent And a Boat who must Find a Squirrel in The First Manned Space Station",Foreign,11
AKROYD,KIRSTEN,"GRINCH MASSAGE","A Intrepid Display of a Madman And a Feminist who must Pursue a Pioneer in The First Manned Space Station",Games,14
AKROYD,KIRSTEN,"PRIVATE DROP","A Stunning Story of a Technical Writer And a Hunter who must Succumb a Secret Agent in A Baloon",Games,5
AKROYD,KIRSTEN,"HOURS RAGE","A Fateful Story of a Explorer And a Feminist who must Meet a Technical Writer in Soviet Georgia",New,19
AKROYD,KIRSTEN,"PLUTO OLEANDER","A Action-Packed Reflection of a Car And a Moose who must Outgun a Car in A Shark Tank",New,16
AKROYD,KIRSTEN,"BOULEVARD MOB","A Fateful Epistle of a Moose And a Monkey who must Confront a Lumberjack in Ancient China",New,18
AKROYD,KIRSTEN,"CHARADE DUFFEL","A Action-Packed Display of a Man And a Waitress who must Build a Dog in A MySQL Convention",Sci-Fi,15
AKROYD,KIRSTEN,"FRISCO FORREST","A Beautiful Documentary of a Woman And a Pioneer who must Pursue a Mad Scientist in A Shark Tank",Sci-Fi,9
AKROYD,KIRSTEN,"IMAGE PRINCESS","A Lacklusture Panorama of a Secret Agent And a Crocodile who must Discover a Madman in The Canadian Rockies",Sports,14
AKROYD,KIRSTEN,"MADIGAN DORADO","A Astounding Character Study of a A Shark And a A Shark who must Discover a Crocodile in The Outback",Travel,10
AKROYD,KIRSTEN,"CASABLANCA SUPER","A Amazing Panorama of a Crocodile And a Forensic Psychologist who must Pursue a Secret Agent in The First Manned Space Station",Travel,16
AKROYD,KIRSTEN,"BUCKET BROTHERHOOD","A Amazing Display of a Girl And a Womanizer who must Succumb a Lumberjack in A Baloon Factory",Travel,34
ALLEN,CUBA,"MAKER GABLES","A Stunning Display of a Moose And a Database Administrator who must Pursue a Composer in A Jet Boat",Children,10
ALLEN,CUBA,"ROBBERS JOON","A Thoughtful Story of a Mad Scientist And a Waitress who must Confront a Forensic Psychologist in Soviet Georgia",Children,31
ALLEN,CUBA,"STRANGELOVE DESIRE","A Awe-Inspiring Panorama of a Lumberjack And a Waitress who must Defeat a Crocodile in An Abandoned Amusement Park",Children,24
ALLEN,CUBA,"VELVET TERMINATOR","A Lacklusture Tale of a Pastry Chef And a Technical Writer who must Confront a Crocodile in An Abandoned Amusement Park",Comedy,26
ALLEN,CUBA,"SHIP WONDERLAND","A Thrilling Saga of a Monkey And a Frisbee who must Escape a Explorer in The Outback",Documentary,15
ALLEN,CUBA,"WEST LION","A Intrepid Drama of a Butler And a Lumberjack who must Challenge a Database Administrator in A Manhattan Penthouse",Drama,16
ALLEN,CUBA,"PRESIDENT BANG","A Fateful Panorama of a Technical Writer And a Moose who must Battle a Robot in Soviet Georgia",Family,7
ALLEN,CUBA,"KING EVOLUTION","A Action-Packed Tale of a Boy And a Lumberjack who must Chase a Madman in A Baloon",Family,9
ALLEN,CUBA,"HAPPINESS UNITED","A Action-Packed Panorama of a Husband And a Feminist who must Meet a Forensic Psychologist in Ancient Japan",Foreign,6
ALLEN,CUBA,"WAR NOTTING","A Boring Drama of a Teacher And a Sumo Wrestler who must Challenge a Secret Agent in The Canadian Rockies",Foreign,12
ALLEN,CUBA,"ORANGE GRAPES","A Astounding Documentary of a Butler And a Womanizer who must Face a Dog in A U-Boat",Foreign,24
ALLEN,CUBA,"FICTION CHRISTMAS","A Emotional Yarn of a A Shark And a Student who must Battle a Robot in An Abandoned Mine Shaft",Foreign,19
ALLEN,CUBA,"CHICAGO NORTH","A Fateful Yarn of a Mad Cow And a Waitress who must Battle a Student in California",Games,16
ALLEN,CUBA,"ARACHNOPHOBIA ROLLERCOASTER","A Action-Packed Reflection of a Pastry Chef And a Composer who must Discover a Mad Scientist in The First Manned Space Station",Horror,24
ALLEN,CUBA,"GROSSE WONDERFUL","A Epic Drama of a Cat And a Explorer who must Redeem a Moose in Australia",Music,8
ALLEN,CUBA,"MANNEQUIN WORST","A Astounding Saga of a Mad Cow And a Pastry Chef who must Discover a Husband in Ancient India",New,5
ALLEN,CUBA,"CHAPLIN LICENSE","A Boring Drama of a Dog And a Forensic Psychologist who must Outrace a Explorer in Ancient India",New,8
ALLEN,CUBA,"BADMAN DAWN","A Emotional Panorama of a Pioneer And a Composer who must Escape a Mad Scientist in A Jet Boat",Sci-Fi,21
ALLEN,CUBA,"CINCINATTI WHISPERER","A Brilliant Saga of a Pastry Chef And a Hunter who must Confront a Butler in Berlin",Sci-Fi,13
ALLEN,CUBA,"BARBARELLA STREETCAR","A Awe-Inspiring Story of a Feminist And a Cat who must Conquer a Dog in A Monastery",Sci-Fi,25
ALLEN,CUBA,"ARMAGEDDON LOST","A Fast-Paced Tale of a Boat And a Teacher who must Succumb a Composer in An Abandoned Mine Shaft",Sci-Fi,21
ALLEN,CUBA,"METROPOLIS COMA","A Emotional Saga of a Database Administrator And a Pastry Chef who must Confront a Teacher in A Baloon Factory",Sci-Fi,26
ALLEN,CUBA,"LESSON CLEOPATRA","A Emotional Display of a Man And a Explorer who must Build a Boy in A Manhattan Penthouse",Sports,7
ALLEN,CUBA,"PAPI NECKLACE","A Fanciful Display of a Car And a Monkey who must Escape a Squirrel in Ancient Japan",Travel,8
ALLEN,KIM,"RUGRATS SHAKESPEARE","A Touching Saga of a Crocodile And a Crocodile who must Discover a Technical Writer in Nigeria",Action,30
ALLEN,KIM,"PATRIOT ROMAN","A Taut Saga of a Robot And a Database Administrator who must Challenge a Astronaut in California",Action,16
ALLEN,KIM,"DOORS PRESIDENT","A Awe-Inspiring Display of a Squirrel And a Woman who must Overcome a Boy in The Gulf of Mexico",Animation,19
ALLEN,KIM,"WAIT CIDER","A Intrepid Epistle of a Woman And a Forensic Psychologist who must Succumb a Astronaut in A Manhattan Penthouse",Animation,21
ALLEN,KIM,"POTLUCK MIXED","A Beautiful Story of a Dog And a Technical Writer who must Outgun a Student in A Baloon",Animation,11
ALLEN,KIM,"HARPER DYING","A Awe-Inspiring Reflection of a Woman And a Cat who must Confront a Feminist in The Sahara Desert",Animation,20
ALLEN,KIM,"CLASH FREDDY","A Amazing Yarn of a Composer And a Squirrel who must Escape a Astronaut in Australia",Animation,25
ALLEN,KIM,"HEARTBREAKERS BRIGHT","A Awe-Inspiring Documentary of a A Shark And a Dentist who must Outrace a Pastry Chef in The Canadian Rockies",Children,20
ALLEN,KIM,"JINGLE SAGEBRUSH","A Epic Character Study of a Feminist And a Student who must Meet a Woman in A Baloon",Classics,13
ALLEN,KIM,"NOTORIOUS REUNION","A Amazing Epistle of a Woman And a Squirrel who must Fight a Hunter in A Baloon",Documentary,14
ALLEN,KIM,"INDEPENDENCE HOTEL","A Thrilling Tale of a Technical Writer And a Boy who must Face a Pioneer in A Monastery",Documentary,19
ALLEN,KIM,"UNFAITHFUL KILL","A Taut Documentary of a Waitress And a Mad Scientist who must Battle a Technical Writer in New Orleans",Drama,8
ALLEN,KIM,"SOUP WISDOM","A Fast-Paced Display of a Robot And a Butler who must Defeat a Butler in A MySQL Convention",Family,8
ALLEN,KIM,"ORANGE GRAPES","A Astounding Documentary of a Butler And a Womanizer who must Face a Dog in A U-Boat",Foreign,24
ALLEN,KIM,"PAST SUICIDES","A Intrepid Tale of a Madman And a Astronaut who must Challenge a Hunter in A Monastery",Foreign,13
ALLEN,KIM,"RESERVOIR ADAPTATION","A Intrepid Drama of a Teacher And a Moose who must Kill a Car in California",Foreign,10
ALLEN,KIM,"KARATE MOON","A Astounding Yarn of a Womanizer And a Dog who must Reach a Waitress in A MySQL Convention",Horror,23
ALLEN,KIM,"JAPANESE RUN","A Awe-Inspiring Epistle of a Feminist And a Girl who must Sink a Girl in The Outback",Horror,6
ALLEN,KIM,"LOLA AGENT","A Astounding Tale of a Mad Scientist And a Husband who must Redeem a Database Administrator in Ancient Japan",Horror,24
ALLEN,KIM,"MONSTER SPARTACUS","A Fast-Paced Story of a Waitress And a Cat who must Fight a Girl in Australia",Music,15
ALLEN,KIM,"CLEOPATRA DEVIL","A Fanciful Documentary of a Crocodile And a Technical Writer who must Fight a A Shark in A Baloon",New,18
ALLEN,KIM,"BUTTERFLY CHOCOLAT","A Fateful Story of a Girl And a Composer who must Conquer a Husband in A Shark Tank",New,30
ALLEN,KIM,"TITANS JERK","A Unbelieveable Panorama of a Feminist And a Sumo Wrestler who must Challenge a Technical Writer in Ancient China",Sci-Fi,29
ALLEN,KIM,"ARMAGEDDON LOST","A Fast-Paced Tale of a Boat And a Teacher who must Succumb a Composer in An Abandoned Mine Shaft",Sci-Fi,21
ALLEN,KIM,"NONE SPIKING","A Boring Reflection of a Secret Agent And a Astronaut who must Face a Composer in A Manhattan Penthouse",Sci-Fi,27
ALLEN,KIM,"CARIBBEAN LIBERTY","A Fanciful Tale of a Pioneer And a Technical Writer who must Outgun a Pioneer in A Shark Tank",Sports,9
ALLEN,KIM,"EXORCIST STING","A Touching Drama of a Dog And a Sumo Wrestler who must Conquer a Mad Scientist in Berlin",Sports,13
ALLEN,MERYL,"BERETS AGENT","A Taut Saga of a Crocodile And a Boy who must Overcome a Technical Writer in Ancient China",Action,21
ALLEN,MERYL,"SHEPHERD MIDSUMMER","A Thoughtful Drama of a Robot And a Womanizer who must Kill a Lumberjack in A Baloon",Children,25
ALLEN,MERYL,"VELVET TERMINATOR","A Lacklusture Tale of a Pastry Chef And a Technical Writer who must Confront a Crocodile in An Abandoned Amusement Park",Comedy,26
ALLEN,MERYL,"BRIGHT ENCOUNTERS","A Fateful Yarn of a Lumberjack And a Feminist who must Conquer a Student in A Jet Boat",Drama,13
ALLEN,MERYL,"KILLER INNOCENT","A Fanciful Character Study of a Student And a Explorer who must Succumb a Composer in An Abandoned Mine Shaft",Family,6
ALLEN,MERYL,"ROCKETEER MOTHER","A Awe-Inspiring Character Study of a Robot And a Sumo Wrestler who must Discover a Womanizer in A Shark Tank",Foreign,33
ALLEN,MERYL,"LOSE INCH","A Stunning Reflection of a Student And a Technical Writer who must Battle a Butler in The First Manned Space Station",Foreign,27
ALLEN,MERYL,"JET NEIGHBORS","A Amazing Display of a Lumberjack And a Teacher who must Outrace a Woman in A U-Boat",Foreign,20
ALLEN,MERYL,"DIRTY ACE","A Action-Packed Character Study of a Forensic Psychologist And a Girl who must Build a Dentist in The Outback",Games,15
ALLEN,MERYL,"GATHERING CALENDAR","A Intrepid Tale of a Pioneer And a Moose who must Conquer a Frisbee in A MySQL Convention",Games,11
ALLEN,MERYL,"DAWN POND","A Thoughtful Documentary of a Dentist And a Forensic Psychologist who must Defeat a Waitress in Berlin",Games,18
ALLEN,MERYL,"HIGH ENCINO","A Fateful Saga of a Waitress And a Hunter who must Outrace a Sumo Wrestler in Australia",Horror,22
ALLEN,MERYL,"ALABAMA DEVIL","A Thoughtful Panorama of a Database Administrator And a Mad Scientist who must Outgun a Mad Scientist in A Jet Boat",Horror,12
ALLEN,MERYL,"BOOGIE AMELIE","A Lacklusture Character Study of a Husband And a Sumo Wrestler who must Succumb a Technical Writer in The Gulf of Mexico",Music,29
ALLEN,MERYL,"CLUE GRAIL","A Taut Tale of a Butler And a Mad Scientist who must Build a Crocodile in Ancient China",Music,7
ALLEN,MERYL,"CLYDE THEORY","A Beautiful Yarn of a Astronaut And a Frisbee who must Overcome a Explorer in A Jet Boat",New,8
ALLEN,MERYL,"CHANCE RESURRECTION","A Astounding Story of a Forensic Psychologist And a Forensic Psychologist who must Overcome a Moose in Ancient China",Sports,27
ALLEN,MERYL,"RECORDS ZORRO","A Amazing Drama of a Mad Scientist And a Composer who must Build a Husband in The Outback",Sports,8
ALLEN,MERYL,"ARTIST COLDBLOODED","A Stunning Reflection of a Robot And a Moose who must Challenge a Woman in California",Sports,16
ALLEN,MERYL,"VICTORY ACADEMY","A Insightful Epistle of a Mad Scientist And a Explorer who must Challenge a Cat in The Sahara Desert",Sports,9
ALLEN,MERYL,"BORN SPINAL","A Touching Epistle of a Frisbee And a Husband who must Pursue a Student in Nigeria",Travel,12
ALLEN,MERYL,"SWEET BROTHERHOOD","A Unbelieveable Epistle of a Sumo Wrestler And a Hunter who must Chase a Forensic Psychologist in A Baloon",Travel,15
ASTAIRE,ANGELINA,"STORY SIDE","A Lacklusture Saga of a Boy And a Cat who must Sink a Dentist in An Abandoned Mine Shaft",Action,28
ASTAIRE,ANGELINA,"INTENTIONS EMPIRE","A Astounding Epistle of a Cat And a Cat who must Conquer a Mad Cow in A U-Boat",Animation,17
ASTAIRE,ANGELINA,"DESIRE ALIEN","A Fast-Paced Tale of a Dog And a Forensic Psychologist who must Meet a Astronaut in The First Manned Space Station",Animation,8
ASTAIRE,ANGELINA,"BETRAYED REAR","A Emotional Character Study of a Boat And a Pioneer who must Find a Explorer in A Shark Tank",Children,15
ASTAIRE,ANGELINA,"BENEATH RUSH","A Astounding Panorama of a Man And a Monkey who must Discover a Man in The First Manned Space Station",Children,10
ASTAIRE,ANGELINA,"BEAST HUNCHBACK","A Awe-Inspiring Epistle of a Student And a Squirrel who must Defeat a Boy in Ancient China",Classics,11
ASTAIRE,ANGELINA,"SUMMER SCARFACE","A Emotional Panorama of a Lumberjack And a Hunter who must Meet a Girl in A Shark Tank",Classics,16
ASTAIRE,ANGELINA,"MULAN MOON","A Emotional Saga of a Womanizer And a Pioneer who must Overcome a Dentist in A Baloon",Comedy,13
ASTAIRE,ANGELINA,"SATURN NAME","A Fateful Epistle of a Butler And a Boy who must Redeem a Teacher in Berlin",Comedy,13
ASTAIRE,ANGELINA,"MEMENTO ZOOLANDER","A Touching Epistle of a Squirrel And a Explorer who must Redeem a Pastry Chef in The Sahara Desert",Comedy,13
ASTAIRE,ANGELINA,"HUSTLER PARTY","A Emotional Reflection of a Sumo Wrestler And a Monkey who must Conquer a Robot in The Sahara Desert",Comedy,22
ASTAIRE,ANGELINA,"PACIFIC AMISTAD","A Thrilling Yarn of a Dog And a Moose who must Kill a Pastry Chef in A Manhattan Penthouse",Documentary,24
ASTAIRE,ANGELINA,"RACER EGG","A Emotional Display of a Monkey And a Waitress who must Reach a Secret Agent in California",Drama,18
ASTAIRE,ANGELINA,"WARDROBE PHANTOM","A Action-Packed Display of a Mad Cow And a Astronaut who must Kill a Car in Ancient India",Drama,27
ASTAIRE,ANGELINA,"SUNSET RACER","A Awe-Inspiring Reflection of a Astronaut And a A Shark who must Defeat a Forensic Psychologist in California",Family,8
ASTAIRE,ANGELINA,"KILLER INNOCENT","A Fanciful Character Study of a Student And a Explorer who must Succumb a Composer in An Abandoned Mine Shaft",Family,6
ASTAIRE,ANGELINA,"GANDHI KWAI","A Thoughtful Display of a Mad Scientist And a Secret Agent who must Chase a Boat in Berlin",Family,17
ASTAIRE,ANGELINA,"SEVEN SWARM","A Unbelieveable Character Study of a Dog And a Mad Cow who must Kill a Monkey in Berlin",Games,5
ASTAIRE,ANGELINA,"SWARM GOLD","A Insightful Panorama of a Crocodile And a Boat who must Conquer a Sumo Wrestler in A MySQL Convention",Horror,27
ASTAIRE,ANGELINA,"CARRIE BUNCH","A Amazing Epistle of a Student And a Astronaut who must Discover a Frisbee in The Canadian Rockies",Horror,23
ASTAIRE,ANGELINA,"VANISHED GARDEN","A Intrepid Character Study of a Squirrel And a A Shark who must Kill a Lumberjack in California",New,7
ASTAIRE,ANGELINA,"SAMURAI LION","A Fast-Paced Story of a Pioneer And a Astronaut who must Reach a Boat in A Baloon",New,25
ASTAIRE,ANGELINA,"DRAGONFLY STRANGERS","A Boring Documentary of a Pioneer And a Man who must Vanquish a Man in Nigeria",New,18
ASTAIRE,ANGELINA,"BREAKFAST GOLDFINGER","A Beautiful Reflection of a Student And a Student who must Fight a Moose in Berlin",New,17
ASTAIRE,ANGELINA,"DISTURBING SCARFACE","A Lacklusture Display of a Crocodile And a Butler who must Overcome a Monkey in A U-Boat",Sci-Fi,26
ASTAIRE,ANGELINA,"TROJAN TOMORROW","A Astounding Panorama of a Husband And a Sumo Wrestler who must Pursue a Boat in Ancient India",Sci-Fi,19
ASTAIRE,ANGELINA,"CRANES RESERVOIR","A Fanciful Documentary of a Teacher And a Dog who must Outgun a Forensic Psychologist in A Baloon Factory",Sports,11
ASTAIRE,ANGELINA,"JADE BUNCH","A Insightful Panorama of a Squirrel And a Mad Cow who must Confront a Student in The First Manned Space Station",Sports,18
ASTAIRE,ANGELINA,"MUMMY CREATURES","A Fateful Character Study of a Crocodile And a Monkey who must Meet a Dentist in Australia",Sports,16
ASTAIRE,ANGELINA,"OUTLAW HANKY","A Thoughtful Story of a Astronaut And a Composer who must Conquer a Dog in The Sahara Desert",Travel,14
BACALL,RUSSELL,"SUSPECTS QUILLS","A Emotional Epistle of a Pioneer And a Crocodile who must Battle a Man in A Manhattan Penthouse",Action,30
BACALL,RUSSELL,"SUNRISE LEAGUE","A Beautiful Epistle of a Madman And a Butler who must Face a Crocodile in A Manhattan Penthouse",Animation,24
BACALL,RUSSELL,"IDOLS SNATCHERS","A Insightful Drama of a Car And a Composer who must Fight a Man in A Monastery",Children,30
BACALL,RUSSELL,"ARIZONA BANG","A Brilliant Panorama of a Mad Scientist And a Mad Cow who must Meet a Pioneer in A Monastery",Classics,21
BACALL,RUSSELL,"CRAZY HOME","A Fanciful Panorama of a Boy And a Woman who must Vanquish a Database Administrator in The Outback",Comedy,9
BACALL,RUSSELL,"HURRICANE AFFAIR","A Lacklusture Epistle of a Database Administrator And a Woman who must Meet a Hunter in An Abandoned Mine Shaft",Comedy,24
BACALL,RUSSELL,"REUNION WITCHES","A Unbelieveable Documentary of a Database Administrator And a Frisbee who must Redeem a Mad Scientist in A Baloon Factory",Drama,20
BACALL,RUSSELL,"SEA VIRGIN","A Fast-Paced Documentary of a Technical Writer And a Pastry Chef who must Escape a Moose in A U-Boat",Drama,22
BACALL,RUSSELL,"CONFESSIONS MAGUIRE","A Insightful Story of a Car And a Boy who must Battle a Technical Writer in A Baloon",Drama,14
BACALL,RUSSELL,"PAYCHECK WAIT","A Awe-Inspiring Reflection of a Boy And a Man who must Discover a Moose in The Sahara Desert",Drama,16
BACALL,RUSSELL,"DINOSAUR SECRETARY","A Action-Packed Drama of a Feminist And a Girl who must Reach a Robot in The Canadian Rockies",Family,20
BACALL,RUSSELL,"PRIX UNDEFEATED","A Stunning Saga of a Mad Scientist And a Boat who must Overcome a Dentist in Ancient China",Family,11
BACALL,RUSSELL,"MOVIE SHAKESPEARE","A Insightful Display of a Database Administrator And a Student who must Build a Hunter in Berlin",Family,27
BACALL,RUSSELL,"SPINAL ROCKY","A Lacklusture Epistle of a Sumo Wrestler And a Squirrel who must Defeat a Explorer in California",Family,13
BACALL,RUSSELL,"MATRIX SNOWMAN","A Action-Packed Saga of a Womanizer And a Woman who must Overcome a Student in California",Foreign,9
BACALL,RUSSELL,"PANKY SUBMARINE","A Touching Documentary of a Dentist And a Sumo Wrestler who must Overcome a Boy in The Gulf of Mexico",Games,15
BACALL,RUSSELL,"ARABIA DOGMA","A Touching Epistle of a Madman And a Mad Cow who must Defeat a Student in Nigeria",Horror,13
BACALL,RUSSELL,"STREETCAR INTENTIONS","A Insightful Character Study of a Waitress And a Crocodile who must Sink a Waitress in The Gulf of Mexico",Horror,25
BACALL,RUSSELL,"FIDDLER LOST","A Boring Tale of a Squirrel And a Dog who must Challenge a Madman in The Gulf of Mexico",Sci-Fi,10
BACALL,RUSSELL,"CINCINATTI WHISPERER","A Brilliant Saga of a Pastry Chef And a Hunter who must Confront a Butler in Berlin",Sci-Fi,13
BACALL,RUSSELL,"SOLDIERS EVOLUTION","A Lacklusture Panorama of a A Shark And a Pioneer who must Confront a Student in The First Manned Space Station",Sci-Fi,8
BACALL,RUSSELL,"MUMMY CREATURES","A Fateful Character Study of a Crocodile And a Monkey who must Meet a Dentist in Australia",Sports,16
BACALL,RUSSELL,"SIERRA DIVIDE","A Emotional Character Study of a Frisbee And a Mad Scientist who must Build a Madman in California",Sports,15
BACALL,RUSSELL,"FLATLINERS KILLER","A Taut Display of a Secret Agent And a Waitress who must Sink a Robot in An Abandoned Mine Shaft",Sports,22
BACALL,RUSSELL,"WORKER TARZAN","A Action-Packed Yarn of a Secret Agent And a Technical Writer who must Battle a Sumo Wrestler in The First Manned Space Station",Travel,15
BAILEY,AUDREY,"DRIFTER COMMANDMENTS","A Epic Reflection of a Womanizer And a Squirrel who must Discover a Husband in A Jet Boat",Action,24
BAILEY,AUDREY,"MAGNOLIA FORRESTER","A Thoughtful Documentary of a Composer And a Explorer who must Conquer a Dentist in New Orleans",Action,11
BAILEY,AUDREY,"POTTER CONNECTICUT","A Thrilling Epistle of a Frisbee And a Cat who must Fight a Technical Writer in Berlin",Animation,17
BAILEY,AUDREY,"WARLOCK WEREWOLF","A Astounding Yarn of a Pioneer And a Crocodile who must Defeat a A Shark in The Outback",Children,6
BAILEY,AUDREY,"BED HIGHBALL","A Astounding Panorama of a Lumberjack And a Dog who must Redeem a Woman in An Abandoned Fun House",Documentary,6
BAILEY,AUDREY,"QUILLS BULL","A Thoughtful Story of a Pioneer And a Woman who must Reach a Moose in Australia",Documentary,16
BAILEY,AUDREY,"CONFESSIONS MAGUIRE","A Insightful Story of a Car And a Boy who must Battle a Technical Writer in A Baloon",Drama,14
BAILEY,AUDREY,"PILOT HOOSIERS","A Awe-Inspiring Reflection of a Crocodile And a Sumo Wrestler who must Meet a Forensic Psychologist in An Abandoned Mine Shaft",Family,16
BAILEY,AUDREY,"PITTSBURGH HUNCHBACK","A Thrilling Epistle of a Boy And a Boat who must Find a Student in Soviet Georgia",Family,12
BAILEY,AUDREY,"PRESIDENT BANG","A Fateful Panorama of a Technical Writer And a Moose who must Battle a Robot in Soviet Georgia",Family,7
BAILEY,AUDREY,"NEWTON LABYRINTH","A Intrepid Character Study of a Moose And a Waitress who must Find a A Shark in Ancient India",Foreign,17
BAILEY,AUDREY,"PURPLE MOVIE","A Boring Display of a Pastry Chef And a Sumo Wrestler who must Discover a Frisbee in An Abandoned Amusement Park",Foreign,13
BAILEY,AUDREY,"FEVER EMPIRE","A Insightful Panorama of a Cat And a Boat who must Defeat a Boat in The Gulf of Mexico",Games,5
BAILEY,AUDREY,"ELF MURDER","A Action-Packed Story of a Frisbee And a Woman who must Reach a Girl in An Abandoned Mine Shaft",Music,7
BAILEY,AUDREY,"BANGER PINOCCHIO","A Awe-Inspiring Drama of a Car And a Pastry Chef who must Chase a Crocodile in The First Manned Space Station",Music,22
BAILEY,AUDREY,"HEAVENLY GUN","A Beautiful Yarn of a Forensic Psychologist And a Frisbee who must Battle a Moose in A Jet Boat",Music,7
BAILEY,AUDREY,"HOME PITY","A Touching Panorama of a Man And a Secret Agent who must Challenge a Teacher in A MySQL Convention",Music,14
BAILEY,AUDREY,"MASKED BUBBLE","A Fanciful Documentary of a Pioneer And a Boat who must Pursue a Pioneer in An Abandoned Mine Shaft",Music,20
BAILEY,AUDREY,"SLEEPY JAPANESE","A Emotional Epistle of a Moose And a Composer who must Fight a Technical Writer in The Outback",New,21
BAILEY,AUDREY,"GRAFFITI LOVE","A Unbelieveable Epistle of a Sumo Wrestler And a Hunter who must Build a Composer in Berlin",Sci-Fi,30
BAILEY,AUDREY,"DISTURBING SCARFACE","A Lacklusture Display of a Crocodile And a Butler who must Overcome a Monkey in A U-Boat",Sci-Fi,26
BAILEY,AUDREY,"MUMMY CREATURES","A Fateful Character Study of a Crocodile And a Monkey who must Meet a Dentist in Australia",Sports,16
BAILEY,AUDREY,"ITALIAN AFRICAN","A Astounding Character Study of a Monkey And a Moose who must Outgun a Cat in A U-Boat",Travel,6
BAILEY,JESSICA,"TRUMAN CRAZY","A Thrilling Epistle of a Moose And a Boy who must Meet a Database Administrator in A Monastery",Action,23
BAILEY,JESSICA,"BERETS AGENT","A Taut Saga of a Crocodile And a Boy who must Overcome a Technical Writer in Ancient China",Action,21
BAILEY,JESSICA,"LEAGUE HELLFIGHTERS","A Thoughtful Saga of a A Shark And a Monkey who must Outgun a Student in Ancient China",Classics,17
BAILEY,JESSICA,"REQUIEM TYCOON","A Unbelieveable Character Study of a Cat And a Database Administrator who must Pursue a Teacher in A Monastery",Classics,19
BAILEY,JESSICA,"RIGHT CRANES","A Fateful Character Study of a Boat And a Cat who must Find a Database Administrator in A Jet Boat",Classics,10
BAILEY,JESSICA,"DOOM DANCING","A Astounding Panorama of a Car And a Mad Scientist who must Battle a Lumberjack in A MySQL Convention",Comedy,21
BAILEY,JESSICA,"MIGHTY LUCK","A Astounding Epistle of a Mad Scientist And a Pioneer who must Escape a Database Administrator in A MySQL Convention",Documentary,12
BAILEY,JESSICA,"VIRGINIAN PLUTO","A Emotional Panorama of a Dentist And a Crocodile who must Meet a Boy in Berlin",Documentary,29
BAILEY,JESSICA,"SAVANNAH TOWN","A Awe-Inspiring Tale of a Astronaut And a Database Administrator who must Chase a Secret Agent in The Gulf of Mexico",Drama,12
BAILEY,JESSICA,"RESERVOIR ADAPTATION","A Intrepid Drama of a Teacher And a Moose who must Kill a Car in California",Foreign,10
BAILEY,JESSICA,"HEAD STRANGER","A Thoughtful Saga of a Hunter And a Crocodile who must Confront a Dog in The Gulf of Mexico",Games,22
BAILEY,JESSICA,"SUIT WALLS","A Touching Panorama of a Lumberjack And a Frisbee who must Build a Dog in Australia",Games,21
BAILEY,JESSICA,"ANALYZE HOOSIERS","A Thoughtful Display of a Explorer And a Pastry Chef who must Overcome a Feminist in The Sahara Desert",Horror,14
BAILEY,JESSICA,"SWARM GOLD","A Insightful Panorama of a Crocodile And a Boat who must Conquer a Sumo Wrestler in A MySQL Convention",Horror,27
BAILEY,JESSICA,"DORADO NOTTING","A Action-Packed Tale of a Sumo Wrestler And a A Shark who must Meet a Frisbee in California",Music,27
BAILEY,JESSICA,"JAWBREAKER BROOKLYN","A Stunning Reflection of a Boat And a Pastry Chef who must Succumb a A Shark in A Jet Boat",Music,10
BAILEY,JESSICA,"WHISPERER GIANT","A Intrepid Story of a Dentist And a Hunter who must Confront a Monkey in Ancient Japan",Sci-Fi,22
BAILEY,JESSICA,"DROP WATERFRONT","A Fanciful Documentary of a Husband And a Explorer who must Reach a Madman in Ancient China",Sports,9
BAILEY,JESSICA,"WOLVES DESIRE","A Fast-Paced Drama of a Squirrel And a Robot who must Succumb a Technical Writer in A Manhattan Penthouse",Travel,21
BAILEY,JESSICA,"MOULIN WAKE","A Astounding Story of a Forensic Psychologist And a Cat who must Battle a Teacher in An Abandoned Mine Shaft",Travel,16
BAILEY,JESSICA,"KICK SAVANNAH","A Emotional Drama of a Monkey And a Robot who must Defeat a Monkey in New Orleans",Travel,20
BAILEY,JESSICA,"BASIC EASY","A Stunning Epistle of a Man And a Husband who must Reach a Mad Scientist in A Jet Boat",Travel,21
BALE,HARRISON,"THIEF PELICAN","A Touching Documentary of a Madman And a Mad Scientist who must Outrace a Feminist in An Abandoned Mine Shaft",Animation,19
BALE,HARRISON,"NASH CHOCOLAT","A Epic Reflection of a Monkey And a Mad Cow who must Kill a Forensic Psychologist in An Abandoned Mine Shaft",Animation,15
BALE,HARRISON,"DOUBLE WRATH","A Thoughtful Yarn of a Womanizer And a Dog who must Challenge a Madman in The Gulf of Mexico",Animation,25
BALE,HARRISON,"PUNK DIVORCE","A Fast-Paced Tale of a Pastry Chef And a Boat who must Face a Frisbee in The Canadian Rockies",Animation,8
BALE,HARRISON,"RUSHMORE MERMAID","A Boring Story of a Woman And a Moose who must Reach a Husband in A Shark Tank",Comedy,6
BALE,HARRISON,"WAGON JAWS","A Intrepid Drama of a Moose And a Boat who must Kill a Explorer in A Manhattan Penthouse",Documentary,10
BALE,HARRISON,"WEDDING APOLLO","A Action-Packed Tale of a Student And a Waitress who must Conquer a Lumberjack in An Abandoned Mine Shaft",Documentary,24
BALE,HARRISON,"GREEDY ROOTS","A Amazing Reflection of a A Shark And a Butler who must Chase a Hunter in The Canadian Rockies",Drama,14
BALE,HARRISON,"HALF OUTFIELD","A Epic Epistle of a Database Administrator And a Crocodile who must Face a Madman in A Jet Boat",Family,26
BALE,HARRISON,"HOMICIDE PEACH","A Astounding Documentary of a Hunter And a Boy who must Confront a Boy in A MySQL Convention",Family,22
BALE,HARRISON,"LOSE INCH","A Stunning Reflection of a Student And a Technical Writer who must Battle a Butler in The First Manned Space Station",Foreign,27
BALE,HARRISON,"DOUBTFIRE LABYRINTH","A Intrepid Panorama of a Butler And a Composer who must Meet a Mad Cow in The Sahara Desert",Foreign,10
BALE,HARRISON,"PAST SUICIDES","A Intrepid Tale of a Madman And a Astronaut who must Challenge a Hunter in A Monastery",Foreign,13
BALE,HARRISON,"BALLROOM MOCKINGBIRD","A Thrilling Documentary of a Composer And a Monkey who must Find a Feminist in California",Foreign,8
BALE,HARRISON,"FANTASIA PARK","A Thoughtful Documentary of a Mad Scientist And a A Shark who must Outrace a Feminist in Australia",Games,19
BALE,HARRISON,"ROLLERCOASTER BRINGING","A Beautiful Drama of a Robot And a Lumberjack who must Discover a Technical Writer in A Shark Tank",Horror,10
BALE,HARRISON,"ELEPHANT TROJAN","A Beautiful Panorama of a Lumberjack And a Forensic Psychologist who must Overcome a Frisbee in A Baloon",Horror,14
BALE,HARRISON,"LADY STAGE","A Beautiful Character Study of a Woman And a Man who must Pursue a Explorer in A U-Boat",Horror,17
BALE,HARRISON,"STING PERSONAL","A Fanciful Drama of a Frisbee And a Dog who must Fight a Madman in A Jet Boat",New,21
BALE,HARRISON,"PLUTO OLEANDER","A Action-Packed Reflection of a Car And a Moose who must Outgun a Car in A Shark Tank",New,16
BALE,HARRISON,"WYOMING STORM","A Awe-Inspiring Panorama of a Robot And a Boat who must Overcome a Feminist in A U-Boat",New,13
BALE,HARRISON,"BADMAN DAWN","A Emotional Panorama of a Pioneer And a Composer who must Escape a Mad Scientist in A Jet Boat",Sci-Fi,21
BALE,HARRISON,"RANDOM GO","A Fateful Drama of a Frisbee And a Student who must Confront a Cat in A Shark Tank",Sci-Fi,9
BALE,HARRISON,"WONDERLAND CHRISTMAS","A Awe-Inspiring Character Study of a Waitress And a Car who must Pursue a Mad Scientist in The First Manned Space Station",Sci-Fi,22
BALE,HARRISON,"GROOVE FICTION","A Unbelieveable Reflection of a Moose And a A Shark who must Defeat a Lumberjack in An Abandoned Mine Shaft",Sports,18
BALL,RENEE,"ANTITRUST TOMATOES","A Fateful Yarn of a Womanizer And a Feminist who must Succumb a Database Administrator in Ancient India",Action,10
BALL,RENEE,"HILLS NEIGHBORS","A Epic Display of a Hunter And a Feminist who must Sink a Car in A U-Boat",Action,25
BALL,RENEE,"PATRIOT ROMAN","A Taut Saga of a Robot And a Database Administrator who must Challenge a Astronaut in California",Action,16
BALL,RENEE,"CABIN FLASH","A Stunning Epistle of a Boat And a Man who must Challenge a A Shark in A Baloon Factory",Children,15
BALL,RENEE,"COMANCHEROS ENEMY","A Boring Saga of a Lumberjack And a Monkey who must Find a Monkey in The Gulf of Mexico",Children,6
BALL,RENEE,"SCARFACE BANG","A Emotional Yarn of a Teacher And a Girl who must Find a Teacher in A Baloon Factory",Children,18
BALL,RENEE,"GHOST GROUNDHOG","A Brilliant Panorama of a Madman And a Composer who must Succumb a Car in Ancient India",Children,21
BALL,RENEE,"MAGNIFICENT CHITTY","A Insightful Story of a Teacher And a Hunter who must Face a Mad Cow in California",Classics,8
BALL,RENEE,"EXTRAORDINARY CONQUERER","A Stunning Story of a Dog And a Feminist who must Face a Forensic Psychologist in Berlin",Classics,6
BALL,RENEE,"TRAMP OTHERS","A Brilliant Display of a Composer And a Cat who must Succumb a A Shark in Ancient India",Comedy,20
BALL,RENEE,"CAT CONEHEADS","A Fast-Paced Panorama of a Girl And a A Shark who must Confront a Boy in Ancient India",Comedy,30
BALL,RENEE,"HUNTER ALTER","A Emotional Drama of a Mad Cow And a Boat who must Redeem a Secret Agent in A Shark Tank",Documentary,5
BALL,RENEE,"BRIGHT ENCOUNTERS","A Fateful Yarn of a Lumberjack And a Feminist who must Conquer a Student in A Jet Boat",Drama,13
BALL,RENEE,"GREEDY ROOTS","A Amazing Reflection of a A Shark And a Butler who must Chase a Hunter in The Canadian Rockies",Drama,14
BALL,RENEE,"UNFAITHFUL KILL","A Taut Documentary of a Waitress And a Mad Scientist who must Battle a Technical Writer in New Orleans",Drama,8
BALL,RENEE,"KING EVOLUTION","A Action-Packed Tale of a Boy And a Lumberjack who must Chase a Madman in A Baloon",Family,9
BALL,RENEE,"NATURAL STOCK","A Fast-Paced Story of a Sumo Wrestler And a Girl who must Defeat a Car in A Baloon Factory",Family,13
BALL,RENEE,"HOTEL HAPPINESS","A Thrilling Yarn of a Pastry Chef And a A Shark who must Challenge a Mad Scientist in The Outback",Foreign,9
BALL,RENEE,"WIND PHANTOM","A Touching Saga of a Madman And a Forensic Psychologist who must Build a Sumo Wrestler in An Abandoned Mine Shaft",Games,23
BALL,RENEE,"DESERT POSEIDON","A Brilliant Documentary of a Butler And a Frisbee who must Build a Astronaut in New Orleans",Horror,19
BALL,RENEE,"BIRDCAGE CASPER","A Fast-Paced Saga of a Frisbee And a Astronaut who must Overcome a Feminist in Ancient India",Music,9
BALL,RENEE,"BALLOON HOMEWARD","A Insightful Panorama of a Forensic Psychologist And a Mad Cow who must Build a Mad Scientist in The First Manned Space Station",Music,23
BALL,RENEE,"ALONE TRIP","A Fast-Paced Character Study of a Composer And a Dog who must Outgun a Boat in An Abandoned Fun House",Music,18
BALL,RENEE,"MASK PEACH","A Boring Character Study of a Student And a Robot who must Meet a Woman in California",New,17
BALL,RENEE,"LOVERBOY ATTACKS","A Boring Story of a Car And a Butler who must Build a Girl in Soviet Georgia",New,12
BALL,RENEE,"ANGELS LIFE","A Thoughtful Display of a Woman And a Astronaut who must Battle a Robot in Berlin",New,22
BALL,RENEE,"BINGO TALENTED","A Touching Tale of a Girl And a Crocodile who must Discover a Waitress in Nigeria",Sci-Fi,29
BALL,RENEE,"NONE SPIKING","A Boring Reflection of a Secret Agent And a Astronaut who must Face a Composer in A Manhattan Penthouse",Sci-Fi,27
BALL,RENEE,"SENSE GREEK","A Taut Saga of a Lumberjack And a Pastry Chef who must Escape a Sumo Wrestler in An Abandoned Fun House",Sports,7
BALL,RENEE,"JADE BUNCH","A Insightful Panorama of a Squirrel And a Mad Cow who must Confront a Student in The First Manned Space Station",Sports,18
BALL,RENEE,"TROUBLE DATE","A Lacklusture Panorama of a Forensic Psychologist And a Woman who must Kill a Explorer in Ancient Japan",Travel,23
BALL,RENEE,"DESPERATE TRAINSPOTTING","A Epic Yarn of a Forensic Psychologist And a Teacher who must Face a Lumberjack in California",Travel,6
BARRYMORE,JULIA,"BERETS AGENT","A Taut Saga of a Crocodile And a Boy who must Overcome a Technical Writer in Ancient China",Action,21
BARRYMORE,JULIA,"JERK PAYCHECK","A Touching Character Study of a Pastry Chef And a Database Administrator who must Reach a A Shark in Ancient Japan",Classics,20
BARRYMORE,JULIA,"GROUNDHOG UNCUT","A Brilliant Panorama of a Astronaut And a Technical Writer who must Discover a Butler in A Manhattan Penthouse",Comedy,18
BARRYMORE,JULIA,"WIFE TURN","A Awe-Inspiring Epistle of a Teacher And a Feminist who must Confront a Pioneer in Ancient Japan",Documentary,31
BARRYMORE,JULIA,"ROAD ROXANNE","A Boring Character Study of a Waitress And a Astronaut who must Fight a Crocodile in Ancient Japan",Documentary,19
BARRYMORE,JULIA,"MIGHTY LUCK","A Astounding Epistle of a Mad Scientist And a Pioneer who must Escape a Database Administrator in A MySQL Convention",Documentary,12
BARRYMORE,JULIA,"PELICAN COMFORTS","A Epic Documentary of a Boy And a Monkey who must Pursue a Astronaut in Berlin",Documentary,26
BARRYMORE,JULIA,"CONEHEADS SMOOCHY","A Touching Story of a Womanizer And a Composer who must Pursue a Husband in Nigeria",Drama,25
BARRYMORE,JULIA,"SHOOTIST SUPERFLY","A Fast-Paced Story of a Crocodile And a A Shark who must Sink a Pioneer in Berlin",Drama,24
BARRYMORE,JULIA,"VIRGIN DAISY","A Awe-Inspiring Documentary of a Robot And a Mad Scientist who must Reach a Database Administrator in A Shark Tank",Drama,17
BARRYMORE,JULIA,"UNFAITHFUL KILL","A Taut Documentary of a Waitress And a Mad Scientist who must Battle a Technical Writer in New Orleans",Drama,8
BARRYMORE,JULIA,"EFFECT GLADIATOR","A Beautiful Display of a Pastry Chef And a Pastry Chef who must Outgun a Forensic Psychologist in A Manhattan Penthouse",Family,25
BARRYMORE,JULIA,"BANG KWAI","A Epic Drama of a Madman And a Cat who must Face a A Shark in An Abandoned Amusement Park",Family,7
BARRYMORE,JULIA,"SCISSORHANDS SLUMS","A Awe-Inspiring Drama of a Girl And a Technical Writer who must Meet a Feminist in The Canadian Rockies",Foreign,15
BARRYMORE,JULIA,"LAMBS CINCINATTI","A Insightful Story of a Man And a Feminist who must Fight a Composer in Australia",Games,10
BARRYMORE,JULIA,"ROCK INSTINCT","A Astounding Character Study of a Robot And a Moose who must Overcome a Astronaut in Ancient India",Horror,17
BARRYMORE,JULIA,"GASLIGHT CRUSADE","A Amazing Epistle of a Boy And a Astronaut who must Redeem a Man in The Gulf of Mexico",Horror,16
BARRYMORE,JULIA,"TROOPERS METAL","A Fanciful Drama of a Monkey And a Feminist who must Sink a Man in Berlin",New,14
BARRYMORE,JULIA,"ANGELS LIFE","A Thoughtful Display of a Woman And a Astronaut who must Battle a Robot in Berlin",New,22
BARRYMORE,JULIA,"UNFORGIVEN ZOOLANDER","A Taut Epistle of a Monkey And a Sumo Wrestler who must Vanquish a A Shark in A Baloon Factory",Sci-Fi,18
BARRYMORE,JULIA,"SECRETARY ROUGE","A Action-Packed Panorama of a Mad Cow And a Composer who must Discover a Robot in A Baloon Factory",Sports,18
BARRYMORE,JULIA,"DISCIPLE MOTHER","A Touching Reflection of a Mad Scientist And a Boat who must Face a Moose in A Shark Tank",Travel,19
BARRYMORE,JULIA,"SHINING ROSES","A Awe-Inspiring Character Study of a Astronaut And a Forensic Psychologist who must Challenge a Madman in Ancient India",Travel,8
BASINGER,VIVIEN,"SUSPECTS QUILLS","A Emotional Epistle of a Pioneer And a Crocodile who must Battle a Man in A Manhattan Penthouse",Action,30
BASINGER,VIVIEN,"WEREWOLF LOLA","A Fanciful Story of a Man And a Sumo Wrestler who must Outrace a Student in A Monastery",Action,14
BASINGER,VIVIEN,"DONNIE ALLEY","A Awe-Inspiring Tale of a Butler And a Frisbee who must Vanquish a Teacher in Ancient Japan",Animation,14
BASINGER,VIVIEN,"CAROL TEXAS","A Astounding Character Study of a Composer And a Student who must Overcome a Composer in A Monastery",Animation,18
BASINGER,VIVIEN,"TELEMARK HEARTBREAKERS","A Action-Packed Panorama of a Technical Writer And a Man who must Build a Forensic Psychologist in A Manhattan Penthouse",Animation,25
BASINGER,VIVIEN,"TOOTSIE PILOT","A Awe-Inspiring Documentary of a Womanizer And a Pastry Chef who must Kill a Lumberjack in Berlin",Children,15
BASINGER,VIVIEN,"NOON PAPI","A Unbelieveable Character Study of a Mad Scientist And a Astronaut who must Find a Pioneer in A Manhattan Penthouse",Children,17
BASINGER,VIVIEN,"BENEATH RUSH","A Astounding Panorama of a Man And a Monkey who must Discover a Man in The First Manned Space Station",Children,10
BASINGER,VIVIEN,"CONNECTION MICROCOSMOS","A Fateful Documentary of a Crocodile And a Husband who must Face a Husband in The First Manned Space Station",Comedy,7
BASINGER,VIVIEN,"MALLRATS UNITED","A Thrilling Yarn of a Waitress And a Dentist who must Find a Hunter in A Monastery",Comedy,25
BASINGER,VIVIEN,"CRAZY HOME","A Fanciful Panorama of a Boy And a Woman who must Vanquish a Database Administrator in The Outback",Comedy,9
BASINGER,VIVIEN,"SMOKING BARBARELLA","A Lacklusture Saga of a Mad Cow And a Mad Scientist who must Sink a Cat in A MySQL Convention",Documentary,18
BASINGER,VIVIEN,"NATIONAL STORY","A Taut Epistle of a Mad Scientist And a Girl who must Escape a Monkey in California",Documentary,19
BASINGER,VIVIEN,"JACKET FRISCO","A Insightful Reflection of a Womanizer And a Husband who must Conquer a Pastry Chef in A Baloon",Drama,18
BASINGER,VIVIEN,"BEETHOVEN EXORCIST","A Epic Display of a Pioneer And a Student who must Challenge a Butler in The Gulf of Mexico",Drama,11
BASINGER,VIVIEN,"HOUSE DYNAMITE","A Taut Story of a Pioneer And a Squirrel who must Battle a Student in Soviet Georgia",Family,23
BASINGER,VIVIEN,"SPARTACUS CHEAPER","A Thrilling Panorama of a Pastry Chef And a Secret Agent who must Overcome a Student in A Manhattan Penthouse",Family,9
BASINGER,VIVIEN,"BABY HALL","A Boring Character Study of a A Shark And a Girl who must Outrace a Feminist in An Abandoned Mine Shaft",Foreign,8
BASINGER,VIVIEN,"DAWN POND","A Thoughtful Documentary of a Dentist And a Forensic Psychologist who must Defeat a Waitress in Berlin",Games,18
BASINGER,VIVIEN,"STAMPEDE DISTURBING","A Unbelieveable Tale of a Woman And a Lumberjack who must Fight a Frisbee in A U-Boat",Games,14
BASINGER,VIVIEN,"JERICHO MULAN","A Amazing Yarn of a Hunter And a Butler who must Defeat a Boy in A Jet Boat",Games,17
BASINGER,VIVIEN,"SPIRIT FLINTSTONES","A Brilliant Yarn of a Cat And a Car who must Confront a Explorer in Ancient Japan",Horror,15
BASINGER,VIVIEN,"WORLD LEATHERNECKS","A Unbelieveable Tale of a Pioneer And a Astronaut who must Overcome a Robot in An Abandoned Amusement Park",Horror,8
BASINGER,VIVIEN,"SIMON NORTH","A Thrilling Documentary of a Technical Writer And a A Shark who must Face a Pioneer in A Shark Tank",Horror,6
BASINGER,VIVIEN,"TELEGRAPH VOYAGE","A Fateful Yarn of a Husband And a Dog who must Battle a Waitress in A Jet Boat",Music,27
BASINGER,VIVIEN,"MINORITY KISS","A Insightful Display of a Lumberjack And a Sumo Wrestler who must Meet a Man in The Outback",Music,12
BASINGER,VIVIEN,"APOCALYPSE FLAMINGOS","A Astounding Story of a Dog And a Squirrel who must Defeat a Woman in An Abandoned Amusement Park",New,6
BASINGER,VIVIEN,"CONNECTICUT TRAMP","A Unbelieveable Drama of a Crocodile And a Mad Cow who must Reach a Dentist in A Shark Tank",Sci-Fi,13
BASINGER,VIVIEN,"OPEN AFRICAN","A Lacklusture Drama of a Secret Agent And a Explorer who must Discover a Car in A U-Boat",Sci-Fi,21
BASINGER,VIVIEN,"WEEKEND PERSONAL","A Fast-Paced Documentary of a Car And a Butler who must Find a Frisbee in A Jet Boat",Sci-Fi,18
BASINGER,VIVIEN,"BUBBLE GROSSE","A Awe-Inspiring Panorama of a Crocodile And a Moose who must Confront a Girl in A Baloon",Sports,6
BASINGER,VIVIEN,"LOSER HUSTLER","A Stunning Drama of a Robot And a Feminist who must Outgun a Butler in Nigeria",Sports,15
BASINGER,VIVIEN,"EXORCIST STING","A Touching Drama of a Dog And a Sumo Wrestler who must Conquer a Mad Scientist in Berlin",Sports,13
BASINGER,VIVIEN,"MOULIN WAKE","A Astounding Story of a Forensic Psychologist And a Cat who must Battle a Teacher in An Abandoned Mine Shaft",Travel,16
BASINGER,VIVIEN,"TOMATOES HELLFIGHTERS","A Thoughtful Epistle of a Madman And a Astronaut who must Overcome a Monkey in A Shark Tank",Travel,14
BENING,MICHAEL,"PARK CITIZEN","A Taut Epistle of a Sumo Wrestler And a Girl who must Face a Husband in Ancient Japan",Action,8
BENING,MICHAEL,"WOMEN DORADO","A Insightful Documentary of a Waitress And a Butler who must Vanquish a Composer in Australia",Action,23
BENING,MICHAEL,"COMANCHEROS ENEMY","A Boring Saga of a Lumberjack And a Monkey who must Find a Monkey in The Gulf of Mexico",Children,6
BENING,MICHAEL,"STRANGER STRANGERS","A Awe-Inspiring Yarn of a Womanizer And a Explorer who must Fight a Woman in The First Manned Space Station",Children,11
BENING,MICHAEL,"STRANGELOVE DESIRE","A Awe-Inspiring Panorama of a Lumberjack And a Waitress who must Defeat a Crocodile in An Abandoned Amusement Park",Children,24
BENING,MICHAEL,"NEWSIES STORY","A Action-Packed Character Study of a Dog And a Lumberjack who must Outrace a Moose in The Gulf of Mexico",Documentary,7
BENING,MICHAEL,"BEAUTY GREASE","A Fast-Paced Display of a Composer And a Moose who must Sink a Robot in An Abandoned Mine Shaft",Drama,22
BENING,MICHAEL,"SPICE SORORITY","A Fateful Display of a Pioneer And a Hunter who must Defeat a Husband in An Abandoned Mine Shaft",Drama,20
BENING,MICHAEL,"NECKLACE OUTBREAK","A Astounding Epistle of a Database Administrator And a Mad Scientist who must Pursue a Cat in California",Drama,15
BENING,MICHAEL,"HUNTING MUSKETEERS","A Thrilling Reflection of a Pioneer And a Dentist who must Outrace a Womanizer in An Abandoned Mine Shaft",Family,15
BENING,MICHAEL,"MUSIC BOONDOCK","A Thrilling Tale of a Butler And a Astronaut who must Battle a Explorer in The First Manned Space Station",Family,19
BENING,MICHAEL,"SENSIBILITY REAR","A Emotional Tale of a Robot And a Sumo Wrestler who must Redeem a Pastry Chef in A Baloon Factory",Family,10
BENING,MICHAEL,"PURPLE MOVIE","A Boring Display of a Pastry Chef And a Sumo Wrestler who must Discover a Frisbee in An Abandoned Amusement Park",Foreign,13
BENING,MICHAEL,"ALAMO VIDEOTAPE","A Boring Epistle of a Butler And a Cat who must Fight a Pastry Chef in A MySQL Convention",Foreign,24
BENING,MICHAEL,"GATHERING CALENDAR","A Intrepid Tale of a Pioneer And a Moose who must Conquer a Frisbee in A MySQL Convention",Games,11
BENING,MICHAEL,"SPIRIT FLINTSTONES","A Brilliant Yarn of a Cat And a Car who must Confront a Explorer in Ancient Japan",Horror,15
BENING,MICHAEL,"REEF SALUTE","A Action-Packed Saga of a Teacher And a Lumberjack who must Battle a Dentist in A Baloon",Horror,11
BENING,MICHAEL,"SILENCE KANE","A Emotional Drama of a Sumo Wrestler And a Dentist who must Confront a Sumo Wrestler in A Baloon",Music,16
BENING,MICHAEL,"TELEGRAPH VOYAGE","A Fateful Yarn of a Husband And a Dog who must Battle a Waitress in A Jet Boat",Music,27
BENING,MICHAEL,"PIANIST OUTFIELD","A Intrepid Story of a Boy And a Technical Writer who must Pursue a Lumberjack in A Monastery",New,21
BENING,MICHAEL,"EYES DRIVING","A Thrilling Story of a Cat And a Waitress who must Fight a Explorer in The Outback",Sci-Fi,19
BENING,MICHAEL,"SLIPPER FIDELITY","A Taut Reflection of a Secret Agent And a Man who must Redeem a Explorer in A MySQL Convention",Sports,16
BENING,MICHAEL,"IGBY MAKER","A Epic Documentary of a Hunter And a Dog who must Outgun a Dog in A Baloon Factory",Travel,19
BENING,MICHAEL,"KICK SAVANNAH","A Emotional Drama of a Monkey And a Robot who must Defeat a Monkey in New Orleans",Travel,20
BENING,SCARLETT,"INVASION CYCLONE","A Lacklusture Character Study of a Mad Scientist And a Womanizer who must Outrace a Explorer in A Monastery",Children,27
BENING,SCARLETT,"FULL FLATLINERS","A Beautiful Documentary of a Astronaut And a Moose who must Pursue a Monkey in A Shark Tank",Children,5
BENING,SCARLETT,"CREEPERS KANE","A Awe-Inspiring Reflection of a Squirrel And a Boat who must Outrace a Car in A Jet Boat",Classics,14
BENING,SCARLETT,"SUBMARINE BED","A Amazing Display of a Car And a Monkey who must Fight a Teacher in Soviet Georgia",Comedy,15
BENING,SCARLETT,"SNATCH SLIPPER","A Insightful Panorama of a Woman And a Feminist who must Defeat a Forensic Psychologist in Berlin",Comedy,22
BENING,SCARLETT,"LUCK OPUS","A Boring Display of a Moose And a Squirrel who must Outrace a Teacher in A Shark Tank",Drama,10
BENING,SCARLETT,"BEETHOVEN EXORCIST","A Epic Display of a Pioneer And a Student who must Challenge a Butler in The Gulf of Mexico",Drama,11
BENING,SCARLETT,"TENENBAUMS COMMAND","A Taut Display of a Pioneer And a Man who must Reach a Girl in The Gulf of Mexico",Drama,13
BENING,SCARLETT,"SEATTLE EXPECATIONS","A Insightful Reflection of a Crocodile And a Sumo Wrestler who must Meet a Technical Writer in The Sahara Desert",Drama,24
BENING,SCARLETT,"RESERVOIR ADAPTATION","A Intrepid Drama of a Teacher And a Moose who must Kill a Car in California",Foreign,10
BENING,SCARLETT,"DOUBTFIRE LABYRINTH","A Intrepid Panorama of a Butler And a Composer who must Meet a Mad Cow in The Sahara Desert",Foreign,10
BENING,SCARLETT,"BULWORTH COMMANDMENTS","A Amazing Display of a Mad Cow And a Pioneer who must Redeem a Sumo Wrestler in The Outback",Games,7
BENING,SCARLETT,"FEATHERS METAL","A Thoughtful Yarn of a Monkey And a Teacher who must Find a Dog in Australia",Games,11
BENING,SCARLETT,"WORDS HUNTER","A Action-Packed Reflection of a Composer And a Mad Scientist who must Face a Pioneer in A MySQL Convention",Music,16
BENING,SCARLETT,"YOUTH KICK","A Touching Drama of a Teacher And a Cat who must Challenge a Technical Writer in A U-Boat",Music,6
BENING,SCARLETT,"AMISTAD MIDSUMMER","A Emotional Character Study of a Dentist And a Crocodile who must Meet a Sumo Wrestler in California",New,21
BENING,SCARLETT,"EVE RESURRECTION","A Awe-Inspiring Yarn of a Pastry Chef And a Database Administrator who must Challenge a Teacher in A Baloon",New,7
BENING,SCARLETT,"IDENTITY LOVER","A Boring Tale of a Composer And a Mad Cow who must Defeat a Car in The Outback",Sci-Fi,13
BENING,SCARLETT,"FIDDLER LOST","A Boring Tale of a Squirrel And a Dog who must Challenge a Madman in The Gulf of Mexico",Sci-Fi,10
BENING,SCARLETT,"CALIFORNIA BIRDS","A Thrilling Yarn of a Database Administrator And a Robot who must Battle a Database Administrator in Ancient India",Sports,12
BENING,SCARLETT,"DURHAM PANKY","A Brilliant Panorama of a Girl And a Boy who must Face a Mad Scientist in An Abandoned Mine Shaft",Sports,26
BENING,SCARLETT,"FLATLINERS KILLER","A Taut Display of a Secret Agent And a Waitress who must Sink a Robot in An Abandoned Mine Shaft",Sports,22
BENING,SCARLETT,"DUDE BLINDNESS","A Stunning Reflection of a Husband And a Lumberjack who must Face a Frisbee in An Abandoned Fun House",Sports,16
BENING,SCARLETT,"MOULIN WAKE","A Astounding Story of a Forensic Psychologist And a Cat who must Battle a Teacher in An Abandoned Mine Shaft",Travel,16
BENING,SCARLETT,"SHAWSHANK BUBBLE","A Lacklusture Story of a Moose And a Monkey who must Confront a Butler in An Abandoned Amusement Park",Travel,19
BERGEN,VIVIEN,"DRIFTER COMMANDMENTS","A Epic Reflection of a Womanizer And a Squirrel who must Discover a Husband in A Jet Boat",Action,24
BERGEN,VIVIEN,"EXCITEMENT EVE","A Brilliant Documentary of a Monkey And a Car who must Conquer a Crocodile in A Shark Tank",Action,21
BERGEN,VIVIEN,"HILLS NEIGHBORS","A Epic Display of a Hunter And a Feminist who must Sink a Car in A U-Boat",Action,25
BERGEN,VIVIEN,"CLASH FREDDY","A Amazing Yarn of a Composer And a Squirrel who must Escape a Astronaut in Australia",Animation,25
BERGEN,VIVIEN,"DONNIE ALLEY","A Awe-Inspiring Tale of a Butler And a Frisbee who must Vanquish a Teacher in Ancient Japan",Animation,14
BERGEN,VIVIEN,"GORGEOUS BINGO","A Action-Packed Display of a Sumo Wrestler And a Car who must Overcome a Waitress in A Baloon Factory",Children,19
BERGEN,VIVIEN,"POLISH BROOKLYN","A Boring Character Study of a Database Administrator And a Lumberjack who must Reach a Madman in The Outback",Children,18
BERGEN,VIVIEN,"LOVELY JINGLE","A Fanciful Yarn of a Crocodile And a Forensic Psychologist who must Discover a Crocodile in The Outback",Classics,14
BERGEN,VIVIEN,"LOVER TRUMAN","A Emotional Yarn of a Robot And a Boy who must Outgun a Technical Writer in A U-Boat",Classics,10
BERGEN,VIVIEN,"WESTWARD SEABISCUIT","A Lacklusture Tale of a Butler And a Husband who must Face a Boy in Ancient China",Classics,26
BERGEN,VIVIEN,"HOBBIT ALIEN","A Emotional Drama of a Husband And a Girl who must Outgun a Composer in The First Manned Space Station",Drama,31
BERGEN,VIVIEN,"TRAP GUYS","A Unbelieveable Story of a Boy And a Mad Cow who must Challenge a Database Administrator in The Sahara Desert",Foreign,16
BERGEN,VIVIEN,"TYCOON GATHERING","A Emotional Display of a Husband And a A Shark who must Succumb a Madman in A Manhattan Penthouse",Games,12
BERGEN,VIVIEN,"DIRTY ACE","A Action-Packed Character Study of a Forensic Psychologist And a Girl who must Build a Dentist in The Outback",Games,15
BERGEN,VIVIEN,"JAPANESE RUN","A Awe-Inspiring Epistle of a Feminist And a Girl who must Sink a Girl in The Outback",Horror,6
BERGEN,VIVIEN,"HIGH ENCINO","A Fateful Saga of a Waitress And a Hunter who must Outrace a Sumo Wrestler in Australia",Horror,22
BERGEN,VIVIEN,"STREETCAR INTENTIONS","A Insightful Character Study of a Waitress And a Crocodile who must Sink a Waitress in The Gulf of Mexico",Horror,25
BERGEN,VIVIEN,"DRUMS DYNAMITE","A Epic Display of a Crocodile And a Crocodile who must Confront a Dog in An Abandoned Amusement Park",Horror,13
BERGEN,VIVIEN,"DRIVING POLISH","A Action-Packed Yarn of a Feminist And a Technical Writer who must Sink a Boat in An Abandoned Mine Shaft",Music,21
BERGEN,VIVIEN,"ENEMY ODDS","A Fanciful Panorama of a Mad Scientist And a Woman who must Pursue a Astronaut in Ancient India",Music,29
BERGEN,VIVIEN,"IMPACT ALADDIN","A Epic Character Study of a Frisbee And a Moose who must Outgun a Technical Writer in A Shark Tank",Music,9
BERGEN,VIVIEN,"VOICE PEACH","A Amazing Panorama of a Pioneer And a Student who must Overcome a Mad Scientist in A Manhattan Penthouse",New,19
BERGEN,VIVIEN,"STOCK GLASS","A Boring Epistle of a Crocodile And a Lumberjack who must Outgun a Moose in Ancient China",New,14
BERGEN,VIVIEN,"SALUTE APOLLO","A Awe-Inspiring Character Study of a Boy And a Feminist who must Sink a Crocodile in Ancient China",New,23
BERGEN,VIVIEN,"CRANES RESERVOIR","A Fanciful Documentary of a Teacher And a Dog who must Outgun a Forensic Psychologist in A Baloon Factory",Sports,11
BERGEN,VIVIEN,"TIGHTS DAWN","A Thrilling Epistle of a Boat And a Secret Agent who must Face a Boy in A Baloon",Sports,26
BERGEN,VIVIEN,"MUSSOLINI SPOILERS","A Thrilling Display of a Boat And a Monkey who must Meet a Composer in Ancient China",Sports,5
BERGEN,VIVIEN,"SATURDAY LAMBS","A Thoughtful Reflection of a Mad Scientist And a Moose who must Kill a Husband in A Baloon",Sports,28
BERGEN,VIVIEN,"ITALIAN AFRICAN","A Astounding Character Study of a Monkey And a Moose who must Outgun a Cat in A U-Boat",Travel,6
BERGMAN,LIZA,"CLASH FREDDY","A Amazing Yarn of a Composer And a Squirrel who must Escape a Astronaut in Australia",Animation,25
BERGMAN,LIZA,"OCTOBER SUBMARINE","A Taut Epistle of a Monkey And a Boy who must Confront a Husband in A Jet Boat",Classics,11
BERGMAN,LIZA,"EXTRAORDINARY CONQUERER","A Stunning Story of a Dog And a Feminist who must Face a Forensic Psychologist in Berlin",Classics,6
BERGMAN,LIZA,"WEDDING APOLLO","A Action-Packed Tale of a Student And a Waitress who must Conquer a Lumberjack in An Abandoned Mine Shaft",Documentary,24
BERGMAN,LIZA,"PAYCHECK WAIT","A Awe-Inspiring Reflection of a Boy And a Man who must Discover a Moose in The Sahara Desert",Drama,16
BERGMAN,LIZA,"CRAFT OUTFIELD","A Lacklusture Display of a Explorer And a Hunter who must Succumb a Database Administrator in A Baloon Factory",Drama,16
BERGMAN,LIZA,"SCORPION APOLLO","A Awe-Inspiring Documentary of a Technical Writer And a Husband who must Meet a Monkey in An Abandoned Fun House",Drama,23
BERGMAN,LIZA,"SENSIBILITY REAR","A Emotional Tale of a Robot And a Sumo Wrestler who must Redeem a Pastry Chef in A Baloon Factory",Family,10
BERGMAN,LIZA,"JEDI BENEATH","A Astounding Reflection of a Explorer And a Dentist who must Pursue a Student in Nigeria",Family,19
BERGMAN,LIZA,"COMMAND DARLING","A Awe-Inspiring Tale of a Forensic Psychologist And a Woman who must Challenge a Database Administrator in Ancient Japan",Foreign,16
BERGMAN,LIZA,"GENTLEMEN STAGE","A Awe-Inspiring Reflection of a Monkey And a Student who must Overcome a Dentist in The First Manned Space Station",Foreign,23
BERGMAN,LIZA,"CHICAGO NORTH","A Fateful Yarn of a Mad Cow And a Waitress who must Battle a Student in California",Games,16
BERGMAN,LIZA,"PANKY SUBMARINE","A Touching Documentary of a Dentist And a Sumo Wrestler who must Overcome a Boy in The Gulf of Mexico",Games,15
BERGMAN,LIZA,"PARIS WEEKEND","A Intrepid Story of a Squirrel And a Crocodile who must Defeat a Monkey in The Outback",Horror,14
BERGMAN,LIZA,"TEXAS WATCH","A Awe-Inspiring Yarn of a Student And a Teacher who must Fight a Teacher in An Abandoned Amusement Park",Horror,6
BERGMAN,LIZA,"DESERT POSEIDON","A Brilliant Documentary of a Butler And a Frisbee who must Build a Astronaut in New Orleans",Horror,19
BERGMAN,LIZA,"DEER VIRGINIAN","A Thoughtful Story of a Mad Cow And a Womanizer who must Overcome a Mad Scientist in Soviet Georgia",Music,29
BERGMAN,LIZA,"CLUE GRAIL","A Taut Tale of a Butler And a Mad Scientist who must Build a Crocodile in Ancient China",Music,7
BERGMAN,LIZA,"ENEMY ODDS","A Fanciful Panorama of a Mad Scientist And a Woman who must Pursue a Astronaut in Ancient India",Music,29
BERGMAN,LIZA,"TERMINATOR CLUB","A Touching Story of a Crocodile And a Girl who must Sink a Man in The Gulf of Mexico",Music,6
BERGMAN,LIZA,"STOCK GLASS","A Boring Epistle of a Crocodile And a Lumberjack who must Outgun a Moose in Ancient China",New,14
BERGMAN,LIZA,"FRISCO FORREST","A Beautiful Documentary of a Woman And a Pioneer who must Pursue a Mad Scientist in A Shark Tank",Sci-Fi,9
BERGMAN,LIZA,"IDENTITY LOVER","A Boring Tale of a Composer And a Mad Cow who must Defeat a Car in The Outback",Sci-Fi,13
BERGMAN,LIZA,"LESSON CLEOPATRA","A Emotional Display of a Man And a Explorer who must Build a Boy in A Manhattan Penthouse",Sports,7
BERRY,CHRISTOPHER,"WOMEN DORADO","A Insightful Documentary of a Waitress And a Butler who must Vanquish a Composer in Australia",Action,23
BERRY,CHRISTOPHER,"LAWRENCE LOVE","A Fanciful Yarn of a Database Administrator And a Mad Cow who must Pursue a Womanizer in Berlin",Action,13
BERRY,CHRISTOPHER,"SUGAR WONKA","A Touching Story of a Dentist And a Database Administrator who must Conquer a Astronaut in An Abandoned Amusement Park",Animation,17
BERRY,CHRISTOPHER,"STORM HAPPINESS","A Insightful Drama of a Feminist And a A Shark who must Vanquish a Boat in A Shark Tank",Animation,29
BERRY,CHRISTOPHER,"LANGUAGE COWBOY","A Epic Yarn of a Cat And a Madman who must Vanquish a Dentist in An Abandoned Amusement Park",Children,11
BERRY,CHRISTOPHER,"BACKLASH UNDEFEATED","A Stunning Character Study of a Mad Scientist And a Mad Cow who must Kill a Car in A Monastery",Children,19
BERRY,CHRISTOPHER,"MURDER ANTITRUST","A Brilliant Yarn of a Car And a Database Administrator who must Escape a Boy in A MySQL Convention",Children,23
BERRY,CHRISTOPHER,"JEEPERS WEDDING","A Astounding Display of a Composer And a Dog who must Kill a Pastry Chef in Soviet Georgia",Classics,16
BERRY,CHRISTOPHER,"CREEPERS KANE","A Awe-Inspiring Reflection of a Squirrel And a Boat who must Outrace a Car in A Jet Boat",Classics,14
BERRY,CHRISTOPHER,"FREEDOM CLEOPATRA","A Emotional Reflection of a Dentist And a Mad Cow who must Face a Squirrel in A Baloon",Comedy,5
BERRY,CHRISTOPHER,"SPINAL ROCKY","A Lacklusture Epistle of a Sumo Wrestler And a Squirrel who must Defeat a Explorer in California",Family,13
BERRY,CHRISTOPHER,"KANE EXORCIST","A Epic Documentary of a Composer And a Robot who must Overcome a Car in Berlin",Foreign,14
BERRY,CHRISTOPHER,"HIGHBALL POTTER","A Action-Packed Saga of a Husband And a Dog who must Redeem a Database Administrator in The Sahara Desert",Foreign,21
BERRY,CHRISTOPHER,"ICE CROSSING","A Fast-Paced Tale of a Butler And a Moose who must Overcome a Pioneer in A Manhattan Penthouse",Games,24
BERRY,CHRISTOPHER,"SLEUTH ORIENT","A Fateful Character Study of a Husband And a Dog who must Find a Feminist in Ancient India",Games,21
BERRY,CHRISTOPHER,"VIDEOTAPE ARSENIC","A Lacklusture Display of a Girl And a Astronaut who must Succumb a Student in Australia",Games,29
BERRY,CHRISTOPHER,"ALI FOREVER","A Action-Packed Drama of a Dentist And a Crocodile who must Battle a Feminist in The Canadian Rockies",Horror,9
BERRY,CHRISTOPHER,"ANGELS LIFE","A Thoughtful Display of a Woman And a Astronaut who must Battle a Robot in Berlin",New,22
BERRY,CHRISTOPHER,"CONGENIALITY QUEST","A Touching Documentary of a Cat And a Pastry Chef who must Find a Lumberjack in A Baloon",Sports,22
BERRY,CHRISTOPHER,"CONTACT ANONYMOUS","A Insightful Display of a A Shark And a Monkey who must Face a Database Administrator in Ancient India",Travel,26
BERRY,HENRY,"DRIFTER COMMANDMENTS","A Epic Reflection of a Womanizer And a Squirrel who must Discover a Husband in A Jet Boat",Action,24
BERRY,HENRY,"WONKA SEA","A Brilliant Saga of a Boat And a Mad Scientist who must Meet a Moose in Ancient India",Animation,18
BERRY,HENRY,"SLEEPLESS MONSOON","A Amazing Saga of a Moose And a Pastry Chef who must Escape a Butler in Australia",Animation,20
BERRY,HENRY,"DOGMA FAMILY","A Brilliant Character Study of a Database Administrator And a Monkey who must Succumb a Astronaut in New Orleans",Animation,30
BERRY,HENRY,"UPTOWN YOUNG","A Fateful Documentary of a Dog And a Hunter who must Pursue a Teacher in An Abandoned Amusement Park",Children,12
BERRY,HENRY,"HOLLYWOOD ANONYMOUS","A Fast-Paced Epistle of a Boy And a Explorer who must Escape a Dog in A U-Boat",Children,13
BERRY,HENRY,"EXTRAORDINARY CONQUERER","A Stunning Story of a Dog And a Feminist who must Face a Forensic Psychologist in Berlin",Classics,6
BERRY,HENRY,"RUSHMORE MERMAID","A Boring Story of a Woman And a Moose who must Reach a Husband in A Shark Tank",Comedy,6
BERRY,HENRY,"WAGON JAWS","A Intrepid Drama of a Moose And a Boat who must Kill a Explorer in A Manhattan Penthouse",Documentary,10
BERRY,HENRY,"CHICKEN HELLFIGHTERS","A Emotional Drama of a Dog And a Explorer who must Outrace a Technical Writer in Australia",Documentary,22
BERRY,HENRY,"BONNIE HOLOCAUST","A Fast-Paced Story of a Crocodile And a Robot who must Find a Moose in Ancient Japan",Documentary,16
BERRY,HENRY,"CONQUERER NUTS","A Taut Drama of a Mad Scientist And a Man who must Escape a Pioneer in An Abandoned Mine Shaft",Drama,16
BERRY,HENRY,"CRAFT OUTFIELD","A Lacklusture Display of a Explorer And a Hunter who must Succumb a Database Administrator in A Baloon Factory",Drama,16
BERRY,HENRY,"SCORPION APOLLO","A Awe-Inspiring Documentary of a Technical Writer And a Husband who must Meet a Monkey in An Abandoned Fun House",Drama,23
BERRY,HENRY,"DUMBO LUST","A Touching Display of a Feminist And a Dentist who must Conquer a Husband in The Gulf of Mexico",Family,6
BERRY,HENRY,"APACHE DIVINE","A Awe-Inspiring Reflection of a Pastry Chef And a Teacher who must Overcome a Sumo Wrestler in A U-Boat",Family,31
BERRY,HENRY,"LOUISIANA HARRY","A Lacklusture Drama of a Girl And a Technical Writer who must Redeem a Monkey in A Shark Tank",Family,17
BERRY,HENRY,"PILOT HOOSIERS","A Awe-Inspiring Reflection of a Crocodile And a Sumo Wrestler who must Meet a Forensic Psychologist in An Abandoned Mine Shaft",Family,16
BERRY,HENRY,"WHALE BIKINI","A Intrepid Story of a Pastry Chef And a Database Administrator who must Kill a Feminist in A MySQL Convention",Foreign,18
BERRY,HENRY,"KANE EXORCIST","A Epic Documentary of a Composer And a Robot who must Overcome a Car in Berlin",Foreign,14
BERRY,HENRY,"GRAPES FURY","A Boring Yarn of a Mad Cow And a Sumo Wrestler who must Meet a Robot in Australia",Foreign,22
BERRY,HENRY,"SPY MILE","A Thrilling Documentary of a Feminist And a Feminist who must Confront a Feminist in A Baloon",Games,27
BERRY,HENRY,"SPIRIT FLINTSTONES","A Brilliant Yarn of a Cat And a Car who must Confront a Explorer in Ancient Japan",Horror,15
BERRY,HENRY,"FREDDY STORM","A Intrepid Saga of a Man And a Lumberjack who must Vanquish a Husband in The Outback",Horror,23
BERRY,HENRY,"PATTON INTERVIEW","A Thrilling Documentary of a Composer And a Secret Agent who must Succumb a Cat in Berlin",Horror,23
BERRY,HENRY,"DESERT POSEIDON","A Brilliant Documentary of a Butler And a Frisbee who must Build a Astronaut in New Orleans",Horror,19
BERRY,HENRY,"PARIS WEEKEND","A Intrepid Story of a Squirrel And a Crocodile who must Defeat a Monkey in The Outback",Horror,14
BERRY,HENRY,"CHAMBER ITALIAN","A Fateful Reflection of a Moose And a Husband who must Overcome a Monkey in Nigeria",Music,13
BERRY,HENRY,"HOURS RAGE","A Fateful Story of a Explorer And a Feminist who must Meet a Technical Writer in Soviet Georgia",New,19
BERRY,HENRY,"MAIDEN HOME","A Lacklusture Saga of a Moose And a Teacher who must Kill a Forensic Psychologist in A MySQL Convention",New,24
BERRY,HENRY,"CONNECTICUT TRAMP","A Unbelieveable Drama of a Crocodile And a Mad Cow who must Reach a Dentist in A Shark Tank",Sci-Fi,13
BERRY,HENRY,"DIVIDE MONSTER","A Intrepid Saga of a Man And a Forensic Psychologist who must Reach a Squirrel in A Monastery",Sci-Fi,21
BERRY,HENRY,"FACTORY DRAGON","A Action-Packed Saga of a Teacher And a Frisbee who must Escape a Lumberjack in The Sahara Desert",Travel,17
BERRY,HENRY,"SHANE DARKNESS","A Action-Packed Saga of a Moose And a Lumberjack who must Find a Woman in Berlin",Travel,14
BERRY,HENRY,"SHANGHAI TYCOON","A Fast-Paced Character Study of a Crocodile And a Lumberjack who must Build a Husband in An Abandoned Fun House",Travel,14
BERRY,KARL,"STAGECOACH ARMAGEDDON","A Touching Display of a Pioneer And a Butler who must Chase a Car in California",Action,26
BERRY,KARL,"TELEMARK HEARTBREAKERS","A Action-Packed Panorama of a Technical Writer And a Man who must Build a Forensic Psychologist in A Manhattan Penthouse",Animation,25
BERRY,KARL,"DOORS PRESIDENT","A Awe-Inspiring Display of a Squirrel And a Woman who must Overcome a Boy in The Gulf of Mexico",Animation,19
BERRY,KARL,"DARES PLUTO","A Fateful Story of a Robot And a Dentist who must Defeat a Astronaut in New Orleans",Animation,9
BERRY,KARL,"FURY MURDER","A Lacklusture Reflection of a Boat And a Forensic Psychologist who must Fight a Waitress in A Monastery",Children,19
BERRY,KARL,"ARIZONA BANG","A Brilliant Panorama of a Mad Scientist And a Mad Cow who must Meet a Pioneer in A Monastery",Classics,21
BERRY,KARL,"BOUND CHEAPER","A Thrilling Panorama of a Database Administrator And a Astronaut who must Challenge a Lumberjack in A Baloon",Classics,24
BERRY,KARL,"SWEDEN SHINING","A Taut Documentary of a Car And a Robot who must Conquer a Boy in The Canadian Rockies",Comedy,18
BERRY,KARL,"PERFECT GROOVE","A Thrilling Yarn of a Dog And a Dog who must Build a Husband in A Baloon",Comedy,17
BERRY,KARL,"HARDLY ROBBERS","A Emotional Character Study of a Hunter And a Car who must Kill a Woman in Berlin",Documentary,4
BERRY,KARL,"SMOKING BARBARELLA","A Lacklusture Saga of a Mad Cow And a Mad Scientist who must Sink a Cat in A MySQL Convention",Documentary,18
BERRY,KARL,"INDEPENDENCE HOTEL","A Thrilling Tale of a Technical Writer And a Boy who must Face a Pioneer in A Monastery",Documentary,19
BERRY,KARL,"VIRGINIAN PLUTO","A Emotional Panorama of a Dentist And a Crocodile who must Meet a Boy in Berlin",Documentary,29
BERRY,KARL,"BUNCH MINDS","A Emotional Story of a Feminist And a Feminist who must Escape a Pastry Chef in A MySQL Convention",Drama,5
BERRY,KARL,"REUNION WITCHES","A Unbelieveable Documentary of a Database Administrator And a Frisbee who must Redeem a Mad Scientist in A Baloon Factory",Drama,20
BERRY,KARL,"DATE SPEED","A Touching Saga of a Composer And a Moose who must Discover a Dentist in A MySQL Convention",Family,13
BERRY,KARL,"HIGHBALL POTTER","A Action-Packed Saga of a Husband And a Dog who must Redeem a Database Administrator in The Sahara Desert",Foreign,21
BERRY,KARL,"ALLEY EVOLUTION","A Fast-Paced Drama of a Robot And a Composer who must Battle a Astronaut in New Orleans",Foreign,14
BERRY,KARL,"REAP UNFAITHFUL","A Thrilling Epistle of a Composer And a Sumo Wrestler who must Challenge a Mad Cow in A MySQL Convention",Horror,16
BERRY,KARL,"MONTEREY LABYRINTH","A Awe-Inspiring Drama of a Monkey And a Composer who must Escape a Feminist in A U-Boat",Horror,13
BERRY,KARL,"BOWFINGER GABLES","A Fast-Paced Yarn of a Waitress And a Composer who must Outgun a Dentist in California",Horror,11
BERRY,KARL,"ARABIA DOGMA","A Touching Epistle of a Madman And a Mad Cow who must Defeat a Student in Nigeria",Horror,13
BERRY,KARL,"ALONE TRIP","A Fast-Paced Character Study of a Composer And a Dog who must Outgun a Boat in An Abandoned Fun House",Music,18
BERRY,KARL,"LUCKY FLYING","A Lacklusture Character Study of a A Shark And a Man who must Find a Forensic Psychologist in A U-Boat",Music,13
BERRY,KARL,"OKLAHOMA JUMANJI","A Thoughtful Drama of a Dentist And a Womanizer who must Meet a Husband in The Sahara Desert",New,6
BERRY,KARL,"DAY UNFAITHFUL","A Stunning Documentary of a Composer And a Mad Scientist who must Find a Technical Writer in A U-Boat",New,14
BERRY,KARL,"CLEOPATRA DEVIL","A Fanciful Documentary of a Crocodile And a Technical Writer who must Fight a A Shark in A Baloon",New,18
BERRY,KARL,"CONNECTICUT TRAMP","A Unbelieveable Drama of a Crocodile And a Mad Cow who must Reach a Dentist in A Shark Tank",Sci-Fi,13
BERRY,KARL,"HOLES BRANNIGAN","A Fast-Paced Reflection of a Technical Writer And a Student who must Fight a Boy in The Canadian Rockies",Sports,15
BERRY,KARL,"NOVOCAINE FLIGHT","A Fanciful Display of a Student And a Teacher who must Outgun a Crocodile in Nigeria",Sports,19
BERRY,KARL,"LEATHERNECKS DWARFS","A Fateful Reflection of a Dog And a Mad Cow who must Outrace a Teacher in An Abandoned Mine Shaft",Travel,7
BIRCH,CUBA,"RUGRATS SHAKESPEARE","A Touching Saga of a Crocodile And a Crocodile who must Discover a Technical Writer in Nigeria",Action,30
BIRCH,CUBA,"SONS INTERVIEW","A Taut Character Study of a Explorer And a Mad Cow who must Battle a Hunter in Ancient China",Animation,15
BIRCH,CUBA,"TOOTSIE PILOT","A Awe-Inspiring Documentary of a Womanizer And a Pastry Chef who must Kill a Lumberjack in Berlin",Children,15
BIRCH,CUBA,"STRANGER STRANGERS","A Awe-Inspiring Yarn of a Womanizer And a Explorer who must Fight a Woman in The First Manned Space Station",Children,11
BIRCH,CUBA,"LANGUAGE COWBOY","A Epic Yarn of a Cat And a Madman who must Vanquish a Dentist in An Abandoned Amusement Park",Children,11
BIRCH,CUBA,"DYNAMITE TARZAN","A Intrepid Documentary of a Forensic Psychologist And a Mad Scientist who must Face a Explorer in A U-Boat",Classics,25
BIRCH,CUBA,"LEAGUE HELLFIGHTERS","A Thoughtful Saga of a A Shark And a Monkey who must Outgun a Student in Ancient China",Classics,17
BIRCH,CUBA,"MAGNIFICENT CHITTY","A Insightful Story of a Teacher And a Hunter who must Face a Mad Cow in California",Classics,8
BIRCH,CUBA,"TOWERS HURRICANE","A Fateful Display of a Monkey And a Car who must Sink a Husband in A MySQL Convention",Classics,11
BIRCH,CUBA,"SHIP WONDERLAND","A Thrilling Saga of a Monkey And a Frisbee who must Escape a Explorer in The Outback",Documentary,15
BIRCH,CUBA,"ROAD ROXANNE","A Boring Character Study of a Waitress And a Astronaut who must Fight a Crocodile in Ancient Japan",Documentary,19
BIRCH,CUBA,"EDGE KISSING","A Beautiful Yarn of a Composer And a Mad Cow who must Redeem a Mad Scientist in A Jet Boat",Drama,15
BIRCH,CUBA,"TENENBAUMS COMMAND","A Taut Display of a Pioneer And a Man who must Reach a Girl in The Gulf of Mexico",Drama,13
BIRCH,CUBA,"FINDING ANACONDA","A Fateful Tale of a Database Administrator And a Girl who must Battle a Squirrel in New Orleans",Family,12
BIRCH,CUBA,"ATLANTIS CAUSE","A Thrilling Yarn of a Feminist And a Hunter who must Fight a Technical Writer in A Shark Tank",Family,24
BIRCH,CUBA,"BLOOD ARGONAUTS","A Boring Drama of a Explorer And a Man who must Kill a Lumberjack in A Manhattan Penthouse",Family,10
BIRCH,CUBA,"LOST BIRD","A Emotional Character Study of a Robot And a A Shark who must Defeat a Technical Writer in A Manhattan Penthouse",Foreign,12
BIRCH,CUBA,"MARS ROMAN","A Boring Drama of a Car And a Dog who must Succumb a Madman in Soviet Georgia",Games,19
BIRCH,CUBA,"GREATEST NORTH","A Astounding Character Study of a Secret Agent And a Robot who must Build a A Shark in Berlin",Music,29
BIRCH,CUBA,"JUNGLE CLOSER","A Boring Character Study of a Boy And a Woman who must Battle a Astronaut in Australia",New,9
BIRCH,CUBA,"NORTHWEST POLISH","A Boring Character Study of a Boy And a A Shark who must Outrace a Womanizer in The Outback",Sports,20
BIRCH,CUBA,"LIBERTY MAGNIFICENT","A Boring Drama of a Student And a Cat who must Sink a Technical Writer in A Baloon",Sports,12
BIRCH,CUBA,"VICTORY ACADEMY","A Insightful Epistle of a Mad Scientist And a Explorer who must Challenge a Cat in The Sahara Desert",Sports,9
BLOOM,KEVIN,"PRIMARY GLASS","A Fateful Documentary of a Pastry Chef And a Butler who must Build a Dog in The Canadian Rockies",Action,27
BLOOM,KEVIN,"AMERICAN CIRCUS","A Insightful Drama of a Girl And a Astronaut who must Face a Database Administrator in A Shark Tank",Action,22
BLOOM,KEVIN,"MASSAGE IMAGE","A Fateful Drama of a Frisbee And a Crocodile who must Vanquish a Dog in The First Manned Space Station",Animation,12
BLOOM,KEVIN,"DOUBLE WRATH","A Thoughtful Yarn of a Womanizer And a Dog who must Challenge a Madman in The Gulf of Mexico",Animation,25
BLOOM,KEVIN,"MISSION ZOOLANDER","A Intrepid Story of a Sumo Wrestler And a Teacher who must Meet a A Shark in An Abandoned Fun House",Animation,18
BLOOM,KEVIN,"POLISH BROOKLYN","A Boring Character Study of a Database Administrator And a Lumberjack who must Reach a Madman in The Outback",Children,18
BLOOM,KEVIN,"SABRINA MIDNIGHT","A Emotional Story of a Squirrel And a Crocodile who must Succumb a Husband in The Sahara Desert",Children,21
BLOOM,KEVIN,"SWEDEN SHINING","A Taut Documentary of a Car And a Robot who must Conquer a Boy in The Canadian Rockies",Comedy,18
BLOOM,KEVIN,"CONQUERER NUTS","A Taut Drama of a Mad Scientist And a Man who must Escape a Pioneer in An Abandoned Mine Shaft",Drama,16
BLOOM,KEVIN,"DALMATIONS SWEDEN","A Emotional Epistle of a Moose And a Hunter who must Overcome a Robot in A Manhattan Penthouse",Drama,20
BLOOM,KEVIN,"DATE SPEED","A Touching Saga of a Composer And a Moose who must Discover a Dentist in A MySQL Convention",Family,13
BLOOM,KEVIN,"FICTION CHRISTMAS","A Emotional Yarn of a A Shark And a Student who must Battle a Robot in An Abandoned Mine Shaft",Foreign,19
BLOOM,KEVIN,"BOOGIE AMELIE","A Lacklusture Character Study of a Husband And a Sumo Wrestler who must Succumb a Technical Writer in The Gulf of Mexico",Music,29
BLOOM,KEVIN,"HEAVENLY GUN","A Beautiful Yarn of a Forensic Psychologist And a Frisbee who must Battle a Moose in A Jet Boat",Music,7
BLOOM,KEVIN,"LOVERBOY ATTACKS","A Boring Story of a Car And a Butler who must Build a Girl in Soviet Georgia",New,12
BLOOM,KEVIN,"DESTINY SATURDAY","A Touching Drama of a Crocodile And a Crocodile who must Conquer a Explorer in Soviet Georgia",New,16
BLOOM,KEVIN,"CITIZEN SHREK","A Fanciful Character Study of a Technical Writer And a Husband who must Redeem a Robot in The Outback",Sci-Fi,13
BLOOM,KEVIN,"HOLES BRANNIGAN","A Fast-Paced Reflection of a Technical Writer And a Student who must Fight a Boy in The Canadian Rockies",Sports,15
BLOOM,KEVIN,"MUMMY CREATURES","A Fateful Character Study of a Crocodile And a Monkey who must Meet a Dentist in Australia",Sports,16
BLOOM,KEVIN,"TROUBLE DATE","A Lacklusture Panorama of a Forensic Psychologist And a Woman who must Kill a Explorer in Ancient Japan",Travel,23
BOLGER,MICHAEL,"GLASS DYING","A Astounding Drama of a Frisbee And a Astronaut who must Fight a Dog in Ancient Japan",Action,14
BOLGER,MICHAEL,"LAWLESS VISION","A Insightful Yarn of a Boy And a Sumo Wrestler who must Outgun a Car in The Outback",Animation,17
BOLGER,MICHAEL,"TELEMARK HEARTBREAKERS","A Action-Packed Panorama of a Technical Writer And a Man who must Build a Forensic Psychologist in A Manhattan Penthouse",Animation,25
BOLGER,MICHAEL,"SANTA PARIS","A Emotional Documentary of a Moose And a Car who must Redeem a Mad Cow in A Baloon Factory",Children,11
BOLGER,MICHAEL,"MALKOVICH PET","A Intrepid Reflection of a Waitress And a A Shark who must Kill a Squirrel in The Outback",Classics,26
BOLGER,MICHAEL,"PREJUDICE OLEANDER","A Epic Saga of a Boy And a Dentist who must Outrace a Madman in A U-Boat",Classics,20
BOLGER,MICHAEL,"AIRPLANE SIERRA","A Touching Saga of a Hunter And a Butler who must Discover a Butler in A Jet Boat",Comedy,15
BOLGER,MICHAEL,"DYING MAKER","A Intrepid Tale of a Boat And a Monkey who must Kill a Cat in California",Comedy,17
BOLGER,MICHAEL,"HOMEWARD CIDER","A Taut Reflection of a Astronaut And a Squirrel who must Fight a Squirrel in A Manhattan Penthouse",Documentary,16
BOLGER,MICHAEL,"METAL ARMAGEDDON","A Thrilling Display of a Lumberjack And a Crocodile who must Meet a Monkey in A Baloon Factory",Documentary,25
BOLGER,MICHAEL,"WIFE TURN","A Awe-Inspiring Epistle of a Teacher And a Feminist who must Confront a Pioneer in Ancient Japan",Documentary,31
BOLGER,MICHAEL,"SOMETHING DUCK","A Boring Character Study of a Car And a Husband who must Outgun a Frisbee in The First Manned Space Station",Drama,19
BOLGER,MICHAEL,"TENENBAUMS COMMAND","A Taut Display of a Pioneer And a Man who must Reach a Girl in The Gulf of Mexico",Drama,13
BOLGER,MICHAEL,"HOUSE DYNAMITE","A Taut Story of a Pioneer And a Squirrel who must Battle a Student in Soviet Georgia",Family,23
BOLGER,MICHAEL,"STEPMOM DREAM","A Touching Epistle of a Crocodile And a Teacher who must Build a Forensic Psychologist in A MySQL Convention",Foreign,20
BOLGER,MICHAEL,"MIXED DOORS","A Taut Drama of a Womanizer And a Lumberjack who must Succumb a Pioneer in Ancient India",Foreign,4
BOLGER,MICHAEL,"TYCOON GATHERING","A Emotional Display of a Husband And a A Shark who must Succumb a Madman in A Manhattan Penthouse",Games,12
BOLGER,MICHAEL,"MARS ROMAN","A Boring Drama of a Car And a Dog who must Succumb a Madman in Soviet Georgia",Games,19
BOLGER,MICHAEL,"KARATE MOON","A Astounding Yarn of a Womanizer And a Dog who must Reach a Waitress in A MySQL Convention",Horror,23
BOLGER,MICHAEL,"PATTON INTERVIEW","A Thrilling Documentary of a Composer And a Secret Agent who must Succumb a Cat in Berlin",Horror,23
BOLGER,MICHAEL,"WATERSHIP FRONTIER","A Emotional Yarn of a Boat And a Crocodile who must Meet a Moose in Soviet Georgia",Horror,6
BOLGER,MICHAEL,"HEAVENLY GUN","A Beautiful Yarn of a Forensic Psychologist And a Frisbee who must Battle a Moose in A Jet Boat",Music,7
BOLGER,MICHAEL,"BREAKFAST GOLDFINGER","A Beautiful Reflection of a Student And a Student who must Fight a Moose in Berlin",New,17
BOLGER,MICHAEL,"IDAHO LOVE","A Fast-Paced Drama of a Student And a Crocodile who must Meet a Database Administrator in The Outback",New,17
BOLGER,MICHAEL,"UNBREAKABLE KARATE","A Amazing Character Study of a Robot And a Student who must Chase a Robot in Australia",New,21
BOLGER,MICHAEL,"RIDGEMONT SUBMARINE","A Unbelieveable Drama of a Waitress And a Composer who must Sink a Mad Cow in Ancient Japan",New,32
BOLGER,MICHAEL,"CHARIOTS CONSPIRACY","A Unbelieveable Epistle of a Robot And a Husband who must Chase a Robot in The First Manned Space Station",Sci-Fi,21
BOLGER,MICHAEL,"NOVOCAINE FLIGHT","A Fanciful Display of a Student And a Teacher who must Outgun a Crocodile in Nigeria",Sports,19
BOLGER,MICHAEL,"LIAISONS SWEET","A Boring Drama of a A Shark And a Explorer who must Redeem a Waitress in The Canadian Rockies",Travel,22
BOLGER,MICHAEL,"ENOUGH RAGING","A Astounding Character Study of a Boat And a Secret Agent who must Find a Mad Cow in The Sahara Desert",Travel,18
BOLGER,VAL,"AMADEUS HOLY","A Emotional Display of a Pioneer And a Technical Writer who must Battle a Man in A Baloon",Action,21
BOLGER,VAL,"DRIFTER COMMANDMENTS","A Epic Reflection of a Womanizer And a Squirrel who must Discover a Husband in A Jet Boat",Action,24
BOLGER,VAL,"PRIMARY GLASS","A Fateful Documentary of a Pastry Chef And a Butler who must Build a Dog in The Canadian Rockies",Action,27
BOLGER,VAL,"CANYON STOCK","A Thoughtful Reflection of a Waitress And a Feminist who must Escape a Squirrel in A Manhattan Penthouse",Animation,19
BOLGER,VAL,"WATCH TRACY","A Fast-Paced Yarn of a Dog And a Frisbee who must Conquer a Hunter in Nigeria",Animation,16
BOLGER,VAL,"MODEL FISH","A Beautiful Panorama of a Boat And a Crocodile who must Outrace a Dog in Australia",Children,15
BOLGER,VAL,"MAKER GABLES","A Stunning Display of a Moose And a Database Administrator who must Pursue a Composer in A Jet Boat",Children,10
BOLGER,VAL,"STRANGER STRANGERS","A Awe-Inspiring Yarn of a Womanizer And a Explorer who must Fight a Woman in The First Manned Space Station",Children,11
BOLGER,VAL,"JERSEY SASSY","A Lacklusture Documentary of a Madman And a Mad Cow who must Find a Feminist in Ancient Japan",Children,6
BOLGER,VAL,"PATIENT SISTER","A Emotional Epistle of a Squirrel And a Robot who must Confront a Lumberjack in Soviet Georgia",Classics,19
BOLGER,VAL,"PREJUDICE OLEANDER","A Epic Saga of a Boy And a Dentist who must Outrace a Madman in A U-Boat",Classics,20
BOLGER,VAL,"CAPER MOTIONS","A Fateful Saga of a Moose And a Car who must Pursue a Woman in A MySQL Convention",Comedy,24
BOLGER,VAL,"MALLRATS UNITED","A Thrilling Yarn of a Waitress And a Dentist who must Find a Hunter in A Monastery",Comedy,25
BOLGER,VAL,"FIREBALL PHILADELPHIA","A Amazing Yarn of a Dentist And a A Shark who must Vanquish a Madman in An Abandoned Mine Shaft",Comedy,21
BOLGER,VAL,"LONELY ELEPHANT","A Intrepid Story of a Student And a Dog who must Challenge a Explorer in Soviet Georgia",Comedy,15
BOLGER,VAL,"UNITED PILOT","A Fast-Paced Reflection of a Cat And a Mad Cow who must Fight a Car in The Sahara Desert",Documentary,17
BOLGER,VAL,"WEDDING APOLLO","A Action-Packed Tale of a Student And a Waitress who must Conquer a Lumberjack in An Abandoned Mine Shaft",Documentary,24
BOLGER,VAL,"DALMATIONS SWEDEN","A Emotional Epistle of a Moose And a Hunter who must Overcome a Robot in A Manhattan Penthouse",Drama,20
BOLGER,VAL,"PATHS CONTROL","A Astounding Documentary of a Butler And a Cat who must Find a Frisbee in Ancient China",Drama,10
BOLGER,VAL,"CHITTY LOCK","A Boring Epistle of a Boat And a Database Administrator who must Kill a Sumo Wrestler in The First Manned Space Station",Drama,8
BOLGER,VAL,"TOWN ARK","A Awe-Inspiring Documentary of a Moose And a Madman who must Meet a Dog in An Abandoned Mine Shaft",Foreign,14
BOLGER,VAL,"INTRIGUE WORST","A Fanciful Character Study of a Explorer And a Mad Scientist who must Vanquish a Squirrel in A Jet Boat",Foreign,20
BOLGER,VAL,"LAMBS CINCINATTI","A Insightful Story of a Man And a Feminist who must Fight a Composer in Australia",Games,10
BOLGER,VAL,"STAMPEDE DISTURBING","A Unbelieveable Tale of a Woman And a Lumberjack who must Fight a Frisbee in A U-Boat",Games,14
BOLGER,VAL,"ELEPHANT TROJAN","A Beautiful Panorama of a Lumberjack And a Forensic Psychologist who must Overcome a Frisbee in A Baloon",Horror,14
BOLGER,VAL,"CARRIE BUNCH","A Amazing Epistle of a Student And a Astronaut who must Discover a Frisbee in The Canadian Rockies",Horror,23
BOLGER,VAL,"ALASKA PHANTOM","A Fanciful Saga of a Hunter And a Pastry Chef who must Vanquish a Boy in Australia",Music,26
BOLGER,VAL,"YOUTH KICK","A Touching Drama of a Teacher And a Cat who must Challenge a Technical Writer in A U-Boat",Music,6
BOLGER,VAL,"JAWBREAKER BROOKLYN","A Stunning Reflection of a Boat And a Pastry Chef who must Succumb a A Shark in A Jet Boat",Music,10
BOLGER,VAL,"STALLION SUNDANCE","A Fast-Paced Tale of a Car And a Dog who must Outgun a A Shark in Australia",Sci-Fi,7
BOLGER,VAL,"METROPOLIS COMA","A Emotional Saga of a Database Administrator And a Pastry Chef who must Confront a Teacher in A Baloon Factory",Sci-Fi,26
BOLGER,VAL,"ALADDIN CALENDAR","A Action-Packed Tale of a Man And a Lumberjack who must Reach a Feminist in Ancient China",Sports,23
BOLGER,VAL,"DUDE BLINDNESS","A Stunning Reflection of a Husband And a Lumberjack who must Face a Frisbee in An Abandoned Fun House",Sports,16
BOLGER,VAL,"WORKING MICROCOSMOS","A Stunning Epistle of a Dentist And a Dog who must Kill a Madman in Ancient China",Travel,25
BOLGER,VAL,"SHAWSHANK BUBBLE","A Lacklusture Story of a Moose And a Monkey who must Confront a Butler in An Abandoned Amusement Park",Travel,19
BRIDGES,CHRIS,"CROW GREASE","A Awe-Inspiring Documentary of a Woman And a Husband who must Sink a Database Administrator in The First Manned Space Station",Action,12
BRIDGES,CHRIS,"DARN FORRESTER","A Fateful Story of a A Shark And a Explorer who must Succumb a Technical Writer in A Jet Boat",Action,18
BRIDGES,CHRIS,"BENEATH RUSH","A Astounding Panorama of a Man And a Monkey who must Discover a Man in The First Manned Space Station",Children,10
BRIDGES,CHRIS,"EXTRAORDINARY CONQUERER","A Stunning Story of a Dog And a Feminist who must Face a Forensic Psychologist in Berlin",Classics,6
BRIDGES,CHRIS,"REQUIEM TYCOON","A Unbelieveable Character Study of a Cat And a Database Administrator who must Pursue a Teacher in A Monastery",Classics,19
BRIDGES,CHRIS,"SATURN NAME","A Fateful Epistle of a Butler And a Boy who must Redeem a Teacher in Berlin",Comedy,13
BRIDGES,CHRIS,"ROAD ROXANNE","A Boring Character Study of a Waitress And a Astronaut who must Fight a Crocodile in Ancient Japan",Documentary,19
BRIDGES,CHRIS,"BILL OTHERS","A Stunning Saga of a Mad Scientist And a Forensic Psychologist who must Challenge a Squirrel in A MySQL Convention",Documentary,19
BRIDGES,CHRIS,"BUNCH MINDS","A Emotional Story of a Feminist And a Feminist who must Escape a Pastry Chef in A MySQL Convention",Drama,5
BRIDGES,CHRIS,"CONVERSATION DOWNHILL","A Taut Character Study of a Husband And a Waitress who must Sink a Squirrel in A MySQL Convention",Family,17
BRIDGES,CHRIS,"SPARTACUS CHEAPER","A Thrilling Panorama of a Pastry Chef And a Secret Agent who must Overcome a Student in A Manhattan Penthouse",Family,9
BRIDGES,CHRIS,"ODDS BOOGIE","A Thrilling Yarn of a Feminist And a Madman who must Battle a Hunter in Berlin",Family,15
BRIDGES,CHRIS,"RAGE GAMES","A Fast-Paced Saga of a Astronaut And a Secret Agent who must Escape a Hunter in An Abandoned Amusement Park",Family,19
BRIDGES,CHRIS,"SPINAL ROCKY","A Lacklusture Epistle of a Sumo Wrestler And a Squirrel who must Defeat a Explorer in California",Family,13
BRIDGES,CHRIS,"ROCKETEER MOTHER","A Awe-Inspiring Character Study of a Robot And a Sumo Wrestler who must Discover a Womanizer in A Shark Tank",Foreign,33
BRIDGES,CHRIS,"PURPLE MOVIE","A Boring Display of a Pastry Chef And a Sumo Wrestler who must Discover a Frisbee in An Abandoned Amusement Park",Foreign,13
BRIDGES,CHRIS,"WORLD LEATHERNECKS","A Unbelieveable Tale of a Pioneer And a Astronaut who must Overcome a Robot in An Abandoned Amusement Park",Horror,8
BRIDGES,CHRIS,"REDS POCUS","A Lacklusture Yarn of a Sumo Wrestler And a Squirrel who must Redeem a Monkey in Soviet Georgia",Music,9
BRIDGES,CHRIS,"PLUTO OLEANDER","A Action-Packed Reflection of a Car And a Moose who must Outgun a Car in A Shark Tank",New,16
BRIDGES,CHRIS,"BLINDNESS GUN","A Touching Drama of a Robot And a Dentist who must Meet a Hunter in A Jet Boat",Sci-Fi,14
BRIDGES,CHRIS,"TROJAN TOMORROW","A Astounding Panorama of a Husband And a Sumo Wrestler who must Pursue a Boat in Ancient India",Sci-Fi,19
BRIDGES,CHRIS,"WONDERLAND CHRISTMAS","A Awe-Inspiring Character Study of a Waitress And a Car who must Pursue a Mad Scientist in The First Manned Space Station",Sci-Fi,22
BRIDGES,CHRIS,"SHAKESPEARE SADDLE","A Fast-Paced Panorama of a Lumberjack And a Database Administrator who must Defeat a Madman in A MySQL Convention",Sports,22
BRIDGES,CHRIS,"CARIBBEAN LIBERTY","A Fanciful Tale of a Pioneer And a Technical Writer who must Outgun a Pioneer in A Shark Tank",Sports,9
BRODY,GOLDIE,"INCH JET","A Fateful Saga of a Womanizer And a Student who must Defeat a Butler in A Monastery",Animation,18
BRODY,GOLDIE,"PUNK DIVORCE","A Fast-Paced Tale of a Pastry Chef And a Boat who must Face a Frisbee in The Canadian Rockies",Animation,8
BRODY,GOLDIE,"PRIDE ALAMO","A Thoughtful Drama of a A Shark And a Forensic Psychologist who must Vanquish a Student in Ancient India",Animation,16
BRODY,GOLDIE,"COMANCHEROS ENEMY","A Boring Saga of a Lumberjack And a Monkey who must Find a Monkey in The Gulf of Mexico",Children,6
BRODY,GOLDIE,"HOLY TADPOLE","A Action-Packed Display of a Feminist And a Pioneer who must Pursue a Dog in A Baloon Factory",Classics,9
BRODY,GOLDIE,"SNATCHERS MONTEZUMA","A Boring Epistle of a Sumo Wrestler And a Woman who must Escape a Man in The Canadian Rockies",Classics,9
BRODY,GOLDIE,"MOD SECRETARY","A Boring Documentary of a Mad Cow And a Cat who must Build a Lumberjack in New Orleans",Documentary,11
BRODY,GOLDIE,"SEA VIRGIN","A Fast-Paced Documentary of a Technical Writer And a Pastry Chef who must Escape a Moose in A U-Boat",Drama,22
BRODY,GOLDIE,"PITY BOUND","A Boring Panorama of a Feminist And a Moose who must Defeat a Database Administrator in Nigeria",Drama,26
BRODY,GOLDIE,"BILKO ANONYMOUS","A Emotional Reflection of a Teacher And a Man who must Meet a Cat in The First Manned Space Station",Family,13
BRODY,GOLDIE,"PRIX UNDEFEATED","A Stunning Saga of a Mad Scientist And a Boat who must Overcome a Dentist in Ancient China",Family,11
BRODY,GOLDIE,"JASON TRAP","A Thoughtful Tale of a Woman And a A Shark who must Conquer a Dog in A Monastery",Family,24
BRODY,GOLDIE,"ROBBERY BRIGHT","A Taut Reflection of a Robot And a Squirrel who must Fight a Boat in Ancient Japan",Family,13
BRODY,GOLDIE,"HOOSIERS BIRDCAGE","A Astounding Display of a Explorer And a Boat who must Vanquish a Car in The First Manned Space Station",Foreign,8
BRODY,GOLDIE,"POLLOCK DELIVERANCE","A Intrepid Story of a Madman And a Frisbee who must Outgun a Boat in The Sahara Desert",Foreign,18
BRODY,GOLDIE,"EVERYONE CRAFT","A Fateful Display of a Waitress And a Dentist who must Reach a Butler in Nigeria",Foreign,13
BRODY,GOLDIE,"HIGH ENCINO","A Fateful Saga of a Waitress And a Hunter who must Outrace a Sumo Wrestler in Australia",Horror,22
BRODY,GOLDIE,"DESERT POSEIDON","A Brilliant Documentary of a Butler And a Frisbee who must Build a Astronaut in New Orleans",Horror,19
BRODY,GOLDIE,"FLAMINGOS CONNECTICUT","A Fast-Paced Reflection of a Composer And a Composer who must Meet a Cat in The Sahara Desert",New,23
BRODY,GOLDIE,"UNBREAKABLE KARATE","A Amazing Character Study of a Robot And a Student who must Chase a Robot in Australia",New,21
BRODY,GOLDIE,"SPIRITED CASUALTIES","A Taut Story of a Waitress And a Man who must Face a Car in A Baloon Factory",Sci-Fi,11
BRODY,GOLDIE,"BINGO TALENTED","A Touching Tale of a Girl And a Crocodile who must Discover a Waitress in Nigeria",Sci-Fi,29
BRODY,GOLDIE,"MARRIED GO","A Fanciful Story of a Womanizer And a Dog who must Face a Forensic Psychologist in The Sahara Desert",Sci-Fi,30
BRODY,GOLDIE,"DAISY MENAGERIE","A Fast-Paced Saga of a Pastry Chef And a Monkey who must Sink a Composer in Ancient India",Sci-Fi,16
BRODY,GOLDIE,"MOSQUITO ARMAGEDDON","A Thoughtful Character Study of a Waitress And a Feminist who must Build a Teacher in Ancient Japan",Sports,15
BRODY,GOLDIE,"MUMMY CREATURES","A Fateful Character Study of a Crocodile And a Monkey who must Meet a Dentist in Australia",Sports,16
BRODY,GOLDIE,"EXORCIST STING","A Touching Drama of a Dog And a Sumo Wrestler who must Conquer a Mad Scientist in Berlin",Sports,13
BRODY,GOLDIE,"OUTLAW HANKY","A Thoughtful Story of a Astronaut And a Composer who must Conquer a Dog in The Sahara Desert",Travel,14
BRODY,LAURA,"MAGNOLIA FORRESTER","A Thoughtful Documentary of a Composer And a Explorer who must Conquer a Dentist in New Orleans",Action,11
BRODY,LAURA,"DESIRE ALIEN","A Fast-Paced Tale of a Dog And a Forensic Psychologist who must Meet a Astronaut in The First Manned Space Station",Animation,8
BRODY,LAURA,"DARES PLUTO","A Fateful Story of a Robot And a Dentist who must Defeat a Astronaut in New Orleans",Animation,9
BRODY,LAURA,"FULL FLATLINERS","A Beautiful Documentary of a Astronaut And a Moose who must Pursue a Monkey in A Shark Tank",Children,5
BRODY,LAURA,"FURY MURDER","A Lacklusture Reflection of a Boat And a Forensic Psychologist who must Fight a Waitress in A Monastery",Children,19
BRODY,LAURA,"PINOCCHIO SIMON","A Action-Packed Reflection of a Mad Scientist And a A Shark who must Find a Feminist in California",Comedy,20
BRODY,LAURA,"CAT CONEHEADS","A Fast-Paced Panorama of a Girl And a A Shark who must Confront a Boy in Ancient India",Comedy,30
BRODY,LAURA,"WISDOM WORKER","A Unbelieveable Saga of a Forensic Psychologist And a Student who must Face a Squirrel in The First Manned Space Station",Comedy,9
BRODY,LAURA,"DANCING FEVER","A Stunning Story of a Explorer And a Forensic Psychologist who must Face a Crocodile in A Shark Tank",Documentary,27
BRODY,LAURA,"DOZEN LION","A Taut Drama of a Cat And a Girl who must Defeat a Frisbee in The Canadian Rockies",Documentary,7
BRODY,LAURA,"HOBBIT ALIEN","A Emotional Drama of a Husband And a Girl who must Outgun a Composer in The First Manned Space Station",Drama,31
BRODY,LAURA,"SOMETHING DUCK","A Boring Character Study of a Car And a Husband who must Outgun a Frisbee in The First Manned Space Station",Drama,19
BRODY,LAURA,"TRANSLATION SUMMER","A Touching Reflection of a Man And a Monkey who must Pursue a Womanizer in A MySQL Convention",Drama,15
BRODY,LAURA,"BLOOD ARGONAUTS","A Boring Drama of a Explorer And a Man who must Kill a Lumberjack in A Manhattan Penthouse",Family,10
BRODY,LAURA,"SHOCK CABIN","A Fateful Tale of a Mad Cow And a Crocodile who must Meet a Husband in New Orleans",Foreign,30
BRODY,LAURA,"PET HAUNTING","A Unbelieveable Reflection of a Explorer And a Boat who must Conquer a Woman in California",Foreign,8
BRODY,LAURA,"SINNERS ATLANTIS","A Epic Display of a Dog And a Boat who must Succumb a Mad Scientist in An Abandoned Mine Shaft",Horror,22
BRODY,LAURA,"MOTIONS DETAILS","A Awe-Inspiring Reflection of a Dog And a Student who must Kill a Car in An Abandoned Fun House",Horror,16
BRODY,LAURA,"TARZAN VIDEOTAPE","A Fast-Paced Display of a Lumberjack And a Mad Scientist who must Succumb a Sumo Wrestler in The Sahara Desert",Horror,8
BRODY,LAURA,"AMELIE HELLFIGHTERS","A Boring Drama of a Woman And a Squirrel who must Conquer a Student in A Baloon",Music,10
BRODY,LAURA,"MASK PEACH","A Boring Character Study of a Student And a Robot who must Meet a Woman in California",New,17
BRODY,LAURA,"GODFATHER DIARY","A Stunning Saga of a Lumberjack And a Squirrel who must Chase a Car in The Outback",New,8
BRODY,LAURA,"CRANES RESERVOIR","A Fanciful Documentary of a Teacher And a Dog who must Outgun a Forensic Psychologist in A Baloon Factory",Sports,11
BRODY,LAURA,"FUGITIVE MAGUIRE","A Taut Epistle of a Feminist And a Sumo Wrestler who must Battle a Crocodile in Australia",Travel,11
BRODY,LAURA,"SHANGHAI TYCOON","A Fast-Paced Character Study of a Crocodile And a Lumberjack who must Build a Husband in An Abandoned Fun House",Travel,14
BULLOCK,LAURENCE,"REAR TRADING","A Awe-Inspiring Reflection of a Forensic Psychologist And a Secret Agent who must Succumb a Pastry Chef in Soviet Georgia",Action,17
BULLOCK,LAURENCE,"SIDE ARK","A Stunning Panorama of a Crocodile And a Womanizer who must Meet a Feminist in The Canadian Rockies",Action,12
BULLOCK,LAURENCE,"POTLUCK MIXED","A Beautiful Story of a Dog And a Technical Writer who must Outgun a Student in A Baloon",Animation,11
BULLOCK,LAURENCE,"NOON PAPI","A Unbelieveable Character Study of a Mad Scientist And a Astronaut who must Find a Pioneer in A Manhattan Penthouse",Children,17
BULLOCK,LAURENCE,"CROOKED FROGMEN","A Unbelieveable Drama of a Hunter And a Database Administrator who must Battle a Crocodile in An Abandoned Amusement Park",Children,23
BULLOCK,LAURENCE,"SUNDANCE INVASION","A Epic Drama of a Lumberjack And a Explorer who must Confront a Hunter in A Baloon Factory",Children,19
BULLOCK,LAURENCE,"FROST HEAD","A Amazing Reflection of a Lumberjack And a Cat who must Discover a Husband in A MySQL Convention",Classics,30
BULLOCK,LAURENCE,"MALKOVICH PET","A Intrepid Reflection of a Waitress And a A Shark who must Kill a Squirrel in The Outback",Classics,26
BULLOCK,LAURENCE,"PERFECT GROOVE","A Thrilling Yarn of a Dog And a Dog who must Build a Husband in A Baloon",Comedy,17
BULLOCK,LAURENCE,"ROAD ROXANNE","A Boring Character Study of a Waitress And a Astronaut who must Fight a Crocodile in Ancient Japan",Documentary,19
BULLOCK,LAURENCE,"BILL OTHERS","A Stunning Saga of a Mad Scientist And a Forensic Psychologist who must Challenge a Squirrel in A MySQL Convention",Documentary,19
BULLOCK,LAURENCE,"BUNCH MINDS","A Emotional Story of a Feminist And a Feminist who must Escape a Pastry Chef in A MySQL Convention",Drama,5
BULLOCK,LAURENCE,"UNFAITHFUL KILL","A Taut Documentary of a Waitress And a Mad Scientist who must Battle a Technical Writer in New Orleans",Drama,8
BULLOCK,LAURENCE,"TENENBAUMS COMMAND","A Taut Display of a Pioneer And a Man who must Reach a Girl in The Gulf of Mexico",Drama,13
BULLOCK,LAURENCE,"BEDAZZLED MARRIED","A Astounding Character Study of a Madman And a Robot who must Meet a Mad Scientist in An Abandoned Fun House",Family,13
BULLOCK,LAURENCE,"SINNERS ATLANTIS","A Epic Display of a Dog And a Boat who must Succumb a Mad Scientist in An Abandoned Mine Shaft",Horror,22
BULLOCK,LAURENCE,"STREETCAR INTENTIONS","A Insightful Character Study of a Waitress And a Crocodile who must Sink a Waitress in The Gulf of Mexico",Horror,25
BULLOCK,LAURENCE,"ALONE TRIP","A Fast-Paced Character Study of a Composer And a Dog who must Outgun a Boat in An Abandoned Fun House",Music,18
BULLOCK,LAURENCE,"ANGELS LIFE","A Thoughtful Display of a Woman And a Astronaut who must Battle a Robot in Berlin",New,22
BULLOCK,LAURENCE,"FISH OPUS","A Touching Display of a Feminist And a Girl who must Confront a Astronaut in Australia",Sci-Fi,25
BULLOCK,LAURENCE,"CARIBBEAN LIBERTY","A Fanciful Tale of a Pioneer And a Technical Writer who must Outgun a Pioneer in A Shark Tank",Sports,9
BULLOCK,LAURENCE,"NORTHWEST POLISH","A Boring Character Study of a Boy And a A Shark who must Outrace a Womanizer in The Outback",Sports,20
BULLOCK,LAURENCE,"KICK SAVANNAH","A Emotional Drama of a Monkey And a Robot who must Defeat a Monkey in New Orleans",Travel,20
BULLOCK,LAURENCE,"EXPECATIONS NATURAL","A Amazing Drama of a Butler And a Husband who must Reach a A Shark in A U-Boat",Travel,18
BULLOCK,LAURENCE,"FROGMEN BREAKING","A Unbelieveable Yarn of a Mad Scientist And a Cat who must Chase a Lumberjack in Australia",Travel,10
CAGE,JOHNNY,"SUSPECTS QUILLS","A Emotional Epistle of a Pioneer And a Crocodile who must Battle a Man in A Manhattan Penthouse",Action,30
CAGE,JOHNNY,"DESIRE ALIEN","A Fast-Paced Tale of a Dog And a Forensic Psychologist who must Meet a Astronaut in The First Manned Space Station",Animation,8
CAGE,JOHNNY,"FLYING HOOK","A Thrilling Display of a Mad Cow And a Dog who must Challenge a Frisbee in Nigeria",Animation,20
CAGE,JOHNNY,"THIEF PELICAN","A Touching Documentary of a Madman And a Mad Scientist who must Outrace a Feminist in An Abandoned Mine Shaft",Animation,19
CAGE,JOHNNY,"ROOTS REMEMBER","A Brilliant Drama of a Mad Cow And a Hunter who must Escape a Hunter in Berlin",Classics,17
CAGE,JOHNNY,"RUSHMORE MERMAID","A Boring Story of a Woman And a Moose who must Reach a Husband in A Shark Tank",Comedy,6
CAGE,JOHNNY,"VELVET TERMINATOR","A Lacklusture Tale of a Pastry Chef And a Technical Writer who must Confront a Crocodile in An Abandoned Amusement Park",Comedy,26
CAGE,JOHNNY,"ACADEMY DINOSAUR","A Epic Drama of a Feminist And a Mad Scientist who must Battle a Teacher in The Canadian Rockies",Documentary,23
CAGE,JOHNNY,"INTOLERABLE INTENTIONS","A Awe-Inspiring Story of a Monkey And a Pastry Chef who must Succumb a Womanizer in A MySQL Convention",Documentary,9
CAGE,JOHNNY,"HANGING DEEP","A Action-Packed Yarn of a Boat And a Crocodile who must Build a Monkey in Berlin",Drama,19
CAGE,JOHNNY,"LIES TREATMENT","A Fast-Paced Character Study of a Dentist And a Moose who must Defeat a Composer in The First Manned Space Station",Drama,27
CAGE,JOHNNY,"BUNCH MINDS","A Emotional Story of a Feminist And a Feminist who must Escape a Pastry Chef in A MySQL Convention",Drama,5
CAGE,JOHNNY,"ALAMO VIDEOTAPE","A Boring Epistle of a Butler And a Cat who must Fight a Pastry Chef in A MySQL Convention",Foreign,24
CAGE,JOHNNY,"ROXANNE REBEL","A Astounding Story of a Pastry Chef And a Database Administrator who must Fight a Man in The Outback",Games,19
CAGE,JOHNNY,"SPY MILE","A Thrilling Documentary of a Feminist And a Feminist who must Confront a Feminist in A Baloon",Games,27
CAGE,JOHNNY,"SIMON NORTH","A Thrilling Documentary of a Technical Writer And a A Shark who must Face a Pioneer in A Shark Tank",Horror,6
CAGE,JOHNNY,"KARATE MOON","A Astounding Yarn of a Womanizer And a Dog who must Reach a Waitress in A MySQL Convention",Horror,23
CAGE,JOHNNY,"ARABIA DOGMA","A Touching Epistle of a Madman And a Mad Cow who must Defeat a Student in Nigeria",Horror,13
CAGE,JOHNNY,"ROCK INSTINCT","A Astounding Character Study of a Robot And a Moose who must Overcome a Astronaut in Ancient India",Horror,17
CAGE,JOHNNY,"VAMPIRE WHALE","A Epic Story of a Lumberjack And a Monkey who must Confront a Pioneer in A MySQL Convention",New,12
CAGE,JOHNNY,"CLYDE THEORY","A Beautiful Yarn of a Astronaut And a Frisbee who must Overcome a Explorer in A Jet Boat",New,8
CAGE,JOHNNY,"HAMLET WISDOM","A Touching Reflection of a Man And a Man who must Sink a Robot in The Outback",Sci-Fi,14
CAGE,JOHNNY,"GRAFFITI LOVE","A Unbelieveable Epistle of a Sumo Wrestler And a Hunter who must Build a Composer in Berlin",Sci-Fi,30
CAGE,JOHNNY,"CONNECTICUT TRAMP","A Unbelieveable Drama of a Crocodile And a Mad Cow who must Reach a Dentist in A Shark Tank",Sci-Fi,13
CAGE,JOHNNY,"REIGN GENTLEMEN","A Emotional Yarn of a Composer And a Man who must Escape a Butler in The Gulf of Mexico",Sci-Fi,20
CAGE,JOHNNY,"INSTINCT AIRPORT","A Touching Documentary of a Mad Cow And a Explorer who must Confront a Butler in A Manhattan Penthouse",Sports,18
CAGE,JOHNNY,"DISCIPLE MOTHER","A Touching Reflection of a Mad Scientist And a Boat who must Face a Moose in A Shark Tank",Travel,19
CAGE,JOHNNY,"SUPERFLY TRIP","A Beautiful Saga of a Lumberjack And a Teacher who must Build a Technical Writer in An Abandoned Fun House",Travel,10
CAGE,ZERO,"STORY SIDE","A Lacklusture Saga of a Boy And a Cat who must Sink a Dentist in An Abandoned Mine Shaft",Action,28
CAGE,ZERO,"DANCES NONE","A Insightful Reflection of a A Shark And a Dog who must Kill a Butler in An Abandoned Amusement Park",Action,14
CAGE,ZERO,"HANDICAP BOONDOCK","A Beautiful Display of a Pioneer And a Squirrel who must Vanquish a Sumo Wrestler in Soviet Georgia",Action,28
CAGE,ZERO,"HORN WORKING","A Stunning Display of a Mad Scientist And a Technical Writer who must Succumb a Monkey in A Shark Tank",Animation,24
CAGE,ZERO,"CANYON STOCK","A Thoughtful Reflection of a Waitress And a Feminist who must Escape a Squirrel in A Manhattan Penthouse",Animation,19
CAGE,ZERO,"JERSEY SASSY","A Lacklusture Documentary of a Madman And a Mad Cow who must Find a Feminist in Ancient Japan",Children,6
CAGE,ZERO,"UPTOWN YOUNG","A Fateful Documentary of a Dog And a Hunter who must Pursue a Teacher in An Abandoned Amusement Park",Children,12
CAGE,ZERO,"TOOTSIE PILOT","A Awe-Inspiring Documentary of a Womanizer And a Pastry Chef who must Kill a Lumberjack in Berlin",Children,15
CAGE,ZERO,"VELVET TERMINATOR","A Lacklusture Tale of a Pastry Chef And a Technical Writer who must Confront a Crocodile in An Abandoned Amusement Park",Comedy,26
CAGE,ZERO,"THIN SAGEBRUSH","A Emotional Drama of a Husband And a Lumberjack who must Build a Cat in Ancient India",Documentary,11
CAGE,ZERO,"MOD SECRETARY","A Boring Documentary of a Mad Cow And a Cat who must Build a Lumberjack in New Orleans",Documentary,11
CAGE,ZERO,"RACER EGG","A Emotional Display of a Monkey And a Waitress who must Reach a Secret Agent in California",Drama,18
CAGE,ZERO,"WEST LION","A Intrepid Drama of a Butler And a Lumberjack who must Challenge a Database Administrator in A Manhattan Penthouse",Drama,16
CAGE,ZERO,"GANDHI KWAI","A Thoughtful Display of a Mad Scientist And a Secret Agent who must Chase a Boat in Berlin",Family,17
CAGE,ZERO,"MEET CHOCOLATE","A Boring Documentary of a Dentist And a Butler who must Confront a Monkey in A MySQL Convention",Foreign,12
CAGE,ZERO,"MOONWALKER FOOL","A Epic Drama of a Feminist And a Pioneer who must Sink a Composer in New Orleans",Games,13
CAGE,ZERO,"ENCINO ELF","A Astounding Drama of a Feminist And a Teacher who must Confront a Husband in A Baloon",Games,19
CAGE,ZERO,"STRANGERS GRAFFITI","A Brilliant Character Study of a Secret Agent And a Man who must Find a Cat in The Gulf of Mexico",Horror,17
CAGE,ZERO,"OLEANDER CLUE","A Boring Story of a Teacher And a Monkey who must Succumb a Forensic Psychologist in A Jet Boat",Music,10
CAGE,ZERO,"GODFATHER DIARY","A Stunning Saga of a Lumberjack And a Squirrel who must Chase a Car in The Outback",New,8
CAGE,ZERO,"ENDING CROWDS","A Unbelieveable Display of a Dentist And a Madman who must Vanquish a Squirrel in Berlin",New,11
CAGE,ZERO,"LOSER HUSTLER","A Stunning Drama of a Robot And a Feminist who must Outgun a Butler in Nigeria",Sports,15
CAGE,ZERO,"HONEY TIES","A Taut Story of a Waitress And a Crocodile who must Outrace a Lumberjack in A Shark Tank",Sports,19
CAGE,ZERO,"IMAGE PRINCESS","A Lacklusture Panorama of a Secret Agent And a Crocodile who must Discover a Madman in The Canadian Rockies",Sports,14
CAGE,ZERO,"WORKER TARZAN","A Action-Packed Yarn of a Secret Agent And a Technical Writer who must Battle a Sumo Wrestler in The First Manned Space Station",Travel,15
CARREY,MATTHEW,"MINDS TRUMAN","A Taut Yarn of a Mad Scientist And a Crocodile who must Outgun a Database Administrator in A Monastery",Action,20
CARREY,MATTHEW,"LUST LOCK","A Fanciful Panorama of a Hunter And a Dentist who must Meet a Secret Agent in The Sahara Desert",Action,15
CARREY,MATTHEW,"WORST BANGER","A Thrilling Drama of a Madman And a Dentist who must Conquer a Boy in The Outback",Action,16
CARREY,MATTHEW,"TRIP NEWTON","A Fanciful Character Study of a Lumberjack And a Car who must Discover a Cat in An Abandoned Amusement Park",Action,28
CARREY,MATTHEW,"TITANIC BOONDOCK","A Brilliant Reflection of a Feminist And a Dog who must Fight a Boy in A Baloon Factory",Animation,23
CARREY,MATTHEW,"SNOWMAN ROLLERCOASTER","A Fateful Display of a Lumberjack And a Girl who must Succumb a Mad Cow in A Manhattan Penthouse",Animation,23
CARREY,MATTHEW,"INCH JET","A Fateful Saga of a Womanizer And a Student who must Defeat a Butler in A Monastery",Animation,18
CARREY,MATTHEW,"BLACKOUT PRIVATE","A Intrepid Yarn of a Pastry Chef And a Mad Scientist who must Challenge a Secret Agent in Ancient Japan",Animation,27
CARREY,MATTHEW,"CIRCUS YOUTH","A Thoughtful Drama of a Pastry Chef And a Dentist who must Pursue a Girl in A Baloon",Children,15
CARREY,MATTHEW,"HEARTBREAKERS BRIGHT","A Awe-Inspiring Documentary of a A Shark And a Dentist who must Outrace a Pastry Chef in The Canadian Rockies",Children,20
CARREY,MATTHEW,"ROOTS REMEMBER","A Brilliant Drama of a Mad Cow And a Hunter who must Escape a Hunter in Berlin",Classics,17
CARREY,MATTHEW,"MULAN MOON","A Emotional Saga of a Womanizer And a Pioneer who must Overcome a Dentist in A Baloon",Comedy,13
CARREY,MATTHEW,"LIFE TWISTED","A Thrilling Reflection of a Teacher And a Composer who must Find a Man in The First Manned Space Station",Comedy,10
CARREY,MATTHEW,"ARMY FLINTSTONES","A Boring Saga of a Database Administrator And a Womanizer who must Battle a Waitress in Nigeria",Documentary,16
CARREY,MATTHEW,"TRANSLATION SUMMER","A Touching Reflection of a Man And a Monkey who must Pursue a Womanizer in A MySQL Convention",Drama,15
CARREY,MATTHEW,"HARRY IDAHO","A Taut Yarn of a Technical Writer And a Feminist who must Outrace a Dog in California",Drama,30
CARREY,MATTHEW,"LUCK OPUS","A Boring Display of a Moose And a Squirrel who must Outrace a Teacher in A Shark Tank",Drama,10
CARREY,MATTHEW,"AFRICAN EGG","A Fast-Paced Documentary of a Pastry Chef And a Dentist who must Pursue a Forensic Psychologist in The Gulf of Mexico",Family,12
CARREY,MATTHEW,"BLUES INSTINCT","A Insightful Documentary of a Boat And a Composer who must Meet a Forensic Psychologist in An Abandoned Fun House",Family,21
CARREY,MATTHEW,"HOUSE DYNAMITE","A Taut Story of a Pioneer And a Squirrel who must Battle a Student in Soviet Georgia",Family,23
CARREY,MATTHEW,"FICTION CHRISTMAS","A Emotional Yarn of a A Shark And a Student who must Battle a Robot in An Abandoned Mine Shaft",Foreign,19
CARREY,MATTHEW,"LADYBUGS ARMAGEDDON","A Fateful Reflection of a Dog And a Mad Scientist who must Meet a Mad Scientist in New Orleans",Games,6
CARREY,MATTHEW,"MADRE GABLES","A Intrepid Panorama of a Sumo Wrestler And a Forensic Psychologist who must Discover a Moose in The First Manned Space Station",Games,14
CARREY,MATTHEW,"GRINCH MASSAGE","A Intrepid Display of a Madman And a Feminist who must Pursue a Pioneer in The First Manned Space Station",Games,14
CARREY,MATTHEW,"MOONSHINE CABIN","A Thoughtful Display of a Astronaut And a Feminist who must Chase a Frisbee in A Jet Boat",Games,21
CARREY,MATTHEW,"GUN BONNIE","A Boring Display of a Sumo Wrestler And a Husband who must Build a Waitress in The Gulf of Mexico",Games,25
CARREY,MATTHEW,"FAMILY SWEET","A Epic Documentary of a Teacher And a Boy who must Escape a Woman in Berlin",Horror,29
CARREY,MATTHEW,"SWARM GOLD","A Insightful Panorama of a Crocodile And a Boat who must Conquer a Sumo Wrestler in A MySQL Convention",Horror,27
CARREY,MATTHEW,"BIRCH ANTITRUST","A Fanciful Panorama of a Husband And a Pioneer who must Outgun a Dog in A Baloon",Music,11
CARREY,MATTHEW,"UNCUT SUICIDES","A Intrepid Yarn of a Explorer And a Pastry Chef who must Pursue a Mad Cow in A U-Boat",Music,14
CARREY,MATTHEW,"NONE SPIKING","A Boring Reflection of a Secret Agent And a Astronaut who must Face a Composer in A Manhattan Penthouse",Sci-Fi,27
CARREY,MATTHEW,"SQUAD FISH","A Fast-Paced Display of a Pastry Chef And a Dog who must Kill a Teacher in Berlin",Sports,7
CARREY,MATTHEW,"HOLES BRANNIGAN","A Fast-Paced Reflection of a Technical Writer And a Student who must Fight a Boy in The Canadian Rockies",Sports,15
CARREY,MATTHEW,"MUSCLE BRIGHT","A Stunning Panorama of a Sumo Wrestler And a Husband who must Redeem a Madman in Ancient India",Travel,30
CARREY,MATTHEW,"ENOUGH RAGING","A Astounding Character Study of a Boat And a Secret Agent who must Find a Mad Cow in The Sahara Desert",Travel,18
CARREY,MATTHEW,"DISCIPLE MOTHER","A Touching Reflection of a Mad Scientist And a Boat who must Face a Moose in A Shark Tank",Travel,19
CARREY,MATTHEW,"SUPERFLY TRIP","A Beautiful Saga of a Lumberjack And a Teacher who must Build a Technical Writer in An Abandoned Fun House",Travel,10
CHAPLIN,GREG,"FANTASY TROOPERS","A Touching Saga of a Teacher And a Monkey who must Overcome a Secret Agent in A MySQL Convention",Action,26
CHAPLIN,GREG,"HOPE TOOTSIE","A Amazing Documentary of a Student And a Sumo Wrestler who must Outgun a A Shark in A Shark Tank",Classics,18
CHAPLIN,GREG,"JEOPARDY ENCINO","A Boring Panorama of a Man And a Mad Cow who must Face a Explorer in Ancient India",Classics,10
CHAPLIN,GREG,"DRACULA CRYSTAL","A Thrilling Reflection of a Feminist And a Cat who must Find a Frisbee in An Abandoned Fun House",Classics,21
CHAPLIN,GREG,"CRUELTY UNFORGIVEN","A Brilliant Tale of a Car And a Moose who must Battle a Dentist in Nigeria",Classics,7
CHAPLIN,GREG,"MAGNIFICENT CHITTY","A Insightful Story of a Teacher And a Hunter who must Face a Mad Cow in California",Classics,8
CHAPLIN,GREG,"SLING LUKE","A Intrepid Character Study of a Robot And a Monkey who must Reach a Secret Agent in An Abandoned Amusement Park",Classics,6
CHAPLIN,GREG,"TRAINSPOTTING STRANGERS","A Fast-Paced Drama of a Pioneer And a Mad Cow who must Challenge a Madman in Ancient Japan",Comedy,11
CHAPLIN,GREG,"STRICTLY SCARFACE","A Touching Reflection of a Crocodile And a Dog who must Chase a Hunter in An Abandoned Fun House",Comedy,23
CHAPLIN,GREG,"UNFAITHFUL KILL","A Taut Documentary of a Waitress And a Mad Scientist who must Battle a Technical Writer in New Orleans",Drama,8
CHAPLIN,GREG,"HALF OUTFIELD","A Epic Epistle of a Database Administrator And a Crocodile who must Face a Madman in A Jet Boat",Family,26
CHAPLIN,GREG,"NEWTON LABYRINTH","A Intrepid Character Study of a Moose And a Waitress who must Find a A Shark in Ancient India",Foreign,17
CHAPLIN,GREG,"USUAL UNTOUCHABLES","A Touching Display of a Explorer And a Lumberjack who must Fight a Forensic Psychologist in A Shark Tank",Foreign,13
CHAPLIN,GREG,"JET NEIGHBORS","A Amazing Display of a Lumberjack And a Teacher who must Outrace a Woman in A U-Boat",Foreign,20
CHAPLIN,GREG,"FORWARD TEMPLE","A Astounding Display of a Forensic Psychologist And a Mad Scientist who must Challenge a Girl in New Orleans",Games,32
CHAPLIN,GREG,"RUNNER MADIGAN","A Thoughtful Documentary of a Crocodile And a Robot who must Outrace a Womanizer in The Outback",Music,8
CHAPLIN,GREG,"OLEANDER CLUE","A Boring Story of a Teacher And a Monkey who must Succumb a Forensic Psychologist in A Jet Boat",Music,10
CHAPLIN,GREG,"CLYDE THEORY","A Beautiful Yarn of a Astronaut And a Frisbee who must Overcome a Explorer in A Jet Boat",New,8
CHAPLIN,GREG,"DAY UNFAITHFUL","A Stunning Documentary of a Composer And a Mad Scientist who must Find a Technical Writer in A U-Boat",New,14
CHAPLIN,GREG,"SAMURAI LION","A Fast-Paced Story of a Pioneer And a Astronaut who must Reach a Boat in A Baloon",New,25
CHAPLIN,GREG,"GODFATHER DIARY","A Stunning Saga of a Lumberjack And a Squirrel who must Chase a Car in The Outback",New,8
CHAPLIN,GREG,"TITANS JERK","A Unbelieveable Panorama of a Feminist And a Sumo Wrestler who must Challenge a Technical Writer in Ancient China",Sci-Fi,29
CHAPLIN,GREG,"LICENSE WEEKEND","A Insightful Story of a Man And a Husband who must Overcome a Madman in A Monastery",Sci-Fi,7
CHAPLIN,GREG,"CHARADE DUFFEL","A Action-Packed Display of a Man And a Waitress who must Build a Dog in A MySQL Convention",Sci-Fi,15
CHAPLIN,GREG,"NOVOCAINE FLIGHT","A Fanciful Display of a Student And a Teacher who must Outgun a Crocodile in Nigeria",Sports,19
CHAPLIN,GREG,"LIBERTY MAGNIFICENT","A Boring Drama of a Student And a Cat who must Sink a Technical Writer in A Baloon",Sports,12
CHAPLIN,GREG,"TEEN APOLLO","A Awe-Inspiring Drama of a Dog And a Man who must Escape a Robot in A Shark Tank",Travel,17
CHASE,ED,"CADDYSHACK JEDI","A Awe-Inspiring Epistle of a Woman And a Madman who must Fight a Robot in Soviet Georgia",Action,16
CHASE,ED,"FORREST SONS","A Thrilling Documentary of a Forensic Psychologist And a Butler who must Defeat a Explorer in A Jet Boat",Action,18
CHASE,ED,"FROST HEAD","A Amazing Reflection of a Lumberjack And a Cat who must Discover a Husband in A MySQL Convention",Classics,30
CHASE,ED,"JEEPERS WEDDING","A Astounding Display of a Composer And a Dog who must Kill a Pastry Chef in Soviet Georgia",Classics,16
CHASE,ED,"WEDDING APOLLO","A Action-Packed Tale of a Student And a Waitress who must Conquer a Lumberjack in An Abandoned Mine Shaft",Documentary,24
CHASE,ED,"ARMY FLINTSTONES","A Boring Saga of a Database Administrator And a Womanizer who must Battle a Waitress in Nigeria",Documentary,16
CHASE,ED,"HALLOWEEN NUTS","A Amazing Panorama of a Forensic Psychologist And a Technical Writer who must Fight a Dentist in A U-Boat",Documentary,10
CHASE,ED,"FRENCH HOLIDAY","A Thrilling Epistle of a Dog And a Feminist who must Kill a Madman in Berlin",Documentary,17
CHASE,ED,"HUNTER ALTER","A Emotional Drama of a Mad Cow And a Boat who must Redeem a Secret Agent in A Shark Tank",Documentary,5
CHASE,ED,"YOUNG LANGUAGE","A Unbelieveable Yarn of a Boat And a Database Administrator who must Meet a Boy in The First Manned Space Station",Documentary,7
CHASE,ED,"LUCK OPUS","A Boring Display of a Moose And a Squirrel who must Outrace a Teacher in A Shark Tank",Drama,10
CHASE,ED,"SPICE SORORITY","A Fateful Display of a Pioneer And a Hunter who must Defeat a Husband in An Abandoned Mine Shaft",Drama,20
CHASE,ED,"NECKLACE OUTBREAK","A Astounding Epistle of a Database Administrator And a Mad Scientist who must Pursue a Cat in California",Drama,15
CHASE,ED,"COWBOY DOOM","A Astounding Drama of a Boy And a Lumberjack who must Fight a Butler in A Baloon",Foreign,7
CHASE,ED,"WHALE BIKINI","A Intrepid Story of a Pastry Chef And a Database Administrator who must Kill a Feminist in A MySQL Convention",Foreign,18
CHASE,ED,"ALONE TRIP","A Fast-Paced Character Study of a Composer And a Dog who must Outgun a Boat in An Abandoned Fun House",Music,18
CHASE,ED,"EVE RESURRECTION","A Awe-Inspiring Yarn of a Pastry Chef And a Database Administrator who must Challenge a Teacher in A Baloon",New,7
CHASE,ED,"PLATOON INSTINCT","A Thrilling Panorama of a Man And a Woman who must Reach a Woman in Australia",New,9
CHASE,ED,"WEEKEND PERSONAL","A Fast-Paced Documentary of a Car And a Butler who must Find a Frisbee in A Jet Boat",Sci-Fi,18
CHASE,ED,"ARTIST COLDBLOODED","A Stunning Reflection of a Robot And a Moose who must Challenge a Woman in California",Sports,16
CHASE,ED,"IMAGE PRINCESS","A Lacklusture Panorama of a Secret Agent And a Crocodile who must Discover a Madman in The Canadian Rockies",Sports,14
CHASE,JON,"CLUELESS BUCKET","A Taut Tale of a Car And a Pioneer who must Conquer a Sumo Wrestler in An Abandoned Fun House",Action,25
CHASE,JON,"HILLS NEIGHBORS","A Epic Display of a Hunter And a Feminist who must Sink a Car in A U-Boat",Action,25
CHASE,JON,"FANTASY TROOPERS","A Touching Saga of a Teacher And a Monkey who must Overcome a Secret Agent in A MySQL Convention",Action,26
CHASE,JON,"DREAM PICKUP","A Epic Display of a Car And a Composer who must Overcome a Forensic Psychologist in The Gulf of Mexico",Action,22
CHASE,JON,"SUGAR WONKA","A Touching Story of a Dentist And a Database Administrator who must Conquer a Astronaut in An Abandoned Amusement Park",Animation,17
CHASE,JON,"INSECTS STONE","A Epic Display of a Butler And a Dog who must Vanquish a Crocodile in A Manhattan Penthouse",Animation,18
CHASE,JON,"BORROWERS BEDAZZLED","A Brilliant Epistle of a Teacher And a Sumo Wrestler who must Defeat a Man in An Abandoned Fun House",Animation,22
CHASE,JON,"MICROCOSMOS PARADISE","A Touching Character Study of a Boat And a Student who must Sink a A Shark in Nigeria",Children,13
CHASE,JON,"DOCTOR GRAIL","A Insightful Drama of a Womanizer And a Waitress who must Reach a Forensic Psychologist in The Outback",Children,7
CHASE,JON,"CIDER DESIRE","A Stunning Character Study of a Composer And a Mad Cow who must Succumb a Cat in Soviet Georgia",Documentary,19
CHASE,JON,"HUNTER ALTER","A Emotional Drama of a Mad Cow And a Boat who must Redeem a Secret Agent in A Shark Tank",Documentary,5
CHASE,JON,"LIES TREATMENT","A Fast-Paced Character Study of a Dentist And a Moose who must Defeat a Composer in The First Manned Space Station",Drama,27
CHASE,JON,"HAROLD FRENCH","A Stunning Saga of a Sumo Wrestler And a Student who must Outrace a Moose in The Sahara Desert",Drama,8
CHASE,JON,"SPICE SORORITY","A Fateful Display of a Pioneer And a Hunter who must Defeat a Husband in An Abandoned Mine Shaft",Drama,20
CHASE,JON,"SAINTS BRIDE","A Fateful Tale of a Technical Writer And a Composer who must Pursue a Explorer in The Gulf of Mexico",Drama,8
CHASE,JON,"INDIAN LOVE","A Insightful Saga of a Mad Scientist And a Mad Scientist who must Kill a Astronaut in An Abandoned Fun House",Family,16
CHASE,JON,"VIRTUAL SPOILERS","A Fateful Tale of a Database Administrator And a Squirrel who must Discover a Student in Soviet Georgia",Family,14
CHASE,JON,"RESERVOIR ADAPTATION","A Intrepid Drama of a Teacher And a Moose who must Kill a Car in California",Foreign,10
CHASE,JON,"ROUGE SQUAD","A Awe-Inspiring Drama of a Astronaut And a Frisbee who must Conquer a Mad Scientist in Australia",Games,18
CHASE,JON,"PRIVATE DROP","A Stunning Story of a Technical Writer And a Hunter who must Succumb a Secret Agent in A Baloon",Games,5
CHASE,JON,"ALI FOREVER","A Action-Packed Drama of a Dentist And a Crocodile who must Battle a Feminist in The Canadian Rockies",Horror,9
CHASE,JON,"ROLLERCOASTER BRINGING","A Beautiful Drama of a Robot And a Lumberjack who must Discover a Technical Writer in A Shark Tank",Horror,10
CHASE,JON,"FLAMINGOS CONNECTICUT","A Fast-Paced Reflection of a Composer And a Composer who must Meet a Cat in The Sahara Desert",New,23
CHASE,JON,"BINGO TALENTED","A Touching Tale of a Girl And a Crocodile who must Discover a Waitress in Nigeria",Sci-Fi,29
CHASE,JON,"STALLION SUNDANCE","A Fast-Paced Tale of a Car And a Dog who must Outgun a A Shark in Australia",Sci-Fi,7
CHASE,JON,"LESSON CLEOPATRA","A Emotional Display of a Man And a Explorer who must Build a Boy in A Manhattan Penthouse",Sports,7
CHASE,JON,"SWEET BROTHERHOOD","A Unbelieveable Epistle of a Sumo Wrestler And a Hunter who must Chase a Forensic Psychologist in A Baloon",Travel,15
CHASE,JON,"MADIGAN DORADO","A Astounding Character Study of a A Shark And a A Shark who must Discover a Crocodile in The Outback",Travel,10
CLOSE,RUSSELL,"STORY SIDE","A Lacklusture Saga of a Boy And a Cat who must Sink a Dentist in An Abandoned Mine Shaft",Action,28
CLOSE,RUSSELL,"SUMMER SCARFACE","A Emotional Panorama of a Lumberjack And a Hunter who must Meet a Girl in A Shark Tank",Classics,16
CLOSE,RUSSELL,"GUNFIGHT MOON","A Epic Reflection of a Pastry Chef And a Explorer who must Reach a Dentist in The Sahara Desert",Comedy,24
CLOSE,RUSSELL,"MIGHTY LUCK","A Astounding Epistle of a Mad Scientist And a Pioneer who must Escape a Database Administrator in A MySQL Convention",Documentary,12
CLOSE,RUSSELL,"ARMY FLINTSTONES","A Boring Saga of a Database Administrator And a Womanizer who must Battle a Waitress in Nigeria",Documentary,16
CLOSE,RUSSELL,"BILKO ANONYMOUS","A Emotional Reflection of a Teacher And a Man who must Meet a Cat in The First Manned Space Station",Family,13
CLOSE,RUSSELL,"RANGE MOONWALKER","A Insightful Documentary of a Hunter And a Dentist who must Confront a Crocodile in A Baloon",Family,27
CLOSE,RUSSELL,"VIDEOTAPE ARSENIC","A Lacklusture Display of a Girl And a Astronaut who must Succumb a Student in Australia",Games,29
CLOSE,RUSSELL,"VOLCANO TEXAS","A Awe-Inspiring Yarn of a Hunter And a Feminist who must Challenge a Dentist in The Outback",Games,22
CLOSE,RUSSELL,"FIDELITY DEVIL","A Awe-Inspiring Drama of a Technical Writer And a Composer who must Reach a Pastry Chef in A U-Boat",Horror,21
CLOSE,RUSSELL,"OLEANDER CLUE","A Boring Story of a Teacher And a Monkey who must Succumb a Forensic Psychologist in A Jet Boat",Music,10
CLOSE,RUSSELL,"WON DARES","A Unbelieveable Documentary of a Teacher And a Monkey who must Defeat a Explorer in A U-Boat",Music,9
CLOSE,RUSSELL,"APOCALYPSE FLAMINGOS","A Astounding Story of a Dog And a Squirrel who must Defeat a Woman in An Abandoned Amusement Park",New,6
CLOSE,RUSSELL,"LICENSE WEEKEND","A Insightful Story of a Man And a Husband who must Overcome a Madman in A Monastery",Sci-Fi,7
CLOSE,RUSSELL,"GUYS FALCON","A Boring Story of a Woman And a Feminist who must Redeem a Squirrel in A U-Boat",Sci-Fi,9
CLOSE,RUSSELL,"CALIFORNIA BIRDS","A Thrilling Yarn of a Database Administrator And a Robot who must Battle a Database Administrator in Ancient India",Sports,12
CLOSE,RUSSELL,"GUNFIGHTER MUSSOLINI","A Touching Saga of a Robot And a Boy who must Kill a Man in Ancient Japan",Sports,12
CLOSE,RUSSELL,"TROUBLE DATE","A Lacklusture Panorama of a Forensic Psychologist And a Woman who must Kill a Explorer in Ancient Japan",Travel,23
COSTNER,FRED,"ENTRAPMENT SATISFACTION","A Thoughtful Panorama of a Hunter And a Teacher who must Reach a Mad Cow in A U-Boat",Action,15
COSTNER,FRED,"REAR TRADING","A Awe-Inspiring Reflection of a Forensic Psychologist And a Secret Agent who must Succumb a Pastry Chef in Soviet Georgia",Action,17
COSTNER,FRED,"EASY GLADIATOR","A Fateful Story of a Monkey And a Girl who must Overcome a Pastry Chef in Ancient India",Action,23
COSTNER,FRED,"CAROL TEXAS","A Astounding Character Study of a Composer And a Student who must Overcome a Composer in A Monastery",Animation,18
COSTNER,FRED,"MISSION ZOOLANDER","A Intrepid Story of a Sumo Wrestler And a Teacher who must Meet a A Shark in An Abandoned Fun House",Animation,18
COSTNER,FRED,"THEORY MERMAID","A Fateful Yarn of a Composer And a Monkey who must Vanquish a Womanizer in The First Manned Space Station",Animation,11
COSTNER,FRED,"MIRACLE VIRTUAL","A Touching Epistle of a Butler And a Boy who must Find a Mad Scientist in The Sahara Desert",Animation,9
COSTNER,FRED,"INCH JET","A Fateful Saga of a Womanizer And a Student who must Defeat a Butler in A Monastery",Animation,18
COSTNER,FRED,"EMPIRE MALKOVICH","A Amazing Story of a Feminist And a Cat who must Face a Car in An Abandoned Fun House",Children,21
COSTNER,FRED,"MAGNIFICENT CHITTY","A Insightful Story of a Teacher And a Hunter who must Face a Mad Cow in California",Classics,8
COSTNER,FRED,"BROTHERHOOD BLANKET","A Fateful Character Study of a Butler And a Technical Writer who must Sink a Astronaut in Ancient Japan",Documentary,26
COSTNER,FRED,"SAINTS BRIDE","A Fateful Tale of a Technical Writer And a Composer who must Pursue a Explorer in The Gulf of Mexico",Drama,8
COSTNER,FRED,"DECEIVER BETRAYED","A Taut Story of a Moose And a Squirrel who must Build a Husband in Ancient India",Drama,21
COSTNER,FRED,"EARRING INSTINCT","A Stunning Character Study of a Dentist And a Mad Cow who must Find a Teacher in Nigeria",Family,19
COSTNER,FRED,"GABLES METROPOLIS","A Fateful Display of a Cat And a Pioneer who must Challenge a Pastry Chef in A Baloon Factory",Family,19
COSTNER,FRED,"BLANKET BEVERLY","A Emotional Documentary of a Student And a Girl who must Build a Boat in Nigeria",Family,12
COSTNER,FRED,"IMPOSSIBLE PREJUDICE","A Awe-Inspiring Yarn of a Monkey And a Hunter who must Chase a Teacher in Ancient China",Foreign,14
COSTNER,FRED,"HUMAN GRAFFITI","A Beautiful Reflection of a Womanizer And a Sumo Wrestler who must Chase a Database Administrator in The Gulf of Mexico",Games,15
COSTNER,FRED,"EAGLES PANKY","A Thoughtful Story of a Car And a Boy who must Find a A Shark in The Sahara Desert",New,22
COSTNER,FRED,"CLEOPATRA DEVIL","A Fanciful Documentary of a Crocodile And a Technical Writer who must Fight a A Shark in A Baloon",New,18
COSTNER,FRED,"CONNECTICUT TRAMP","A Unbelieveable Drama of a Crocodile And a Mad Cow who must Reach a Dentist in A Shark Tank",Sci-Fi,13
COSTNER,FRED,"WEEKEND PERSONAL","A Fast-Paced Documentary of a Car And a Butler who must Find a Frisbee in A Jet Boat",Sci-Fi,18
COSTNER,FRED,"KRAMER CHOCOLATE","A Amazing Yarn of a Robot And a Pastry Chef who must Redeem a Mad Scientist in The Outback",Sports,9
COSTNER,FRED,"IMAGE PRINCESS","A Lacklusture Panorama of a Secret Agent And a Crocodile who must Discover a Madman in The Canadian Rockies",Sports,14
COSTNER,FRED,"SENSE GREEK","A Taut Saga of a Lumberjack And a Pastry Chef who must Escape a Sumo Wrestler in An Abandoned Fun House",Sports,7
CRAWFORD,DARYL,"BAREFOOT MANCHURIAN","A Intrepid Story of a Cat And a Student who must Vanquish a Girl in An Abandoned Amusement Park",Action,18
CRAWFORD,DARYL,"SLEEPLESS MONSOON","A Amazing Saga of a Moose And a Pastry Chef who must Escape a Butler in Australia",Animation,20
CRAWFORD,DARYL,"BORROWERS BEDAZZLED","A Brilliant Epistle of a Teacher And a Sumo Wrestler who must Defeat a Man in An Abandoned Fun House",Animation,22
CRAWFORD,DARYL,"ISLAND EXORCIST","A Fanciful Panorama of a Technical Writer And a Boy who must Find a Dentist in An Abandoned Fun House",Classics,26
CRAWFORD,DARYL,"DRACULA CRYSTAL","A Thrilling Reflection of a Feminist And a Cat who must Find a Frisbee in An Abandoned Fun House",Classics,21
CRAWFORD,DARYL,"COLOR PHILADELPHIA","A Thoughtful Panorama of a Car And a Crocodile who must Sink a Monkey in The Sahara Desert",Classics,24
CRAWFORD,DARYL,"WASTELAND DIVINE","A Fanciful Story of a Database Administrator And a Womanizer who must Fight a Database Administrator in Ancient China",Classics,15
CRAWFORD,DARYL,"DADDY PITTSBURGH","A Epic Story of a A Shark And a Student who must Confront a Explorer in The Gulf of Mexico",Comedy,13
CRAWFORD,DARYL,"STRICTLY SCARFACE","A Touching Reflection of a Crocodile And a Dog who must Chase a Hunter in An Abandoned Fun House",Comedy,23
CRAWFORD,DARYL,"VELVET TERMINATOR","A Lacklusture Tale of a Pastry Chef And a Technical Writer who must Confront a Crocodile in An Abandoned Amusement Park",Comedy,26
CRAWFORD,DARYL,"DOWNHILL ENOUGH","A Emotional Tale of a Pastry Chef And a Forensic Psychologist who must Succumb a Monkey in The Sahara Desert",Comedy,25
CRAWFORD,DARYL,"BROTHERHOOD BLANKET","A Fateful Character Study of a Butler And a Technical Writer who must Sink a Astronaut in Ancient Japan",Documentary,26
CRAWFORD,DARYL,"SPOILERS HELLFIGHTERS","A Fanciful Story of a Technical Writer And a Squirrel who must Defeat a Dog in The Gulf of Mexico",Documentary,10
CRAWFORD,DARYL,"HOBBIT ALIEN","A Emotional Drama of a Husband And a Girl who must Outgun a Composer in The First Manned Space Station",Drama,31
CRAWFORD,DARYL,"TREATMENT JEKYLL","A Boring Story of a Teacher And a Student who must Outgun a Cat in An Abandoned Mine Shaft",Drama,7
CRAWFORD,DARYL,"DIARY PANIC","A Thoughtful Character Study of a Frisbee And a Mad Cow who must Outgun a Man in Ancient India",Drama,9
CRAWFORD,DARYL,"GANDHI KWAI","A Thoughtful Display of a Mad Scientist And a Secret Agent who must Chase a Boat in Berlin",Family,17
CRAWFORD,DARYL,"HALF OUTFIELD","A Epic Epistle of a Database Administrator And a Crocodile who must Face a Madman in A Jet Boat",Family,26
CRAWFORD,DARYL,"PURPLE MOVIE","A Boring Display of a Pastry Chef And a Sumo Wrestler who must Discover a Frisbee in An Abandoned Amusement Park",Foreign,13
CRAWFORD,DARYL,"OPUS ICE","A Fast-Paced Drama of a Hunter And a Boy who must Discover a Feminist in The Sahara Desert",Foreign,11
CRAWFORD,DARYL,"HOOSIERS BIRDCAGE","A Astounding Display of a Explorer And a Boat who must Vanquish a Car in The First Manned Space Station",Foreign,8
CRAWFORD,DARYL,"ILLUSION AMELIE","A Emotional Epistle of a Boat And a Mad Scientist who must Outrace a Robot in An Abandoned Mine Shaft",Foreign,15
CRAWFORD,DARYL,"PIZZA JUMANJI","A Epic Saga of a Cat And a Squirrel who must Outgun a Robot in A U-Boat",Games,7
CRAWFORD,DARYL,"MOONWALKER FOOL","A Epic Drama of a Feminist And a Pioneer who must Sink a Composer in New Orleans",Games,13
CRAWFORD,DARYL,"UNBREAKABLE KARATE","A Amazing Character Study of a Robot And a Student who must Chase a Robot in Australia",New,21
CRAWFORD,DARYL,"LICENSE WEEKEND","A Insightful Story of a Man And a Husband who must Overcome a Madman in A Monastery",Sci-Fi,7
CRAWFORD,DARYL,"GOLDMINE TYCOON","A Brilliant Epistle of a Composer And a Frisbee who must Conquer a Husband in The Outback",Sci-Fi,27
CRAWFORD,DARYL,"MOURNING PURPLE","A Lacklusture Display of a Waitress And a Lumberjack who must Chase a Pioneer in New Orleans",Sci-Fi,21
CRAWFORD,DARYL,"SPEED SUIT","A Brilliant Display of a Frisbee And a Mad Scientist who must Succumb a Robot in Ancient China",Travel,9
CRAWFORD,RIP,"AMERICAN CIRCUS","A Insightful Drama of a Girl And a Astronaut who must Face a Database Administrator in A Shark Tank",Action,22
CRAWFORD,RIP,"FORREST SONS","A Thrilling Documentary of a Forensic Psychologist And a Butler who must Defeat a Explorer in A Jet Boat",Action,18
CRAWFORD,RIP,"RINGS HEARTBREAKERS","A Amazing Yarn of a Sumo Wrestler And a Boat who must Conquer a Waitress in New Orleans",Action,15
CRAWFORD,RIP,"FOOL MOCKINGBIRD","A Lacklusture Tale of a Crocodile And a Composer who must Defeat a Madman in A U-Boat",Action,23
CRAWFORD,RIP,"MASSAGE IMAGE","A Fateful Drama of a Frisbee And a Crocodile who must Vanquish a Dog in The First Manned Space Station",Animation,12
CRAWFORD,RIP,"DONNIE ALLEY","A Awe-Inspiring Tale of a Butler And a Frisbee who must Vanquish a Teacher in Ancient Japan",Animation,14
CRAWFORD,RIP,"OSCAR GOLD","A Insightful Tale of a Database Administrator And a Dog who must Face a Madman in Soviet Georgia",Animation,25
CRAWFORD,RIP,"HALL CASSIDY","A Beautiful Panorama of a Pastry Chef And a A Shark who must Battle a Pioneer in Soviet Georgia",Children,16
CRAWFORD,RIP,"POLISH BROOKLYN","A Boring Character Study of a Database Administrator And a Lumberjack who must Reach a Madman in The Outback",Children,18
CRAWFORD,RIP,"LONELY ELEPHANT","A Intrepid Story of a Student And a Dog who must Challenge a Explorer in Soviet Georgia",Comedy,15
CRAWFORD,RIP,"TRAMP OTHERS","A Brilliant Display of a Composer And a Cat who must Succumb a A Shark in Ancient India",Comedy,20
CRAWFORD,RIP,"MADISON TRAP","A Awe-Inspiring Reflection of a Monkey And a Dentist who must Overcome a Pioneer in A U-Boat",Documentary,15
CRAWFORD,RIP,"CRAFT OUTFIELD","A Lacklusture Display of a Explorer And a Hunter who must Succumb a Database Administrator in A Baloon Factory",Drama,16
CRAWFORD,RIP,"DESTINATION JERK","A Beautiful Yarn of a Teacher And a Cat who must Build a Car in A U-Boat",Drama,8
CRAWFORD,RIP,"SAINTS BRIDE","A Fateful Tale of a Technical Writer And a Composer who must Pursue a Explorer in The Gulf of Mexico",Drama,8
CRAWFORD,RIP,"CHOCOLAT HARRY","A Action-Packed Epistle of a Dentist And a Moose who must Meet a Mad Cow in Ancient Japan",Family,20
CRAWFORD,RIP,"GABLES METROPOLIS","A Fateful Display of a Cat And a Pioneer who must Challenge a Pastry Chef in A Baloon Factory",Family,19
CRAWFORD,RIP,"SIEGE MADRE","A Boring Tale of a Frisbee And a Crocodile who must Vanquish a Moose in An Abandoned Mine Shaft",Family,15
CRAWFORD,RIP,"RANGE MOONWALKER","A Insightful Documentary of a Hunter And a Dentist who must Confront a Crocodile in A Baloon",Family,27
CRAWFORD,RIP,"PITTSBURGH HUNCHBACK","A Thrilling Epistle of a Boy And a Boat who must Find a Student in Soviet Georgia",Family,12
CRAWFORD,RIP,"SORORITY QUEEN","A Fast-Paced Display of a Squirrel And a Composer who must Fight a Forensic Psychologist in A Jet Boat",Foreign,12
CRAWFORD,RIP,"CYCLONE FAMILY","A Lacklusture Drama of a Student And a Monkey who must Sink a Womanizer in A MySQL Convention",Foreign,15
CRAWFORD,RIP,"ALABAMA DEVIL","A Thoughtful Panorama of a Database Administrator And a Mad Scientist who must Outgun a Mad Scientist in A Jet Boat",Horror,12
CRAWFORD,RIP,"TRAIN BUNCH","A Thrilling Character Study of a Robot And a Squirrel who must Face a Dog in Ancient India",Horror,4
CRAWFORD,RIP,"TEXAS WATCH","A Awe-Inspiring Yarn of a Student And a Teacher who must Fight a Teacher in An Abandoned Amusement Park",Horror,6
CRAWFORD,RIP,"ARABIA DOGMA","A Touching Epistle of a Madman And a Mad Cow who must Defeat a Student in Nigeria",Horror,13
CRAWFORD,RIP,"FRONTIER CABIN","A Emotional Story of a Madman And a Waitress who must Battle a Teacher in An Abandoned Fun House",New,6
CRAWFORD,RIP,"OKLAHOMA JUMANJI","A Thoughtful Drama of a Dentist And a Womanizer who must Meet a Husband in The Sahara Desert",New,6
CRAWFORD,RIP,"BRANNIGAN SUNRISE","A Amazing Epistle of a Moose And a Crocodile who must Outrace a Dog in Berlin",New,12
CRAWFORD,RIP,"BOULEVARD MOB","A Fateful Epistle of a Moose And a Monkey who must Confront a Lumberjack in Ancient China",New,18
CRAWFORD,RIP,"GUYS FALCON","A Boring Story of a Woman And a Feminist who must Redeem a Squirrel in A U-Boat",Sci-Fi,9
CRAWFORD,RIP,"SATURDAY LAMBS","A Thoughtful Reflection of a Mad Scientist And a Moose who must Kill a Husband in A Baloon",Sports,28
CRAWFORD,RIP,"BUCKET BROTHERHOOD","A Amazing Display of a Girl And a Womanizer who must Succumb a Lumberjack in A Baloon Factory",Travel,34
CRONYN,ANNE,"LUST LOCK","A Fanciful Panorama of a Hunter And a Dentist who must Meet a Secret Agent in The Sahara Desert",Action,15
CRONYN,ANNE,"MINDS TRUMAN","A Taut Yarn of a Mad Scientist And a Crocodile who must Outgun a Database Administrator in A Monastery",Action,20
CRONYN,ANNE,"UPRISING UPTOWN","A Fanciful Reflection of a Boy And a Butler who must Pursue a Woman in Berlin",Action,16
CRONYN,ANNE,"DRAGON SQUAD","A Taut Reflection of a Boy And a Waitress who must Outgun a Teacher in Ancient China",Action,11
CRONYN,ANNE,"HORN WORKING","A Stunning Display of a Mad Scientist And a Technical Writer who must Succumb a Monkey in A Shark Tank",Animation,24
CRONYN,ANNE,"HOLLYWOOD ANONYMOUS","A Fast-Paced Epistle of a Boy And a Explorer who must Escape a Dog in A U-Boat",Children,13
CRONYN,ANNE,"IRON MOON","A Fast-Paced Documentary of a Mad Cow And a Boy who must Pursue a Dentist in A Baloon",Classics,11
CRONYN,ANNE,"REQUIEM TYCOON","A Unbelieveable Character Study of a Cat And a Database Administrator who must Pursue a Teacher in A Monastery",Classics,19
CRONYN,ANNE,"HARDLY ROBBERS","A Emotional Character Study of a Hunter And a Car who must Kill a Woman in Berlin",Documentary,4
CRONYN,ANNE,"HAWK CHILL","A Action-Packed Drama of a Mad Scientist And a Composer who must Outgun a Car in Australia",Documentary,7
CRONYN,ANNE,"RACER EGG","A Emotional Display of a Monkey And a Waitress who must Reach a Secret Agent in California",Drama,18
CRONYN,ANNE,"ENCOUNTERS CURTAIN","A Insightful Epistle of a Pastry Chef And a Womanizer who must Build a Boat in New Orleans",Drama,19
CRONYN,ANNE,"PATHS CONTROL","A Astounding Documentary of a Butler And a Cat who must Find a Frisbee in Ancient China",Drama,10
CRONYN,ANNE,"APACHE DIVINE","A Awe-Inspiring Reflection of a Pastry Chef And a Teacher who must Overcome a Sumo Wrestler in A U-Boat",Family,31
CRONYN,ANNE,"HALF OUTFIELD","A Epic Epistle of a Database Administrator And a Crocodile who must Face a Madman in A Jet Boat",Family,26
CRONYN,ANNE,"GANDHI KWAI","A Thoughtful Display of a Mad Scientist And a Secret Agent who must Chase a Boat in Berlin",Family,17
CRONYN,ANNE,"MOON BUNCH","A Beautiful Tale of a Astronaut And a Mad Cow who must Challenge a Cat in A Baloon Factory",Foreign,29
CRONYN,ANNE,"DANGEROUS UPTOWN","A Unbelieveable Story of a Mad Scientist And a Woman who must Overcome a Dog in California",Foreign,12
CRONYN,ANNE,"REAP UNFAITHFUL","A Thrilling Epistle of a Composer And a Sumo Wrestler who must Challenge a Mad Cow in A MySQL Convention",Horror,16
CRONYN,ANNE,"LADY STAGE","A Beautiful Character Study of a Woman And a Man who must Pursue a Explorer in A U-Boat",Horror,17
CRONYN,ANNE,"WIZARD COLDBLOODED","A Lacklusture Display of a Robot And a Girl who must Defeat a Sumo Wrestler in A MySQL Convention",Music,16
CRONYN,ANNE,"MANNEQUIN WORST","A Astounding Saga of a Mad Cow And a Pastry Chef who must Discover a Husband in Ancient India",New,5
CRONYN,ANNE,"CINCINATTI WHISPERER","A Brilliant Saga of a Pastry Chef And a Hunter who must Confront a Butler in Berlin",Sci-Fi,13
CRONYN,ANNE,"RIDER CADDYSHACK","A Taut Reflection of a Monkey And a Womanizer who must Chase a Moose in Nigeria",Sports,11
CRONYN,ANNE,"SMILE EARRING","A Intrepid Drama of a Teacher And a Butler who must Build a Pastry Chef in Berlin",Travel,10
CRONYN,ANNE,"WINDOW SIDE","A Astounding Character Study of a Womanizer And a Hunter who must Escape a Robot in A Monastery",Travel,12
CRONYN,PENELOPE,"ENTRAPMENT SATISFACTION","A Thoughtful Panorama of a Hunter And a Teacher who must Reach a Mad Cow in A U-Boat",Action,15
CRONYN,PENELOPE,"AMADEUS HOLY","A Emotional Display of a Pioneer And a Technical Writer who must Battle a Man in A Baloon",Action,21
CRONYN,PENELOPE,"MISSION ZOOLANDER","A Intrepid Story of a Sumo Wrestler And a Teacher who must Meet a A Shark in An Abandoned Fun House",Animation,18
CRONYN,PENELOPE,"TITANIC BOONDOCK","A Brilliant Reflection of a Feminist And a Dog who must Fight a Boy in A Baloon Factory",Animation,23
CRONYN,PENELOPE,"DUCK RACER","A Lacklusture Yarn of a Teacher And a Squirrel who must Overcome a Dog in A Shark Tank",Animation,6
CRONYN,PENELOPE,"BIKINI BORROWERS","A Astounding Drama of a Astronaut And a Cat who must Discover a Woman in The First Manned Space Station",Animation,17
CRONYN,PENELOPE,"BEAR GRACELAND","A Astounding Saga of a Dog And a Boy who must Kill a Teacher in The First Manned Space Station",Children,22
CRONYN,PENELOPE,"ZOOLANDER FICTION","A Fateful Reflection of a Waitress And a Boat who must Discover a Sumo Wrestler in Ancient China",Children,17
CRONYN,PENELOPE,"CORE SUIT","A Unbelieveable Tale of a Car And a Explorer who must Confront a Boat in A Manhattan Penthouse",Classics,18
CRONYN,PENELOPE,"PARADISE SABRINA","A Intrepid Yarn of a Car And a Moose who must Outrace a Crocodile in A Manhattan Penthouse",Comedy,18
CRONYN,PENELOPE,"VIRGINIAN PLUTO","A Emotional Panorama of a Dentist And a Crocodile who must Meet a Boy in Berlin",Documentary,29
CRONYN,PENELOPE,"ARMY FLINTSTONES","A Boring Saga of a Database Administrator And a Womanizer who must Battle a Waitress in Nigeria",Documentary,16
CRONYN,PENELOPE,"UNTOUCHABLES SUNRISE","A Amazing Documentary of a Woman And a Astronaut who must Outrace a Teacher in An Abandoned Fun House",Documentary,8
CRONYN,PENELOPE,"CLERKS ANGELS","A Thrilling Display of a Sumo Wrestler And a Girl who must Confront a Man in A Baloon",Documentary,7
CRONYN,PENELOPE,"HAROLD FRENCH","A Stunning Saga of a Sumo Wrestler And a Student who must Outrace a Moose in The Sahara Desert",Drama,8
CRONYN,PENELOPE,"ROCKY WAR","A Fast-Paced Display of a Squirrel And a Explorer who must Outgun a Mad Scientist in Nigeria",Drama,16
CRONYN,PENELOPE,"FEUD FROGMEN","A Brilliant Reflection of a Database Administrator And a Mad Cow who must Chase a Woman in The Canadian Rockies",Family,25
CRONYN,PENELOPE,"WONDERFUL DROP","A Boring Panorama of a Woman And a Madman who must Overcome a Butler in A U-Boat",Foreign,9
CRONYN,PENELOPE,"TRAIN BUNCH","A Thrilling Character Study of a Robot And a Squirrel who must Face a Dog in Ancient India",Horror,4
CRONYN,PENELOPE,"FIDELITY DEVIL","A Awe-Inspiring Drama of a Technical Writer And a Composer who must Reach a Pastry Chef in A U-Boat",Horror,21
CRONYN,PENELOPE,"MOTIONS DETAILS","A Awe-Inspiring Reflection of a Dog And a Student who must Kill a Car in An Abandoned Fun House",Horror,16
CRONYN,PENELOPE,"LADY STAGE","A Beautiful Character Study of a Woman And a Man who must Pursue a Explorer in A U-Boat",Horror,17
CRONYN,PENELOPE,"LEGEND JEDI","A Awe-Inspiring Epistle of a Pioneer And a Student who must Outgun a Crocodile in The Outback",Music,9
CRONYN,PENELOPE,"CHAPLIN LICENSE","A Boring Drama of a Dog And a Forensic Psychologist who must Outrace a Explorer in Ancient India",New,8
CRONYN,PENELOPE,"PIANIST OUTFIELD","A Intrepid Story of a Boy And a Technical Writer who must Pursue a Lumberjack in A Monastery",New,21
CRONYN,PENELOPE,"HAMLET WISDOM","A Touching Reflection of a Man And a Man who must Sink a Robot in The Outback",Sci-Fi,14
CRONYN,PENELOPE,"ARMAGEDDON LOST","A Fast-Paced Tale of a Boat And a Teacher who must Succumb a Composer in An Abandoned Mine Shaft",Sci-Fi,21
CRONYN,PENELOPE,"INSTINCT AIRPORT","A Touching Documentary of a Mad Cow And a Explorer who must Confront a Butler in A Manhattan Penthouse",Sports,18
CRONYN,PENELOPE,"DISCIPLE MOTHER","A Touching Reflection of a Mad Scientist And a Boat who must Face a Moose in A Shark Tank",Travel,19
CROWE,SIDNEY,"LORD ARIZONA","A Action-Packed Display of a Frisbee And a Pastry Chef who must Pursue a Crocodile in A Jet Boat",Action,11
CROWE,SIDNEY,"AMERICAN CIRCUS","A Insightful Drama of a Girl And a Astronaut who must Face a Database Administrator in A Shark Tank",Action,22
CROWE,SIDNEY,"TRUMAN CRAZY","A Thrilling Epistle of a Moose And a Boy who must Meet a Database Administrator in A Monastery",Action,23
CROWE,SIDNEY,"ANTITRUST TOMATOES","A Fateful Yarn of a Womanizer And a Feminist who must Succumb a Database Administrator in Ancient India",Action,10
CROWE,SIDNEY,"DOGMA FAMILY","A Brilliant Character Study of a Database Administrator And a Monkey who must Succumb a Astronaut in New Orleans",Animation,30
CROWE,SIDNEY,"OZ LIAISONS","A Epic Yarn of a Mad Scientist And a Cat who must Confront a Womanizer in A Baloon Factory",Animation,24
CROWE,SIDNEY,"WRONG BEHAVIOR","A Emotional Saga of a Crocodile And a Sumo Wrestler who must Discover a Mad Cow in New Orleans",Children,20
CROWE,SIDNEY,"SUNDANCE INVASION","A Epic Drama of a Lumberjack And a Explorer who must Confront a Hunter in A Baloon Factory",Children,19
CROWE,SIDNEY,"EMPIRE MALKOVICH","A Amazing Story of a Feminist And a Cat who must Face a Car in An Abandoned Fun House",Children,21
CROWE,SIDNEY,"CANDIDATE PERDITION","A Brilliant Epistle of a Composer And a Database Administrator who must Vanquish a Mad Scientist in The First Manned Space Station",Classics,18
CROWE,SIDNEY,"TRAMP OTHERS","A Brilliant Display of a Composer And a Cat who must Succumb a A Shark in Ancient India",Comedy,20
CROWE,SIDNEY,"SUBMARINE BED","A Amazing Display of a Car And a Monkey who must Fight a Teacher in Soviet Georgia",Comedy,15
CROWE,SIDNEY,"TREATMENT JEKYLL","A Boring Story of a Teacher And a Student who must Outgun a Cat in An Abandoned Mine Shaft",Drama,7
CROWE,SIDNEY,"FINDING ANACONDA","A Fateful Tale of a Database Administrator And a Girl who must Battle a Squirrel in New Orleans",Family,12
CROWE,SIDNEY,"SIEGE MADRE","A Boring Tale of a Frisbee And a Crocodile who must Vanquish a Moose in An Abandoned Mine Shaft",Family,15
CROWE,SIDNEY,"GREASE YOUTH","A Emotional Panorama of a Secret Agent And a Waitress who must Escape a Composer in Soviet Georgia",Family,21
CROWE,SIDNEY,"ALIEN CENTER","A Brilliant Drama of a Cat And a Mad Scientist who must Battle a Feminist in A MySQL Convention",Foreign,22
CROWE,SIDNEY,"SPY MILE","A Thrilling Documentary of a Feminist And a Feminist who must Confront a Feminist in A Baloon",Games,27
CROWE,SIDNEY,"WORLD LEATHERNECKS","A Unbelieveable Tale of a Pioneer And a Astronaut who must Overcome a Robot in An Abandoned Amusement Park",Horror,8
CROWE,SIDNEY,"ALASKA PHANTOM","A Fanciful Saga of a Hunter And a Pastry Chef who must Vanquish a Boy in Australia",Music,26
CROWE,SIDNEY,"CLONES PINOCCHIO","A Amazing Drama of a Car And a Robot who must Pursue a Dentist in New Orleans",Music,19
CROWE,SIDNEY,"FREAKY POCUS","A Fast-Paced Documentary of a Pastry Chef And a Crocodile who must Chase a Squirrel in The Gulf of Mexico",Music,17
CROWE,SIDNEY,"MANNEQUIN WORST","A Astounding Saga of a Mad Cow And a Pastry Chef who must Discover a Husband in Ancient India",New,5
CROWE,SIDNEY,"PLUTO OLEANDER","A Action-Packed Reflection of a Car And a Moose who must Outgun a Car in A Shark Tank",New,16
CROWE,SIDNEY,"ENDING CROWDS","A Unbelieveable Display of a Dentist And a Madman who must Vanquish a Squirrel in Berlin",New,11
CROWE,SIDNEY,"RUN PACIFIC","A Touching Tale of a Cat And a Pastry Chef who must Conquer a Pastry Chef in A MySQL Convention",New,10
CROWE,SIDNEY,"WYOMING STORM","A Awe-Inspiring Panorama of a Robot And a Boat who must Overcome a Feminist in A U-Boat",New,13
CROWE,SIDNEY,"MASK PEACH","A Boring Character Study of a Student And a Robot who must Meet a Woman in California",New,17
CROWE,SIDNEY,"TITANS JERK","A Unbelieveable Panorama of a Feminist And a Sumo Wrestler who must Challenge a Technical Writer in Ancient China",Sci-Fi,29
CROWE,SIDNEY,"SPIRITED CASUALTIES","A Taut Story of a Waitress And a Man who must Face a Car in A Baloon Factory",Sci-Fi,11
CROWE,SIDNEY,"GRACELAND DYNAMITE","A Taut Display of a Cat And a Girl who must Overcome a Database Administrator in New Orleans",Sports,6
CROWE,SIDNEY,"ARTIST COLDBLOODED","A Stunning Reflection of a Robot And a Moose who must Challenge a Woman in California",Sports,16
CROWE,SIDNEY,"MUMMY CREATURES","A Fateful Character Study of a Crocodile And a Monkey who must Meet a Dentist in Australia",Sports,16
CRUISE,JUDE,"REAR TRADING","A Awe-Inspiring Reflection of a Forensic Psychologist And a Secret Agent who must Succumb a Pastry Chef in Soviet Georgia",Action,17
CRUISE,JUDE,"QUEST MUSSOLINI","A Fateful Drama of a Husband And a Sumo Wrestler who must Battle a Pastry Chef in A Baloon Factory",Action,20
CRUISE,JUDE,"CHAMPION FLATLINERS","A Amazing Story of a Mad Cow And a Dog who must Kill a Husband in A Monastery",Animation,13
CRUISE,JUDE,"STRANGELOVE DESIRE","A Awe-Inspiring Panorama of a Lumberjack And a Waitress who must Defeat a Crocodile in An Abandoned Amusement Park",Children,24
CRUISE,JUDE,"TWISTED PIRATES","A Touching Display of a Frisbee And a Boat who must Kill a Girl in A MySQL Convention",Children,11
CRUISE,JUDE,"TIMBERLAND SKY","A Boring Display of a Man And a Dog who must Redeem a Girl in A U-Boat",Classics,31
CRUISE,JUDE,"FIREBALL PHILADELPHIA","A Amazing Yarn of a Dentist And a A Shark who must Vanquish a Madman in An Abandoned Mine Shaft",Comedy,21
CRUISE,JUDE,"KNOCK WARLOCK","A Unbelieveable Story of a Teacher And a Boat who must Confront a Moose in A Baloon",Comedy,24
CRUISE,JUDE,"BROTHERHOOD BLANKET","A Fateful Character Study of a Butler And a Technical Writer who must Sink a Astronaut in Ancient Japan",Documentary,26
CRUISE,JUDE,"HALLOWEEN NUTS","A Amazing Panorama of a Forensic Psychologist And a Technical Writer who must Fight a Dentist in A U-Boat",Documentary,10
CRUISE,JUDE,"DATE SPEED","A Touching Saga of a Composer And a Moose who must Discover a Dentist in A MySQL Convention",Family,13
CRUISE,JUDE,"HOUSE DYNAMITE","A Taut Story of a Pioneer And a Squirrel who must Battle a Student in Soviet Georgia",Family,23
CRUISE,JUDE,"MULHOLLAND BEAST","A Awe-Inspiring Display of a Husband And a Squirrel who must Battle a Sumo Wrestler in A Jet Boat",Foreign,7
CRUISE,JUDE,"ALLEY EVOLUTION","A Fast-Paced Drama of a Robot And a Composer who must Battle a Astronaut in New Orleans",Foreign,14
CRUISE,JUDE,"ICE CROSSING","A Fast-Paced Tale of a Butler And a Moose who must Overcome a Pioneer in A Manhattan Penthouse",Games,24
CRUISE,JUDE,"DRUMS DYNAMITE","A Epic Display of a Crocodile And a Crocodile who must Confront a Dog in An Abandoned Amusement Park",Horror,13
CRUISE,JUDE,"CARRIE BUNCH","A Amazing Epistle of a Student And a Astronaut who must Discover a Frisbee in The Canadian Rockies",Horror,23
CRUISE,JUDE,"ARABIA DOGMA","A Touching Epistle of a Madman And a Mad Cow who must Defeat a Student in Nigeria",Horror,13
CRUISE,JUDE,"ROCK INSTINCT","A Astounding Character Study of a Robot And a Moose who must Overcome a Astronaut in Ancient India",Horror,17
CRUISE,JUDE,"MONSTER SPARTACUS","A Fast-Paced Story of a Waitress And a Cat who must Fight a Girl in Australia",Music,15
CRUISE,JUDE,"SCALAWAG DUCK","A Fateful Reflection of a Car And a Teacher who must Confront a Waitress in A Monastery",Music,32
CRUISE,JUDE,"FRONTIER CABIN","A Emotional Story of a Madman And a Waitress who must Battle a Teacher in An Abandoned Fun House",New,6
CRUISE,JUDE,"PLATOON INSTINCT","A Thrilling Panorama of a Man And a Woman who must Reach a Woman in Australia",New,9
CRUISE,JUDE,"EAGLES PANKY","A Thoughtful Story of a Car And a Boy who must Find a A Shark in The Sahara Desert",New,22
CRUISE,JUDE,"CITIZEN SHREK","A Fanciful Character Study of a Technical Writer And a Husband who must Redeem a Robot in The Outback",Sci-Fi,13
CRUISE,JUDE,"CAMELOT VACATION","A Touching Character Study of a Woman And a Waitress who must Battle a Pastry Chef in A MySQL Convention",Sci-Fi,27
CRUISE,JUDE,"OPEN AFRICAN","A Lacklusture Drama of a Secret Agent And a Explorer who must Discover a Car in A U-Boat",Sci-Fi,21
CRUISE,JUDE,"RANDOM GO","A Fateful Drama of a Frisbee And a Student who must Confront a Cat in A Shark Tank",Sci-Fi,9
CRUZ,RALPH,"DARN FORRESTER","A Fateful Story of a A Shark And a Explorer who must Succumb a Technical Writer in A Jet Boat",Action,18
CRUZ,RALPH,"CANYON STOCK","A Thoughtful Reflection of a Waitress And a Feminist who must Escape a Squirrel in A Manhattan Penthouse",Animation,19
CRUZ,RALPH,"POLISH BROOKLYN","A Boring Character Study of a Database Administrator And a Lumberjack who must Reach a Madman in The Outback",Children,18
CRUZ,RALPH,"FULL FLATLINERS","A Beautiful Documentary of a Astronaut And a Moose who must Pursue a Monkey in A Shark Tank",Children,5
CRUZ,RALPH,"EMPIRE MALKOVICH","A Amazing Story of a Feminist And a Cat who must Face a Car in An Abandoned Fun House",Children,21
CRUZ,RALPH,"CASPER DRAGONFLY","A Intrepid Documentary of a Boat And a Crocodile who must Chase a Robot in The Sahara Desert",Children,8
CRUZ,RALPH,"MAKER GABLES","A Stunning Display of a Moose And a Database Administrator who must Pursue a Composer in A Jet Boat",Children,10
CRUZ,RALPH,"FROST HEAD","A Amazing Reflection of a Lumberjack And a Cat who must Discover a Husband in A MySQL Convention",Classics,30
CRUZ,RALPH,"SUBMARINE BED","A Amazing Display of a Car And a Monkey who must Fight a Teacher in Soviet Georgia",Comedy,15
CRUZ,RALPH,"PINOCCHIO SIMON","A Action-Packed Reflection of a Mad Scientist And a A Shark who must Find a Feminist in California",Comedy,20
CRUZ,RALPH,"POCUS PULP","A Intrepid Yarn of a Frisbee And a Dog who must Build a Astronaut in A Baloon Factory",Documentary,26
CRUZ,RALPH,"SHIP WONDERLAND","A Thrilling Saga of a Monkey And a Frisbee who must Escape a Explorer in The Outback",Documentary,15
CRUZ,RALPH,"NEWSIES STORY","A Action-Packed Character Study of a Dog And a Lumberjack who must Outrace a Moose in The Gulf of Mexico",Documentary,7
CRUZ,RALPH,"THIN SAGEBRUSH","A Emotional Drama of a Husband And a Lumberjack who must Build a Cat in Ancient India",Documentary,11
CRUZ,RALPH,"WITCHES PANIC","A Awe-Inspiring Drama of a Secret Agent And a Hunter who must Fight a Moose in Nigeria",Drama,30
CRUZ,RALPH,"RACER EGG","A Emotional Display of a Monkey And a Waitress who must Reach a Secret Agent in California",Drama,18
CRUZ,RALPH,"DUMBO LUST","A Touching Display of a Feminist And a Dentist who must Conquer a Husband in The Gulf of Mexico",Family,6
CRUZ,RALPH,"CONFUSED CANDLES","A Stunning Epistle of a Cat And a Forensic Psychologist who must Confront a Pioneer in A Baloon",Family,17
CRUZ,RALPH,"DANGEROUS UPTOWN","A Unbelieveable Story of a Mad Scientist And a Woman who must Overcome a Dog in California",Foreign,12
CRUZ,RALPH,"VIDEOTAPE ARSENIC","A Lacklusture Display of a Girl And a Astronaut who must Succumb a Student in Australia",Games,29
CRUZ,RALPH,"GLORY TRACY","A Amazing Saga of a Woman And a Womanizer who must Discover a Cat in The First Manned Space Station",Games,5
CRUZ,RALPH,"SLEUTH ORIENT","A Fateful Character Study of a Husband And a Dog who must Find a Feminist in Ancient India",Games,21
CRUZ,RALPH,"JAPANESE RUN","A Awe-Inspiring Epistle of a Feminist And a Girl who must Sink a Girl in The Outback",Horror,6
CRUZ,RALPH,"HOURS RAGE","A Fateful Story of a Explorer And a Feminist who must Meet a Technical Writer in Soviet Georgia",New,19
CRUZ,RALPH,"BEVERLY OUTLAW","A Fanciful Documentary of a Womanizer And a Boat who must Defeat a Madman in The First Manned Space Station",Sci-Fi,21
CRUZ,RALPH,"NEIGHBORS CHARADE","A Fanciful Reflection of a Crocodile And a Astronaut who must Outrace a Feminist in An Abandoned Amusement Park",Sports,19
CRUZ,RALPH,"DUDE BLINDNESS","A Stunning Reflection of a Husband And a Lumberjack who must Face a Frisbee in An Abandoned Fun House",Sports,16
CRUZ,RALPH,"FUGITIVE MAGUIRE","A Taut Epistle of a Feminist And a Sumo Wrestler who must Battle a Crocodile in Australia",Travel,11
DAMON,SCARLETT,"CROW GREASE","A Awe-Inspiring Documentary of a Woman And a Husband who must Sink a Database Administrator in The First Manned Space Station",Action,12
DAMON,SCARLETT,"MINDS TRUMAN","A Taut Yarn of a Mad Scientist And a Crocodile who must Outgun a Database Administrator in A Monastery",Action,20
DAMON,SCARLETT,"POTLUCK MIXED","A Beautiful Story of a Dog And a Technical Writer who must Outgun a Student in A Baloon",Animation,11
DAMON,SCARLETT,"MASSAGE IMAGE","A Fateful Drama of a Frisbee And a Crocodile who must Vanquish a Dog in The First Manned Space Station",Animation,12
DAMON,SCARLETT,"EARLY HOME","A Amazing Panorama of a Mad Scientist And a Husband who must Meet a Woman in The Outback",Animation,7
DAMON,SCARLETT,"BORROWERS BEDAZZLED","A Brilliant Epistle of a Teacher And a Sumo Wrestler who must Defeat a Man in An Abandoned Fun House",Animation,22
DAMON,SCARLETT,"BEAR GRACELAND","A Astounding Saga of a Dog And a Boy who must Kill a Teacher in The First Manned Space Station",Children,22
DAMON,SCARLETT,"FARGO GANDHI","A Thrilling Reflection of a Pastry Chef And a Crocodile who must Reach a Teacher in The Outback",Children,24
DAMON,SCARLETT,"SANTA PARIS","A Emotional Documentary of a Moose And a Car who must Redeem a Mad Cow in A Baloon Factory",Children,11
DAMON,SCARLETT,"LABYRINTH LEAGUE","A Awe-Inspiring Saga of a Composer And a Frisbee who must Succumb a Pioneer in The Sahara Desert",Children,15
DAMON,SCARLETT,"MILLION ACE","A Brilliant Documentary of a Womanizer And a Squirrel who must Find a Technical Writer in The Sahara Desert",Classics,20
DAMON,SCARLETT,"MYSTIC TRUMAN","A Epic Yarn of a Teacher And a Hunter who must Outgun a Explorer in Soviet Georgia",Comedy,10
DAMON,SCARLETT,"CONNECTION MICROCOSMOS","A Fateful Documentary of a Crocodile And a Husband who must Face a Husband in The First Manned Space Station",Comedy,7
DAMON,SCARLETT,"DEEP CRUSADE","A Amazing Tale of a Crocodile And a Squirrel who must Discover a Composer in Australia",Documentary,14
DAMON,SCARLETT,"SPICE SORORITY","A Fateful Display of a Pioneer And a Hunter who must Defeat a Husband in An Abandoned Mine Shaft",Drama,20
DAMON,SCARLETT,"CRAFT OUTFIELD","A Lacklusture Display of a Explorer And a Hunter who must Succumb a Database Administrator in A Baloon Factory",Drama,16
DAMON,SCARLETT,"TREATMENT JEKYLL","A Boring Story of a Teacher And a Student who must Outgun a Cat in An Abandoned Mine Shaft",Drama,7
DAMON,SCARLETT,"ORIENT CLOSER","A Astounding Epistle of a Technical Writer And a Teacher who must Fight a Squirrel in The Sahara Desert",Drama,17
DAMON,SCARLETT,"INDIAN LOVE","A Insightful Saga of a Mad Scientist And a Mad Scientist who must Kill a Astronaut in An Abandoned Fun House",Family,16
DAMON,SCARLETT,"RAGE GAMES","A Fast-Paced Saga of a Astronaut And a Secret Agent who must Escape a Hunter in An Abandoned Amusement Park",Family,19
DAMON,SCARLETT,"MADNESS ATTACKS","A Fanciful Tale of a Squirrel And a Boat who must Defeat a Crocodile in The Gulf of Mexico",Foreign,25
DAMON,SCARLETT,"ALAMO VIDEOTAPE","A Boring Epistle of a Butler And a Cat who must Fight a Pastry Chef in A MySQL Convention",Foreign,24
DAMON,SCARLETT,"LAMBS CINCINATTI","A Insightful Story of a Man And a Feminist who must Fight a Composer in Australia",Games,10
DAMON,SCARLETT,"DAWN POND","A Thoughtful Documentary of a Dentist And a Forensic Psychologist who must Defeat a Waitress in Berlin",Games,18
DAMON,SCARLETT,"DIRTY ACE","A Action-Packed Character Study of a Forensic Psychologist And a Girl who must Build a Dentist in The Outback",Games,15
DAMON,SCARLETT,"LOLA AGENT","A Astounding Tale of a Mad Scientist And a Husband who must Redeem a Database Administrator in Ancient Japan",Horror,24
DAMON,SCARLETT,"AFFAIR PREJUDICE","A Fanciful Documentary of a Frisbee And a Lumberjack who must Chase a Monkey in A Shark Tank",Horror,23
DAMON,SCARLETT,"HANOVER GALAXY","A Stunning Reflection of a Girl And a Secret Agent who must Succumb a Boy in A MySQL Convention",Music,17
DAMON,SCARLETT,"INTERVIEW LIAISONS","A Action-Packed Reflection of a Student And a Butler who must Discover a Database Administrator in A Manhattan Penthouse",New,20
DAMON,SCARLETT,"EAGLES PANKY","A Thoughtful Story of a Car And a Boy who must Find a A Shark in The Sahara Desert",New,22
DAMON,SCARLETT,"IMAGE PRINCESS","A Lacklusture Panorama of a Secret Agent And a Crocodile who must Discover a Madman in The Canadian Rockies",Sports,14
DAMON,SCARLETT,"GUNFIGHTER MUSSOLINI","A Touching Saga of a Robot And a Boy who must Kill a Man in Ancient Japan",Sports,12
DAMON,SCARLETT,"NEIGHBORS CHARADE","A Fanciful Reflection of a Crocodile And a Astronaut who must Outrace a Feminist in An Abandoned Amusement Park",Sports,19
DAMON,SCARLETT,"RIDER CADDYSHACK","A Taut Reflection of a Monkey And a Womanizer who must Chase a Moose in Nigeria",Sports,11
DAMON,SCARLETT,"DUDE BLINDNESS","A Stunning Reflection of a Husband And a Lumberjack who must Face a Frisbee in An Abandoned Fun House",Sports,16
DAVIS,JENNIFER,"BAREFOOT MANCHURIAN","A Intrepid Story of a Cat And a Student who must Vanquish a Girl in An Abandoned Amusement Park",Action,18
DAVIS,JENNIFER,"ANACONDA CONFESSIONS","A Lacklusture Display of a Dentist And a Dentist who must Fight a Girl in Australia",Animation,21
DAVIS,JENNIFER,"GHOSTBUSTERS ELF","A Thoughtful Epistle of a Dog And a Feminist who must Chase a Composer in Berlin",Animation,9
DAVIS,JENNIFER,"SUBMARINE BED","A Amazing Display of a Car And a Monkey who must Fight a Teacher in Soviet Georgia",Comedy,15
DAVIS,JENNIFER,"NATIONAL STORY","A Taut Epistle of a Mad Scientist And a Girl who must Escape a Monkey in California",Documentary,19
DAVIS,JENNIFER,"BED HIGHBALL","A Astounding Panorama of a Lumberjack And a Dog who must Redeem a Woman in An Abandoned Fun House",Documentary,6
DAVIS,JENNIFER,"GREEDY ROOTS","A Amazing Reflection of a A Shark And a Butler who must Chase a Hunter in The Canadian Rockies",Drama,14
DAVIS,JENNIFER,"BLADE POLISH","A Thoughtful Character Study of a Frisbee And a Pastry Chef who must Fight a Dentist in The First Manned Space Station",Drama,22
DAVIS,JENNIFER,"SPLASH GUMP","A Taut Saga of a Crocodile And a Boat who must Conquer a Hunter in A Shark Tank",Family,14
DAVIS,JENNIFER,"REDS POCUS","A Lacklusture Yarn of a Sumo Wrestler And a Squirrel who must Redeem a Monkey in Soviet Georgia",Music,9
DAVIS,JENNIFER,"HANOVER GALAXY","A Stunning Reflection of a Girl And a Secret Agent who must Succumb a Boy in A MySQL Convention",Music,17
DAVIS,JENNIFER,"JUMANJI BLADE","A Intrepid Yarn of a Husband And a Womanizer who must Pursue a Mad Scientist in New Orleans",New,8
DAVIS,JENNIFER,"OKLAHOMA JUMANJI","A Thoughtful Drama of a Dentist And a Womanizer who must Meet a Husband in The Sahara Desert",New,6
DAVIS,JENNIFER,"ANGELS LIFE","A Thoughtful Display of a Woman And a Astronaut who must Battle a Robot in Berlin",New,22
DAVIS,JENNIFER,"RANDOM GO","A Fateful Drama of a Frisbee And a Student who must Confront a Cat in A Shark Tank",Sci-Fi,9
DAVIS,JENNIFER,"SILVERADO GOLDFINGER","A Stunning Epistle of a Sumo Wrestler And a Man who must Challenge a Waitress in Ancient India",Sci-Fi,12
DAVIS,JENNIFER,"UNFORGIVEN ZOOLANDER","A Taut Epistle of a Monkey And a Sumo Wrestler who must Vanquish a A Shark in A Baloon Factory",Sci-Fi,18
DAVIS,JENNIFER,"INSTINCT AIRPORT","A Touching Documentary of a Mad Cow And a Explorer who must Confront a Butler in A Manhattan Penthouse",Sports,18
DAVIS,JENNIFER,"POSEIDON FOREVER","A Thoughtful Epistle of a Womanizer And a Monkey who must Vanquish a Dentist in A Monastery",Sports,17
DAVIS,SUSAN,"EXCITEMENT EVE","A Brilliant Documentary of a Monkey And a Car who must Conquer a Crocodile in A Shark Tank",Action,21
DAVIS,SUSAN,"GLASS DYING","A Astounding Drama of a Frisbee And a Astronaut who must Fight a Dog in Ancient Japan",Action,14
DAVIS,SUSAN,"DRAGON SQUAD","A Taut Reflection of a Boy And a Waitress who must Outgun a Teacher in Ancient China",Action,11
DAVIS,SUSAN,"LAWRENCE LOVE","A Fanciful Yarn of a Database Administrator And a Mad Cow who must Pursue a Womanizer in Berlin",Action,13
DAVIS,SUSAN,"CASUALTIES ENCINO","A Insightful Yarn of a A Shark And a Pastry Chef who must Face a Boy in A Monastery",Action,9
DAVIS,SUSAN,"MURDER ANTITRUST","A Brilliant Yarn of a Car And a Database Administrator who must Escape a Boy in A MySQL Convention",Children,23
DAVIS,SUSAN,"FULL FLATLINERS","A Beautiful Documentary of a Astronaut And a Moose who must Pursue a Monkey in A Shark Tank",Children,5
DAVIS,SUSAN,"JUMPING WRATH","A Touching Epistle of a Monkey And a Feminist who must Discover a Boat in Berlin",Children,24
DAVIS,SUSAN,"UPTOWN YOUNG","A Fateful Documentary of a Dog And a Hunter who must Pursue a Teacher in An Abandoned Amusement Park",Children,12
DAVIS,SUSAN,"BENEATH RUSH","A Astounding Panorama of a Man And a Monkey who must Discover a Man in The First Manned Space Station",Children,10
DAVIS,SUSAN,"BEAST HUNCHBACK","A Awe-Inspiring Epistle of a Student And a Squirrel who must Defeat a Boy in Ancient China",Classics,11
DAVIS,SUSAN,"LOATHING LEGALLY","A Boring Epistle of a Pioneer And a Mad Scientist who must Escape a Frisbee in The Gulf of Mexico",Classics,27
DAVIS,SUSAN,"SPIKING ELEMENT","A Lacklusture Epistle of a Dentist And a Technical Writer who must Find a Dog in A Monastery",Classics,13
DAVIS,SUSAN,"VALLEY PACKER","A Astounding Documentary of a Astronaut And a Boy who must Outrace a Sumo Wrestler in Berlin",Comedy,15
DAVIS,SUSAN,"MEMENTO ZOOLANDER","A Touching Epistle of a Squirrel And a Explorer who must Redeem a Pastry Chef in The Sahara Desert",Comedy,13
DAVIS,SUSAN,"WISDOM WORKER","A Unbelieveable Saga of a Forensic Psychologist And a Student who must Face a Squirrel in The First Manned Space Station",Comedy,9
DAVIS,SUSAN,"SEARCHERS WAIT","A Fast-Paced Tale of a Car And a Mad Scientist who must Kill a Womanizer in Ancient Japan",Comedy,14
DAVIS,SUSAN,"PACIFIC AMISTAD","A Thrilling Yarn of a Dog And a Moose who must Kill a Pastry Chef in A Manhattan Penthouse",Documentary,24
DAVIS,SUSAN,"CLERKS ANGELS","A Thrilling Display of a Sumo Wrestler And a Girl who must Confront a Man in A Baloon",Documentary,7
DAVIS,SUSAN,"BED HIGHBALL","A Astounding Panorama of a Lumberjack And a Dog who must Redeem a Woman in An Abandoned Fun House",Documentary,6
DAVIS,SUSAN,"BONNIE HOLOCAUST","A Fast-Paced Story of a Crocodile And a Robot who must Find a Moose in Ancient Japan",Documentary,16
DAVIS,SUSAN,"PATHS CONTROL","A Astounding Documentary of a Butler And a Cat who must Find a Frisbee in Ancient China",Drama,10
DAVIS,SUSAN,"SAINTS BRIDE","A Fateful Tale of a Technical Writer And a Composer who must Pursue a Explorer in The Gulf of Mexico",Drama,8
DAVIS,SUSAN,"CHITTY LOCK","A Boring Epistle of a Boat And a Database Administrator who must Kill a Sumo Wrestler in The First Manned Space Station",Drama,8
DAVIS,SUSAN,"LUCK OPUS","A Boring Display of a Moose And a Squirrel who must Outrace a Teacher in A Shark Tank",Drama,10
DAVIS,SUSAN,"PRIX UNDEFEATED","A Stunning Saga of a Mad Scientist And a Boat who must Overcome a Dentist in Ancient China",Family,11
DAVIS,SUSAN,"NATURAL STOCK","A Fast-Paced Story of a Sumo Wrestler And a Girl who must Defeat a Car in A Baloon Factory",Family,13
DAVIS,SUSAN,"HOTEL HAPPINESS","A Thrilling Yarn of a Pastry Chef And a A Shark who must Challenge a Mad Scientist in The Outback",Foreign,9
DAVIS,SUSAN,"WASH HEAVENLY","A Awe-Inspiring Reflection of a Cat And a Pioneer who must Escape a Hunter in Ancient China",Foreign,23
DAVIS,SUSAN,"MADNESS ATTACKS","A Fanciful Tale of a Squirrel And a Boat who must Defeat a Crocodile in The Gulf of Mexico",Foreign,25
DAVIS,SUSAN,"WONDERFUL DROP","A Boring Panorama of a Woman And a Madman who must Overcome a Butler in A U-Boat",Foreign,9
DAVIS,SUSAN,"CREATURES SHAKESPEARE","A Emotional Drama of a Womanizer And a Squirrel who must Vanquish a Crocodile in Ancient India",Games,16
DAVIS,SUSAN,"VIDEOTAPE ARSENIC","A Lacklusture Display of a Girl And a Astronaut who must Succumb a Student in Australia",Games,29
DAVIS,SUSAN,"PULP BEVERLY","A Unbelieveable Display of a Dog And a Crocodile who must Outrace a Man in Nigeria",Horror,30
DAVIS,SUSAN,"EGYPT TENENBAUMS","A Intrepid Story of a Madman And a Secret Agent who must Outrace a Astronaut in An Abandoned Amusement Park",Horror,17
DAVIS,SUSAN,"AIRPORT POLLOCK","A Epic Tale of a Moose And a Girl who must Confront a Monkey in Ancient India",Horror,18
DAVIS,SUSAN,"KARATE MOON","A Astounding Yarn of a Womanizer And a Dog who must Reach a Waitress in A MySQL Convention",Horror,23
DAVIS,SUSAN,"DRIVING POLISH","A Action-Packed Yarn of a Feminist And a Technical Writer who must Sink a Boat in An Abandoned Mine Shaft",Music,21
DAVIS,SUSAN,"WORDS HUNTER","A Action-Packed Reflection of a Composer And a Mad Scientist who must Face a Pioneer in A MySQL Convention",Music,16
DAVIS,SUSAN,"WIZARD COLDBLOODED","A Lacklusture Display of a Robot And a Girl who must Defeat a Sumo Wrestler in A MySQL Convention",Music,16
DAVIS,SUSAN,"VANISHING ROCKY","A Brilliant Reflection of a Man And a Woman who must Conquer a Pioneer in A MySQL Convention",Music,18
DAVIS,SUSAN,"EVE RESURRECTION","A Awe-Inspiring Yarn of a Pastry Chef And a Database Administrator who must Challenge a Teacher in A Baloon",New,7
DAVIS,SUSAN,"NONE SPIKING","A Boring Reflection of a Secret Agent And a Astronaut who must Face a Composer in A Manhattan Penthouse",Sci-Fi,27
DAVIS,SUSAN,"TROJAN TOMORROW","A Astounding Panorama of a Husband And a Sumo Wrestler who must Pursue a Boat in Ancient India",Sci-Fi,19
DAVIS,SUSAN,"GOODFELLAS SALUTE","A Unbelieveable Tale of a Dog And a Explorer who must Sink a Mad Cow in A Baloon Factory",Sci-Fi,31
DAVIS,SUSAN,"PANTHER REDS","A Brilliant Panorama of a Moose And a Man who must Reach a Teacher in The Gulf of Mexico",Sci-Fi,15
DAVIS,SUSAN,"ANONYMOUS HUMAN","A Amazing Reflection of a Database Administrator And a Astronaut who must Outrace a Database Administrator in A Shark Tank",Sports,13
DAVIS,SUSAN,"CARIBBEAN LIBERTY","A Fanciful Tale of a Pioneer And a Technical Writer who must Outgun a Pioneer in A Shark Tank",Sports,9
DAVIS,SUSAN,"STAR OPERATION","A Insightful Character Study of a Girl And a Car who must Pursue a Mad Cow in A Shark Tank",Sports,21
DAVIS,SUSAN,"DURHAM PANKY","A Brilliant Panorama of a Girl And a Boy who must Face a Mad Scientist in An Abandoned Mine Shaft",Sports,26
DAVIS,SUSAN,"SHINING ROSES","A Awe-Inspiring Character Study of a Astronaut And a Forensic Psychologist who must Challenge a Madman in Ancient India",Travel,8
DAVIS,SUSAN,"WORKER TARZAN","A Action-Packed Yarn of a Secret Agent And a Technical Writer who must Battle a Sumo Wrestler in The First Manned Space Station",Travel,15
DAVIS,SUSAN,"LEATHERNECKS DWARFS","A Fateful Reflection of a Dog And a Mad Cow who must Outrace a Teacher in An Abandoned Mine Shaft",Travel,7
DAY-LEWIS,FRANCES,"ENTRAPMENT SATISFACTION","A Thoughtful Panorama of a Hunter And a Teacher who must Reach a Mad Cow in A U-Boat",Action,15
DAY-LEWIS,FRANCES,"CHAMPION FLATLINERS","A Amazing Story of a Mad Cow And a Dog who must Kill a Husband in A Monastery",Animation,13
DAY-LEWIS,FRANCES,"GANGS PRIDE","A Taut Character Study of a Woman And a A Shark who must Confront a Frisbee in Berlin",Animation,27
DAY-LEWIS,FRANCES,"DOUBLE WRATH","A Thoughtful Yarn of a Womanizer And a Dog who must Challenge a Madman in The Gulf of Mexico",Animation,25
DAY-LEWIS,FRANCES,"BRINGING HYSTERICAL","A Fateful Saga of a A Shark And a Technical Writer who must Find a Woman in A Jet Boat",Comedy,20
DAY-LEWIS,FRANCES,"COAST RAINBOW","A Astounding Documentary of a Mad Cow And a Pioneer who must Challenge a Butler in The Sahara Desert",Documentary,21
DAY-LEWIS,FRANCES,"EXPENDABLE STALLION","A Amazing Character Study of a Mad Cow And a Squirrel who must Discover a Hunter in A U-Boat",Documentary,28
DAY-LEWIS,FRANCES,"BROTHERHOOD BLANKET","A Fateful Character Study of a Butler And a Technical Writer who must Sink a Astronaut in Ancient Japan",Documentary,26
DAY-LEWIS,FRANCES,"UNTOUCHABLES SUNRISE","A Amazing Documentary of a Woman And a Astronaut who must Outrace a Teacher in An Abandoned Fun House",Documentary,8
DAY-LEWIS,FRANCES,"SAGEBRUSH CLUELESS","A Insightful Story of a Lumberjack And a Hunter who must Kill a Boy in Ancient Japan",Documentary,16
DAY-LEWIS,FRANCES,"CIDER DESIRE","A Stunning Character Study of a Composer And a Mad Cow who must Succumb a Cat in Soviet Georgia",Documentary,19
DAY-LEWIS,FRANCES,"FINDING ANACONDA","A Fateful Tale of a Database Administrator And a Girl who must Battle a Squirrel in New Orleans",Family,12
DAY-LEWIS,FRANCES,"GABLES METROPOLIS","A Fateful Display of a Cat And a Pioneer who must Challenge a Pastry Chef in A Baloon Factory",Family,19
DAY-LEWIS,FRANCES,"HOMICIDE PEACH","A Astounding Documentary of a Hunter And a Boy who must Confront a Boy in A MySQL Convention",Family,22
DAY-LEWIS,FRANCES,"SHREK LICENSE","A Fateful Yarn of a Secret Agent And a Feminist who must Find a Feminist in A Jet Boat",Foreign,15
DAY-LEWIS,FRANCES,"MADNESS ATTACKS","A Fanciful Tale of a Squirrel And a Boat who must Defeat a Crocodile in The Gulf of Mexico",Foreign,25
DAY-LEWIS,FRANCES,"PURPLE MOVIE","A Boring Display of a Pastry Chef And a Sumo Wrestler who must Discover a Frisbee in An Abandoned Amusement Park",Foreign,13
DAY-LEWIS,FRANCES,"DARLING BREAKING","A Brilliant Documentary of a Astronaut And a Squirrel who must Succumb a Student in The Gulf of Mexico",Games,9
DAY-LEWIS,FRANCES,"LADY STAGE","A Beautiful Character Study of a Woman And a Man who must Pursue a Explorer in A U-Boat",Horror,17
DAY-LEWIS,FRANCES,"UNDEFEATED DALMATIONS","A Unbelieveable Display of a Crocodile And a Feminist who must Overcome a Moose in An Abandoned Amusement Park",Horror,21
DAY-LEWIS,FRANCES,"EAGLES PANKY","A Thoughtful Story of a Car And a Boy who must Find a A Shark in The Sahara Desert",New,22
DAY-LEWIS,FRANCES,"MARRIED GO","A Fanciful Story of a Womanizer And a Dog who must Face a Forensic Psychologist in The Sahara Desert",Sci-Fi,30
DAY-LEWIS,FRANCES,"FIDDLER LOST","A Boring Tale of a Squirrel And a Dog who must Challenge a Madman in The Gulf of Mexico",Sci-Fi,10
DAY-LEWIS,FRANCES,"MOTHER OLEANDER","A Boring Tale of a Husband And a Boy who must Fight a Squirrel in Ancient China",Sports,14
DAY-LEWIS,FRANCES,"MERMAID INSECTS","A Lacklusture Drama of a Waitress And a Husband who must Fight a Husband in California",Sports,16
DAY-LEWIS,FRANCES,"OTHERS SOUP","A Lacklusture Documentary of a Mad Cow And a Madman who must Sink a Moose in The Gulf of Mexico",Travel,23
DEAN,JUDY,"QUEST MUSSOLINI","A Fateful Drama of a Husband And a Sumo Wrestler who must Battle a Pastry Chef in A Baloon Factory",Action,20
DEAN,JUDY,"RUGRATS SHAKESPEARE","A Touching Saga of a Crocodile And a Crocodile who must Discover a Technical Writer in Nigeria",Action,30
DEAN,JUDY,"RINGS HEARTBREAKERS","A Amazing Yarn of a Sumo Wrestler And a Boat who must Conquer a Waitress in New Orleans",Action,15
DEAN,JUDY,"NASH CHOCOLAT","A Epic Reflection of a Monkey And a Mad Cow who must Kill a Forensic Psychologist in An Abandoned Mine Shaft",Animation,15
DEAN,JUDY,"MODERN DORADO","A Awe-Inspiring Story of a Butler And a Sumo Wrestler who must Redeem a Boy in New Orleans",Documentary,15
DEAN,JUDY,"CYCLONE FAMILY","A Lacklusture Drama of a Student And a Monkey who must Sink a Womanizer in A MySQL Convention",Foreign,15
DEAN,JUDY,"ROCKETEER MOTHER","A Awe-Inspiring Character Study of a Robot And a Sumo Wrestler who must Discover a Womanizer in A Shark Tank",Foreign,33
DEAN,JUDY,"BALLROOM MOCKINGBIRD","A Thrilling Documentary of a Composer And a Monkey who must Find a Feminist in California",Foreign,8
DEAN,JUDY,"ARACHNOPHOBIA ROLLERCOASTER","A Action-Packed Reflection of a Pastry Chef And a Composer who must Discover a Mad Scientist in The First Manned Space Station",Horror,24
DEAN,JUDY,"SOLDIERS EVOLUTION","A Lacklusture Panorama of a A Shark And a Pioneer who must Confront a Student in The First Manned Space Station",Sci-Fi,8
DEAN,JUDY,"ALADDIN CALENDAR","A Action-Packed Tale of a Man And a Lumberjack who must Reach a Feminist in Ancient China",Sports,23
DEAN,JUDY,"MUSSOLINI SPOILERS","A Thrilling Display of a Boat And a Monkey who must Meet a Composer in Ancient China",Sports,5
DEAN,JUDY,"GUNFIGHTER MUSSOLINI","A Touching Saga of a Robot And a Boy who must Kill a Man in Ancient Japan",Sports,12
DEAN,JUDY,"DROP WATERFRONT","A Fanciful Documentary of a Husband And a Explorer who must Reach a Madman in Ancient China",Sports,9
DEAN,JUDY,"TROUBLE DATE","A Lacklusture Panorama of a Forensic Psychologist And a Woman who must Kill a Explorer in Ancient Japan",Travel,23
DEAN,RIVER,"PARK CITIZEN","A Taut Epistle of a Sumo Wrestler And a Girl who must Face a Husband in Ancient Japan",Action,8
DEAN,RIVER,"POND SEATTLE","A Stunning Drama of a Teacher And a Boat who must Battle a Feminist in Ancient China",Animation,19
DEAN,RIVER,"DOGMA FAMILY","A Brilliant Character Study of a Database Administrator And a Monkey who must Succumb a Astronaut in New Orleans",Animation,30
DEAN,RIVER,"JERSEY SASSY","A Lacklusture Documentary of a Madman And a Mad Cow who must Find a Feminist in Ancient Japan",Children,6
DEAN,RIVER,"TRAMP OTHERS","A Brilliant Display of a Composer And a Cat who must Succumb a A Shark in Ancient India",Comedy,20
DEAN,RIVER,"PINOCCHIO SIMON","A Action-Packed Reflection of a Mad Scientist And a A Shark who must Find a Feminist in California",Comedy,20
DEAN,RIVER,"MYSTIC TRUMAN","A Epic Yarn of a Teacher And a Hunter who must Outgun a Explorer in Soviet Georgia",Comedy,10
DEAN,RIVER,"PARTY KNOCK","A Fateful Display of a Technical Writer And a Butler who must Battle a Sumo Wrestler in An Abandoned Mine Shaft",Comedy,13
DEAN,RIVER,"MIGHTY LUCK","A Astounding Epistle of a Mad Scientist And a Pioneer who must Escape a Database Administrator in A MySQL Convention",Documentary,12
DEAN,RIVER,"POCUS PULP","A Intrepid Yarn of a Frisbee And a Dog who must Build a Astronaut in A Baloon Factory",Documentary,26
DEAN,RIVER,"INDEPENDENCE HOTEL","A Thrilling Tale of a Technical Writer And a Boy who must Face a Pioneer in A Monastery",Documentary,19
DEAN,RIVER,"BLADE POLISH","A Thoughtful Character Study of a Frisbee And a Pastry Chef who must Fight a Dentist in The First Manned Space Station",Drama,22
DEAN,RIVER,"QUEEN LUKE","A Astounding Story of a Girl And a Boy who must Challenge a Composer in New Orleans",Drama,22
DEAN,RIVER,"WARDROBE PHANTOM","A Action-Packed Display of a Mad Cow And a Astronaut who must Kill a Car in Ancient India",Drama,27
DEAN,RIVER,"CONFUSED CANDLES","A Stunning Epistle of a Cat And a Forensic Psychologist who must Confront a Pioneer in A Baloon",Family,17
DEAN,RIVER,"MOVIE SHAKESPEARE","A Insightful Display of a Database Administrator And a Student who must Build a Hunter in Berlin",Family,27
DEAN,RIVER,"SORORITY QUEEN","A Fast-Paced Display of a Squirrel And a Composer who must Fight a Forensic Psychologist in A Jet Boat",Foreign,12
DEAN,RIVER,"BABY HALL","A Boring Character Study of a A Shark And a Girl who must Outrace a Feminist in An Abandoned Mine Shaft",Foreign,8
DEAN,RIVER,"SHREK LICENSE","A Fateful Yarn of a Secret Agent And a Feminist who must Find a Feminist in A Jet Boat",Foreign,15
DEAN,RIVER,"FIRE WOLVES","A Intrepid Documentary of a Frisbee And a Dog who must Outrace a Lumberjack in Nigeria",Games,7
DEAN,RIVER,"DIRTY ACE","A Action-Packed Character Study of a Forensic Psychologist And a Girl who must Build a Dentist in The Outback",Games,15
DEAN,RIVER,"MARS ROMAN","A Boring Drama of a Car And a Dog who must Succumb a Madman in Soviet Georgia",Games,19
DEAN,RIVER,"CHICAGO NORTH","A Fateful Yarn of a Mad Cow And a Waitress who must Battle a Student in California",Games,16
DEAN,RIVER,"SPIRIT FLINTSTONES","A Brilliant Yarn of a Cat And a Car who must Confront a Explorer in Ancient Japan",Horror,15
DEAN,RIVER,"GLEAMING JAWBREAKER","A Amazing Display of a Composer And a Forensic Psychologist who must Discover a Car in The Canadian Rockies",Sports,29
DEAN,RIVER,"TEEN APOLLO","A Awe-Inspiring Drama of a Dog And a Man who must Escape a Robot in A Shark Tank",Travel,17
DEAN,RIVER,"SWEET BROTHERHOOD","A Unbelieveable Epistle of a Sumo Wrestler And a Hunter who must Chase a Forensic Psychologist in A Baloon",Travel,15
DEAN,RIVER,"FROGMEN BREAKING","A Unbelieveable Yarn of a Mad Scientist And a Cat who must Chase a Lumberjack in Australia",Travel,10
DEE,EMILY,"CHRISTMAS MOONSHINE","A Action-Packed Epistle of a Feminist And a Astronaut who must Conquer a Boat in A Manhattan Penthouse",Children,21
DEE,EMILY,"INVASION CYCLONE","A Lacklusture Character Study of a Mad Scientist And a Womanizer who must Outrace a Explorer in A Monastery",Children,27
DEE,EMILY,"SCARFACE BANG","A Emotional Yarn of a Teacher And a Girl who must Find a Teacher in A Baloon Factory",Children,18
DEE,EMILY,"OCTOBER SUBMARINE","A Taut Epistle of a Monkey And a Boy who must Confront a Husband in A Jet Boat",Classics,11
DEE,EMILY,"GONE TROUBLE","A Insightful Character Study of a Mad Cow And a Forensic Psychologist who must Conquer a A Shark in A Manhattan Penthouse",Drama,10
DEE,EMILY,"SEA VIRGIN","A Fast-Paced Documentary of a Technical Writer And a Pastry Chef who must Escape a Moose in A U-Boat",Drama,22
DEE,EMILY,"SHREK LICENSE","A Fateful Yarn of a Secret Agent And a Feminist who must Find a Feminist in A Jet Boat",Foreign,15
DEE,EMILY,"CHAMBER ITALIAN","A Fateful Reflection of a Moose And a Husband who must Overcome a Monkey in Nigeria",Music,13
DEE,EMILY,"REBEL AIRPORT","A Intrepid Yarn of a Database Administrator And a Boat who must Outrace a Husband in Ancient India",Music,8
DEE,EMILY,"DESTINY SATURDAY","A Touching Drama of a Crocodile And a Crocodile who must Conquer a Explorer in Soviet Georgia",New,16
DEE,EMILY,"HOLLOW JEOPARDY","A Beautiful Character Study of a Robot And a Astronaut who must Overcome a Boat in A Monastery",Sci-Fi,10
DEE,EMILY,"ANONYMOUS HUMAN","A Amazing Reflection of a Database Administrator And a Astronaut who must Outrace a Database Administrator in A Shark Tank",Sports,13
DEE,EMILY,"BASIC EASY","A Stunning Epistle of a Man And a Husband who must Reach a Mad Scientist in A Jet Boat",Travel,21
DEE,EMILY,"FUGITIVE MAGUIRE","A Taut Epistle of a Feminist And a Sumo Wrestler who must Battle a Crocodile in Australia",Travel,11
DEE,LUCILLE,"MISSION ZOOLANDER","A Intrepid Story of a Sumo Wrestler And a Teacher who must Meet a A Shark in An Abandoned Fun House",Animation,18
DEE,LUCILLE,"DAUGHTER MADIGAN","A Beautiful Tale of a Hunter And a Mad Scientist who must Confront a Squirrel in The First Manned Space Station",Children,9
DEE,LUCILLE,"MAKER GABLES","A Stunning Display of a Moose And a Database Administrator who must Pursue a Composer in A Jet Boat",Children,10
DEE,LUCILLE,"CLOCKWORK PARADISE","A Insightful Documentary of a Technical Writer And a Feminist who must Challenge a Cat in A Baloon",Children,10
DEE,LUCILLE,"WESTWARD SEABISCUIT","A Lacklusture Tale of a Butler And a Husband who must Face a Boy in Ancient China",Classics,26
DEE,LUCILLE,"NORTH TEQUILA","A Beautiful Character Study of a Mad Cow And a Robot who must Reach a Womanizer in New Orleans",Documentary,11
DEE,LUCILLE,"UNFAITHFUL KILL","A Taut Documentary of a Waitress And a Mad Scientist who must Battle a Technical Writer in New Orleans",Drama,8
DEE,LUCILLE,"HARRY IDAHO","A Taut Yarn of a Technical Writer And a Feminist who must Outrace a Dog in California",Drama,30
DEE,LUCILLE,"BEAUTY GREASE","A Fast-Paced Display of a Composer And a Moose who must Sink a Robot in An Abandoned Mine Shaft",Drama,22
DEE,LUCILLE,"PRESIDENT BANG","A Fateful Panorama of a Technical Writer And a Moose who must Battle a Robot in Soviet Georgia",Family,7
DEE,LUCILLE,"OPPOSITE NECKLACE","A Fateful Epistle of a Crocodile And a Moose who must Kill a Explorer in Nigeria",Family,13
DEE,LUCILLE,"GRAPES FURY","A Boring Yarn of a Mad Cow And a Sumo Wrestler who must Meet a Robot in Australia",Foreign,22
DEE,LUCILLE,"BALLROOM MOCKINGBIRD","A Thrilling Documentary of a Composer And a Monkey who must Find a Feminist in California",Foreign,8
DEE,LUCILLE,"LAMBS CINCINATTI","A Insightful Story of a Man And a Feminist who must Fight a Composer in Australia",Games,10
DEE,LUCILLE,"ROXANNE REBEL","A Astounding Story of a Pastry Chef And a Database Administrator who must Fight a Man in The Outback",Games,19
DEE,LUCILLE,"TEXAS WATCH","A Awe-Inspiring Yarn of a Student And a Teacher who must Fight a Teacher in An Abandoned Amusement Park",Horror,6
DEE,LUCILLE,"DRUMS DYNAMITE","A Epic Display of a Crocodile And a Crocodile who must Confront a Dog in An Abandoned Amusement Park",Horror,13
DEE,LUCILLE,"AIRPORT POLLOCK","A Epic Tale of a Moose And a Girl who must Confront a Monkey in Ancient India",Horror,18
DEE,LUCILLE,"TELEGRAPH VOYAGE","A Fateful Yarn of a Husband And a Dog who must Battle a Waitress in A Jet Boat",Music,27
DEE,LUCILLE,"MASK PEACH","A Boring Character Study of a Student And a Robot who must Meet a Woman in California",New,17
DEE,LUCILLE,"HYSTERICAL GRAIL","A Amazing Saga of a Madman And a Dentist who must Build a Car in A Manhattan Penthouse",Sports,15
DEE,LUCILLE,"IMAGE PRINCESS","A Lacklusture Panorama of a Secret Agent And a Crocodile who must Discover a Madman in The Canadian Rockies",Sports,14
DEE,LUCILLE,"CASSIDY WYOMING","A Intrepid Drama of a Frisbee And a Hunter who must Kill a Secret Agent in New Orleans",Travel,6
DEE,LUCILLE,"WORKING MICROCOSMOS","A Stunning Epistle of a Dentist And a Dog who must Kill a Madman in Ancient China",Travel,25
DEGENERES,GINA,"CLUELESS BUCKET","A Taut Tale of a Car And a Pioneer who must Conquer a Sumo Wrestler in An Abandoned Fun House",Action,25
DEGENERES,GINA,"MIDNIGHT WESTWARD","A Taut Reflection of a Husband And a A Shark who must Redeem a Pastry Chef in A Monastery",Action,17
DEGENERES,GINA,"EXCITEMENT EVE","A Brilliant Documentary of a Monkey And a Car who must Conquer a Crocodile in A Shark Tank",Action,21
DEGENERES,GINA,"HOOK CHARIOTS","A Insightful Story of a Boy And a Dog who must Redeem a Boy in Australia",Animation,13
DEGENERES,GINA,"STORM HAPPINESS","A Insightful Drama of a Feminist And a A Shark who must Vanquish a Boat in A Shark Tank",Animation,29
DEGENERES,GINA,"DOGMA FAMILY","A Brilliant Character Study of a Database Administrator And a Monkey who must Succumb a Astronaut in New Orleans",Animation,30
DEGENERES,GINA,"SUGAR WONKA","A Touching Story of a Dentist And a Database Administrator who must Conquer a Astronaut in An Abandoned Amusement Park",Animation,17
DEGENERES,GINA,"HEARTBREAKERS BRIGHT","A Awe-Inspiring Documentary of a A Shark And a Dentist who must Outrace a Pastry Chef in The Canadian Rockies",Children,20
DEGENERES,GINA,"HALL CASSIDY","A Beautiful Panorama of a Pastry Chef And a A Shark who must Battle a Pioneer in Soviet Georgia",Children,16
DEGENERES,GINA,"MAGNIFICENT CHITTY","A Insightful Story of a Teacher And a Hunter who must Face a Mad Cow in California",Classics,8
DEGENERES,GINA,"HYDE DOCTOR","A Fanciful Documentary of a Boy And a Woman who must Redeem a Womanizer in A Jet Boat",Classics,26
DEGENERES,GINA,"GUNFIGHT MOON","A Epic Reflection of a Pastry Chef And a Explorer who must Reach a Dentist in The Sahara Desert",Comedy,24
DEGENERES,GINA,"TRAINSPOTTING STRANGERS","A Fast-Paced Drama of a Pioneer And a Mad Cow who must Challenge a Madman in Ancient Japan",Comedy,11
DEGENERES,GINA,"SEARCHERS WAIT","A Fast-Paced Tale of a Car And a Mad Scientist who must Kill a Womanizer in Ancient Japan",Comedy,14
DEGENERES,GINA,"METAL ARMAGEDDON","A Thrilling Display of a Lumberjack And a Crocodile who must Meet a Monkey in A Baloon Factory",Documentary,25
DEGENERES,GINA,"WIFE TURN","A Awe-Inspiring Epistle of a Teacher And a Feminist who must Confront a Pioneer in Ancient Japan",Documentary,31
DEGENERES,GINA,"BED HIGHBALL","A Astounding Panorama of a Lumberjack And a Dog who must Redeem a Woman in An Abandoned Fun House",Documentary,6
DEGENERES,GINA,"CONEHEADS SMOOCHY","A Touching Story of a Womanizer And a Composer who must Pursue a Husband in Nigeria",Drama,25
DEGENERES,GINA,"DARKNESS WAR","A Touching Documentary of a Husband And a Hunter who must Escape a Boy in The Sahara Desert",Drama,13
DEGENERES,GINA,"MOVIE SHAKESPEARE","A Insightful Display of a Database Administrator And a Student who must Build a Hunter in Berlin",Family,27
DEGENERES,GINA,"LOUISIANA HARRY","A Lacklusture Drama of a Girl And a Technical Writer who must Redeem a Monkey in A Shark Tank",Family,17
DEGENERES,GINA,"INDIAN LOVE","A Insightful Saga of a Mad Scientist And a Mad Scientist who must Kill a Astronaut in An Abandoned Fun House",Family,16
DEGENERES,GINA,"GANDHI KWAI","A Thoughtful Display of a Mad Scientist And a Secret Agent who must Chase a Boat in Berlin",Family,17
DEGENERES,GINA,"INTRIGUE WORST","A Fanciful Character Study of a Explorer And a Mad Scientist who must Vanquish a Squirrel in A Jet Boat",Foreign,20
DEGENERES,GINA,"CALENDAR GUNFIGHT","A Thrilling Drama of a Frisbee And a Lumberjack who must Sink a Man in Nigeria",Foreign,21
DEGENERES,GINA,"SEVEN SWARM","A Unbelieveable Character Study of a Dog And a Mad Cow who must Kill a Monkey in Berlin",Games,5
DEGENERES,GINA,"ELEPHANT TROJAN","A Beautiful Panorama of a Lumberjack And a Forensic Psychologist who must Overcome a Frisbee in A Baloon",Horror,14
DEGENERES,GINA,"DEER VIRGINIAN","A Thoughtful Story of a Mad Cow And a Womanizer who must Overcome a Mad Scientist in Soviet Georgia",Music,29
DEGENERES,GINA,"CHAMBER ITALIAN","A Fateful Reflection of a Moose And a Husband who must Overcome a Monkey in Nigeria",Music,13
DEGENERES,GINA,"TELEGRAPH VOYAGE","A Fateful Yarn of a Husband And a Dog who must Battle a Waitress in A Jet Boat",Music,27
DEGENERES,GINA,"IMPACT ALADDIN","A Epic Character Study of a Frisbee And a Moose who must Outgun a Technical Writer in A Shark Tank",Music,9
DEGENERES,GINA,"CHAPLIN LICENSE","A Boring Drama of a Dog And a Forensic Psychologist who must Outrace a Explorer in Ancient India",New,8
DEGENERES,GINA,"FRISCO FORREST","A Beautiful Documentary of a Woman And a Pioneer who must Pursue a Mad Scientist in A Shark Tank",Sci-Fi,9
DEGENERES,GINA,"SPIRITED CASUALTIES","A Taut Story of a Waitress And a Man who must Face a Car in A Baloon Factory",Sci-Fi,11
DEGENERES,GINA,"CHARIOTS CONSPIRACY","A Unbelieveable Epistle of a Robot And a Husband who must Chase a Robot in The First Manned Space Station",Sci-Fi,21
DEGENERES,GINA,"GOODFELLAS SALUTE","A Unbelieveable Tale of a Dog And a Explorer who must Sink a Mad Cow in A Baloon Factory",Sci-Fi,31
DEGENERES,GINA,"OPEN AFRICAN","A Lacklusture Drama of a Secret Agent And a Explorer who must Discover a Car in A U-Boat",Sci-Fi,21
DEGENERES,GINA,"LICENSE WEEKEND","A Insightful Story of a Man And a Husband who must Overcome a Madman in A Monastery",Sci-Fi,7
DEGENERES,GINA,"COLDBLOODED DARLING","A Brilliant Panorama of a Dentist And a Moose who must Find a Student in The Gulf of Mexico",Sci-Fi,16
DEGENERES,GINA,"SIERRA DIVIDE","A Emotional Character Study of a Frisbee And a Mad Scientist who must Build a Madman in California",Sports,15
DEGENERES,GINA,"MUMMY CREATURES","A Fateful Character Study of a Crocodile And a Monkey who must Meet a Dentist in Australia",Sports,16
DEGENERES,GINA,"WINDOW SIDE","A Astounding Character Study of a Womanizer And a Hunter who must Escape a Robot in A Monastery",Travel,12
DEGENERES,JODIE,"DREAM PICKUP","A Epic Display of a Car And a Composer who must Overcome a Forensic Psychologist in The Gulf of Mexico",Action,22
DEGENERES,JODIE,"CROW GREASE","A Awe-Inspiring Documentary of a Woman And a Husband who must Sink a Database Administrator in The First Manned Space Station",Action,12
DEGENERES,JODIE,"DARN FORRESTER","A Fateful Story of a A Shark And a Explorer who must Succumb a Technical Writer in A Jet Boat",Action,18
DEGENERES,JODIE,"BEAST HUNCHBACK","A Awe-Inspiring Epistle of a Student And a Squirrel who must Defeat a Boy in Ancient China",Classics,11
DEGENERES,JODIE,"DRACULA CRYSTAL","A Thrilling Reflection of a Feminist And a Cat who must Find a Frisbee in An Abandoned Fun House",Classics,21
DEGENERES,JODIE,"CLOSER BANG","A Unbelieveable Panorama of a Frisbee And a Hunter who must Vanquish a Monkey in Ancient India",Comedy,28
DEGENERES,JODIE,"PARADISE SABRINA","A Intrepid Yarn of a Car And a Moose who must Outrace a Crocodile in A Manhattan Penthouse",Comedy,18
DEGENERES,JODIE,"CIDER DESIRE","A Stunning Character Study of a Composer And a Mad Cow who must Succumb a Cat in Soviet Georgia",Documentary,19
DEGENERES,JODIE,"FRENCH HOLIDAY","A Thrilling Epistle of a Dog And a Feminist who must Kill a Madman in Berlin",Documentary,17
DEGENERES,JODIE,"MADISON TRAP","A Awe-Inspiring Reflection of a Monkey And a Dentist who must Overcome a Pioneer in A U-Boat",Documentary,15
DEGENERES,JODIE,"DIARY PANIC","A Thoughtful Character Study of a Frisbee And a Mad Cow who must Outgun a Man in Ancient India",Drama,9
DEGENERES,JODIE,"VIETNAM SMOOCHY","A Lacklusture Display of a Butler And a Man who must Sink a Explorer in Soviet Georgia",Drama,15
DEGENERES,JODIE,"REMEMBER DIARY","A Insightful Tale of a Technical Writer And a Waitress who must Conquer a Monkey in Ancient India",Family,18
DEGENERES,JODIE,"BROOKLYN DESERT","A Beautiful Drama of a Dentist And a Composer who must Battle a Sumo Wrestler in The First Manned Space Station",Foreign,21
DEGENERES,JODIE,"PET HAUNTING","A Unbelieveable Reflection of a Explorer And a Boat who must Conquer a Woman in California",Foreign,8
DEGENERES,JODIE,"MOONSHINE CABIN","A Thoughtful Display of a Astronaut And a Feminist who must Chase a Frisbee in A Jet Boat",Games,21
DEGENERES,JODIE,"AFFAIR PREJUDICE","A Fanciful Documentary of a Frisbee And a Lumberjack who must Chase a Monkey in A Shark Tank",Horror,23
DEGENERES,JODIE,"SIMON NORTH","A Thrilling Documentary of a Technical Writer And a A Shark who must Face a Pioneer in A Shark Tank",Horror,6
DEGENERES,JODIE,"BOOGIE AMELIE","A Lacklusture Character Study of a Husband And a Sumo Wrestler who must Succumb a Technical Writer in The Gulf of Mexico",Music,29
DEGENERES,JODIE,"REDS POCUS","A Lacklusture Yarn of a Sumo Wrestler And a Squirrel who must Redeem a Monkey in Soviet Georgia",Music,9
DEGENERES,JODIE,"FATAL HAUNTED","A Beautiful Drama of a Student And a Secret Agent who must Confront a Dentist in Ancient Japan",New,28
DEGENERES,JODIE,"TROJAN TOMORROW","A Astounding Panorama of a Husband And a Sumo Wrestler who must Pursue a Boat in Ancient India",Sci-Fi,19
DEGENERES,JODIE,"DAISY MENAGERIE","A Fast-Paced Saga of a Pastry Chef And a Monkey who must Sink a Composer in Ancient India",Sci-Fi,16
DEGENERES,JODIE,"BEVERLY OUTLAW","A Fanciful Documentary of a Womanizer And a Boat who must Defeat a Madman in The First Manned Space Station",Sci-Fi,21
DEGENERES,JODIE,"SENSE GREEK","A Taut Saga of a Lumberjack And a Pastry Chef who must Escape a Sumo Wrestler in An Abandoned Fun House",Sports,7
DEGENERES,JODIE,"PICKUP DRIVING","A Touching Documentary of a Husband And a Boat who must Meet a Pastry Chef in A Baloon Factory",Sports,16
DEGENERES,JODIE,"GROOVE FICTION","A Unbelieveable Reflection of a Moose And a A Shark who must Defeat a Lumberjack in An Abandoned Mine Shaft",Sports,18
DEGENERES,JODIE,"TOMATOES HELLFIGHTERS","A Thoughtful Epistle of a Madman And a Astronaut who must Overcome a Monkey in A Shark Tank",Travel,14
DEGENERES,JODIE,"SHANGHAI TYCOON","A Fast-Paced Character Study of a Crocodile And a Lumberjack who must Build a Husband in An Abandoned Fun House",Travel,14
DEGENERES,NICK,"FLYING HOOK","A Thrilling Display of a Mad Cow And a Dog who must Challenge a Frisbee in Nigeria",Animation,20
DEGENERES,NICK,"BETRAYED REAR","A Emotional Character Study of a Boat And a Pioneer who must Find a Explorer in A Shark Tank",Children,15
DEGENERES,NICK,"EXTRAORDINARY CONQUERER","A Stunning Story of a Dog And a Feminist who must Face a Forensic Psychologist in Berlin",Classics,6
DEGENERES,NICK,"ZORRO ARK","A Intrepid Panorama of a Mad Scientist And a Boy who must Redeem a Boy in A Monastery",Comedy,31
DEGENERES,NICK,"SHIP WONDERLAND","A Thrilling Saga of a Monkey And a Frisbee who must Escape a Explorer in The Outback",Documentary,15
DEGENERES,NICK,"NEWSIES STORY","A Action-Packed Character Study of a Dog And a Lumberjack who must Outrace a Moose in The Gulf of Mexico",Documentary,7
DEGENERES,NICK,"GOLDFINGER SENSIBILITY","A Insightful Drama of a Mad Scientist And a Hunter who must Defeat a Pastry Chef in New Orleans",Drama,24
DEGENERES,NICK,"BEAUTY GREASE","A Fast-Paced Display of a Composer And a Moose who must Sink a Robot in An Abandoned Mine Shaft",Drama,22
DEGENERES,NICK,"CHITTY LOCK","A Boring Epistle of a Boat And a Database Administrator who must Kill a Sumo Wrestler in The First Manned Space Station",Drama,8
DEGENERES,NICK,"VIRGIN DAISY","A Awe-Inspiring Documentary of a Robot And a Mad Scientist who must Reach a Database Administrator in A Shark Tank",Drama,17
DEGENERES,NICK,"SUPER WYOMING","A Action-Packed Saga of a Pastry Chef And a Explorer who must Discover a A Shark in The Outback",Family,13
DEGENERES,NICK,"PET HAUNTING","A Unbelieveable Reflection of a Explorer And a Boat who must Conquer a Woman in California",Foreign,8
DEGENERES,NICK,"FEATHERS METAL","A Thoughtful Yarn of a Monkey And a Teacher who must Find a Dog in Australia",Games,11
DEGENERES,NICK,"BOOGIE AMELIE","A Lacklusture Character Study of a Husband And a Sumo Wrestler who must Succumb a Technical Writer in The Gulf of Mexico",Music,29
DEGENERES,NICK,"DRIVING POLISH","A Action-Packed Yarn of a Feminist And a Technical Writer who must Sink a Boat in An Abandoned Mine Shaft",Music,21
DEGENERES,NICK,"HOME PITY","A Touching Panorama of a Man And a Secret Agent who must Challenge a Teacher in A MySQL Convention",Music,14
DEGENERES,NICK,"ANGELS LIFE","A Thoughtful Display of a Woman And a Astronaut who must Battle a Robot in Berlin",New,22
DEGENERES,NICK,"MINE TITANS","A Amazing Yarn of a Robot And a Womanizer who must Discover a Forensic Psychologist in Berlin",New,19
DEGENERES,NICK,"RANDOM GO","A Fateful Drama of a Frisbee And a Student who must Confront a Cat in A Shark Tank",Sci-Fi,9
DEGENERES,NICK,"BARBARELLA STREETCAR","A Awe-Inspiring Story of a Feminist And a Cat who must Conquer a Dog in A Monastery",Sci-Fi,25
DEGENERES,NICK,"GLEAMING JAWBREAKER","A Amazing Display of a Composer And a Forensic Psychologist who must Discover a Car in The Canadian Rockies",Sports,29
DENCH,CHARLIZE,"LUST LOCK","A Fanciful Panorama of a Hunter And a Dentist who must Meet a Secret Agent in The Sahara Desert",Action,15
DENCH,CHARLIZE,"CLUELESS BUCKET","A Taut Tale of a Car And a Pioneer who must Conquer a Sumo Wrestler in An Abandoned Fun House",Action,25
DENCH,CHARLIZE,"DARN FORRESTER","A Fateful Story of a A Shark And a Explorer who must Succumb a Technical Writer in A Jet Boat",Action,18
DENCH,CHARLIZE,"PRIMARY GLASS","A Fateful Documentary of a Pastry Chef And a Butler who must Build a Dog in The Canadian Rockies",Action,27
DENCH,CHARLIZE,"MASSAGE IMAGE","A Fateful Drama of a Frisbee And a Crocodile who must Vanquish a Dog in The First Manned Space Station",Animation,12
DENCH,CHARLIZE,"SPLENDOR PATTON","A Taut Story of a Dog And a Explorer who must Find a Astronaut in Berlin",Children,21
DENCH,CHARLIZE,"SUNDANCE INVASION","A Epic Drama of a Lumberjack And a Explorer who must Confront a Hunter in A Baloon Factory",Children,19
DENCH,CHARLIZE,"DYNAMITE TARZAN","A Intrepid Documentary of a Forensic Psychologist And a Mad Scientist who must Face a Explorer in A U-Boat",Classics,25
DENCH,CHARLIZE,"WESTWARD SEABISCUIT","A Lacklusture Tale of a Butler And a Husband who must Face a Boy in Ancient China",Classics,26
DENCH,CHARLIZE,"CONTROL ANTHEM","A Fateful Documentary of a Robot And a Student who must Battle a Cat in A Monastery",Comedy,7
DENCH,CHARLIZE,"LONELY ELEPHANT","A Intrepid Story of a Student And a Dog who must Challenge a Explorer in Soviet Georgia",Comedy,15
DENCH,CHARLIZE,"HEAVEN FREEDOM","A Intrepid Story of a Butler And a Car who must Vanquish a Man in New Orleans",Comedy,18
DENCH,CHARLIZE,"JACKET FRISCO","A Insightful Reflection of a Womanizer And a Husband who must Conquer a Pastry Chef in A Baloon",Drama,18
DENCH,CHARLIZE,"BABY HALL","A Boring Character Study of a A Shark And a Girl who must Outrace a Feminist in An Abandoned Mine Shaft",Foreign,8
DENCH,CHARLIZE,"FEATHERS METAL","A Thoughtful Yarn of a Monkey And a Teacher who must Find a Dog in Australia",Games,11
DENCH,CHARLIZE,"CANDLES GRAPES","A Fanciful Character Study of a Monkey And a Explorer who must Build a Astronaut in An Abandoned Fun House",Games,23
DENCH,CHARLIZE,"WIND PHANTOM","A Touching Saga of a Madman And a Forensic Psychologist who must Build a Sumo Wrestler in An Abandoned Mine Shaft",Games,23
DENCH,CHARLIZE,"HAUNTING PIANIST","A Fast-Paced Story of a Database Administrator And a Composer who must Defeat a Squirrel in An Abandoned Amusement Park",Games,22
DENCH,CHARLIZE,"HYSTERICAL GRAIL","A Amazing Saga of a Madman And a Dentist who must Build a Car in A Manhattan Penthouse",Sports,15
DENCH,CHARLIZE,"DRIVER ANNIE","A Lacklusture Character Study of a Butler And a Car who must Redeem a Boat in An Abandoned Fun House",Sports,18
DENCH,CHARLIZE,"JOON NORTHWEST","A Thrilling Panorama of a Technical Writer And a Car who must Discover a Forensic Psychologist in A Shark Tank",Sports,17
DENCH,CHARLIZE,"CRANES RESERVOIR","A Fanciful Documentary of a Teacher And a Dog who must Outgun a Forensic Psychologist in A Baloon Factory",Sports,11
DENCH,CHARLIZE,"FUGITIVE MAGUIRE","A Taut Epistle of a Feminist And a Sumo Wrestler who must Battle a Crocodile in Australia",Travel,11
DENCH,CHARLIZE,"BUCKET BROTHERHOOD","A Amazing Display of a Girl And a Womanizer who must Succumb a Lumberjack in A Baloon Factory",Travel,34
DENCH,JULIANNE,"BULL SHAWSHANK","A Fanciful Drama of a Moose And a Squirrel who must Conquer a Pioneer in The Canadian Rockies",Action,16
DENCH,JULIANNE,"BERETS AGENT","A Taut Saga of a Crocodile And a Boy who must Overcome a Technical Writer in Ancient China",Action,21
DENCH,JULIANNE,"LORD ARIZONA","A Action-Packed Display of a Frisbee And a Pastry Chef who must Pursue a Crocodile in A Jet Boat",Action,11
DENCH,JULIANNE,"TITANIC BOONDOCK","A Brilliant Reflection of a Feminist And a Dog who must Fight a Boy in A Baloon Factory",Animation,23
DENCH,JULIANNE,"DESIRE ALIEN","A Fast-Paced Tale of a Dog And a Forensic Psychologist who must Meet a Astronaut in The First Manned Space Station",Animation,8
DENCH,JULIANNE,"DOUBLE WRATH","A Thoughtful Yarn of a Womanizer And a Dog who must Challenge a Madman in The Gulf of Mexico",Animation,25
DENCH,JULIANNE,"SHEPHERD MIDSUMMER","A Thoughtful Drama of a Robot And a Womanizer who must Kill a Lumberjack in A Baloon",Children,25
DENCH,JULIANNE,"JEEPERS WEDDING","A Astounding Display of a Composer And a Dog who must Kill a Pastry Chef in Soviet Georgia",Classics,16
DENCH,JULIANNE,"DYNAMITE TARZAN","A Intrepid Documentary of a Forensic Psychologist And a Mad Scientist who must Face a Explorer in A U-Boat",Classics,25
DENCH,JULIANNE,"REQUIEM TYCOON","A Unbelieveable Character Study of a Cat And a Database Administrator who must Pursue a Teacher in A Monastery",Classics,19
DENCH,JULIANNE,"UNTOUCHABLES SUNRISE","A Amazing Documentary of a Woman And a Astronaut who must Outrace a Teacher in An Abandoned Fun House",Documentary,8
DENCH,JULIANNE,"MIGHTY LUCK","A Astounding Epistle of a Mad Scientist And a Pioneer who must Escape a Database Administrator in A MySQL Convention",Documentary,12
DENCH,JULIANNE,"ADAPTATION HOLES","A Astounding Reflection of a Lumberjack And a Car who must Sink a Lumberjack in A Baloon Factory",Documentary,12
DENCH,JULIANNE,"MODERN DORADO","A Awe-Inspiring Story of a Butler And a Sumo Wrestler who must Redeem a Boy in New Orleans",Documentary,15
DENCH,JULIANNE,"ATLANTIS CAUSE","A Thrilling Yarn of a Feminist And a Hunter who must Fight a Technical Writer in A Shark Tank",Family,24
DENCH,JULIANNE,"HUNTING MUSKETEERS","A Thrilling Reflection of a Pioneer And a Dentist who must Outrace a Womanizer in An Abandoned Mine Shaft",Family,15
DENCH,JULIANNE,"JEDI BENEATH","A Astounding Reflection of a Explorer And a Dentist who must Pursue a Student in Nigeria",Family,19
DENCH,JULIANNE,"DOUBTFIRE LABYRINTH","A Intrepid Panorama of a Butler And a Composer who must Meet a Mad Cow in The Sahara Desert",Foreign,10
DENCH,JULIANNE,"COWBOY DOOM","A Astounding Drama of a Boy And a Lumberjack who must Fight a Butler in A Baloon",Foreign,7
DENCH,JULIANNE,"KARATE MOON","A Astounding Yarn of a Womanizer And a Dog who must Reach a Waitress in A MySQL Convention",Horror,23
DENCH,JULIANNE,"MONTEREY LABYRINTH","A Awe-Inspiring Drama of a Monkey And a Composer who must Escape a Feminist in A U-Boat",Horror,13
DENCH,JULIANNE,"RIDGEMONT SUBMARINE","A Unbelieveable Drama of a Waitress And a Composer who must Sink a Mad Cow in Ancient Japan",New,32
DENCH,JULIANNE,"DISTURBING SCARFACE","A Lacklusture Display of a Crocodile And a Butler who must Overcome a Monkey in A U-Boat",Sci-Fi,26
DENCH,JULIANNE,"CINCINATTI WHISPERER","A Brilliant Saga of a Pastry Chef And a Hunter who must Confront a Butler in Berlin",Sci-Fi,13
DENCH,JULIANNE,"KRAMER CHOCOLATE","A Amazing Yarn of a Robot And a Pastry Chef who must Redeem a Mad Scientist in The Outback",Sports,9
DENCH,JULIANNE,"HYSTERICAL GRAIL","A Amazing Saga of a Madman And a Dentist who must Build a Car in A Manhattan Penthouse",Sports,15
DENCH,JULIANNE,"MILE MULAN","A Lacklusture Epistle of a Cat And a Husband who must Confront a Boy in A MySQL Convention",Sports,13
DENCH,JULIANNE,"HONEY TIES","A Taut Story of a Waitress And a Crocodile who must Outrace a Lumberjack in A Shark Tank",Sports,19
DENCH,JULIANNE,"WORKER TARZAN","A Action-Packed Yarn of a Secret Agent And a Technical Writer who must Battle a Sumo Wrestler in The First Manned Space Station",Travel,15
DENCH,JULIANNE,"ENOUGH RAGING","A Astounding Character Study of a Boat And a Secret Agent who must Find a Mad Cow in The Sahara Desert",Travel,18
DEPP,CHRIS,"SIDE ARK","A Stunning Panorama of a Crocodile And a Womanizer who must Meet a Feminist in The Canadian Rockies",Action,12
DEPP,CHRIS,"MINDS TRUMAN","A Taut Yarn of a Mad Scientist And a Crocodile who must Outgun a Database Administrator in A Monastery",Action,20
DEPP,CHRIS,"TEQUILA PAST","A Action-Packed Panorama of a Mad Scientist And a Robot who must Challenge a Student in Nigeria",Children,6
DEPP,CHRIS,"SABRINA MIDNIGHT","A Emotional Story of a Squirrel And a Crocodile who must Succumb a Husband in The Sahara Desert",Children,21
DEPP,CHRIS,"JERK PAYCHECK","A Touching Character Study of a Pastry Chef And a Database Administrator who must Reach a A Shark in Ancient Japan",Classics,20
DEPP,CHRIS,"IRON MOON","A Fast-Paced Documentary of a Mad Cow And a Boy who must Pursue a Dentist in A Baloon",Classics,11
DEPP,CHRIS,"PARTY KNOCK","A Fateful Display of a Technical Writer And a Butler who must Battle a Sumo Wrestler in An Abandoned Mine Shaft",Comedy,13
DEPP,CHRIS,"DOOM DANCING","A Astounding Panorama of a Car And a Mad Scientist who must Battle a Lumberjack in A MySQL Convention",Comedy,21
DEPP,CHRIS,"GONE TROUBLE","A Insightful Character Study of a Mad Cow And a Forensic Psychologist who must Conquer a A Shark in A Manhattan Penthouse",Drama,10
DEPP,CHRIS,"ATLANTIS CAUSE","A Thrilling Yarn of a Feminist And a Hunter who must Fight a Technical Writer in A Shark Tank",Family,24
DEPP,CHRIS,"IMPOSSIBLE PREJUDICE","A Awe-Inspiring Yarn of a Monkey And a Hunter who must Chase a Teacher in Ancient China",Foreign,14
DEPP,CHRIS,"SCHOOL JACKET","A Intrepid Yarn of a Monkey And a Boy who must Fight a Composer in A Manhattan Penthouse",Foreign,6
DEPP,CHRIS,"ACE GOLDFINGER","A Astounding Epistle of a Database Administrator And a Explorer who must Find a Car in Ancient China",Horror,7
DEPP,CHRIS,"EGYPT TENENBAUMS","A Intrepid Story of a Madman And a Secret Agent who must Outrace a Astronaut in An Abandoned Amusement Park",Horror,17
DEPP,CHRIS,"ALONE TRIP","A Fast-Paced Character Study of a Composer And a Dog who must Outgun a Boat in An Abandoned Fun House",Music,18
DEPP,CHRIS,"SCALAWAG DUCK","A Fateful Reflection of a Car And a Teacher who must Confront a Waitress in A Monastery",Music,32
DEPP,CHRIS,"EAGLES PANKY","A Thoughtful Story of a Car And a Boy who must Find a A Shark in The Sahara Desert",New,22
DEPP,CHRIS,"SPEED SUIT","A Brilliant Display of a Frisbee And a Mad Scientist who must Succumb a Robot in Ancient China",Travel,9
DEPP,SPENCER,"DRAGON SQUAD","A Taut Reflection of a Boy And a Waitress who must Outgun a Teacher in Ancient China",Action,11
DEPP,SPENCER,"STORY SIDE","A Lacklusture Saga of a Boy And a Cat who must Sink a Dentist in An Abandoned Mine Shaft",Action,28
DEPP,SPENCER,"WORST BANGER","A Thrilling Drama of a Madman And a Dentist who must Conquer a Boy in The Outback",Action,16
DEPP,SPENCER,"CANYON STOCK","A Thoughtful Reflection of a Waitress And a Feminist who must Escape a Squirrel in A Manhattan Penthouse",Animation,19
DEPP,SPENCER,"SNATCHERS MONTEZUMA","A Boring Epistle of a Sumo Wrestler And a Woman who must Escape a Man in The Canadian Rockies",Classics,9
DEPP,SPENCER,"WRATH MILE","A Intrepid Reflection of a Technical Writer And a Hunter who must Defeat a Sumo Wrestler in A Monastery",Documentary,14
DEPP,SPENCER,"VIRGIN DAISY","A Awe-Inspiring Documentary of a Robot And a Mad Scientist who must Reach a Database Administrator in A Shark Tank",Drama,17
DEPP,SPENCER,"WITCHES PANIC","A Awe-Inspiring Drama of a Secret Agent And a Hunter who must Fight a Moose in Nigeria",Drama,30
DEPP,SPENCER,"HELLFIGHTERS SIERRA","A Taut Reflection of a A Shark And a Dentist who must Battle a Boat in Soviet Georgia",Foreign,20
DEPP,SPENCER,"MASSACRE USUAL","A Fateful Reflection of a Waitress And a Crocodile who must Challenge a Forensic Psychologist in California",Games,30
DEPP,SPENCER,"TYCOON GATHERING","A Emotional Display of a Husband And a A Shark who must Succumb a Madman in A Manhattan Penthouse",Games,12
DEPP,SPENCER,"ALONE TRIP","A Fast-Paced Character Study of a Composer And a Dog who must Outgun a Boat in An Abandoned Fun House",Music,18
DEPP,SPENCER,"REBEL AIRPORT","A Intrepid Yarn of a Database Administrator And a Boat who must Outrace a Husband in Ancient India",Music,8
DEPP,SPENCER,"TAXI KICK","A Amazing Epistle of a Girl And a Woman who must Outrace a Waitress in Soviet Georgia",Music,17
DEPP,SPENCER,"HEAVENLY GUN","A Beautiful Yarn of a Forensic Psychologist And a Frisbee who must Battle a Moose in A Jet Boat",Music,7
DEPP,SPENCER,"STING PERSONAL","A Fanciful Drama of a Frisbee And a Dog who must Fight a Madman in A Jet Boat",New,21
DEPP,SPENCER,"SALUTE APOLLO","A Awe-Inspiring Character Study of a Boy And a Feminist who must Sink a Crocodile in Ancient China",New,23
DEPP,SPENCER,"WEEKEND PERSONAL","A Fast-Paced Documentary of a Car And a Butler who must Find a Frisbee in A Jet Boat",Sci-Fi,18
DEPP,SPENCER,"RANDOM GO","A Fateful Drama of a Frisbee And a Student who must Confront a Cat in A Shark Tank",Sci-Fi,9
DEPP,SPENCER,"SENSE GREEK","A Taut Saga of a Lumberjack And a Pastry Chef who must Escape a Sumo Wrestler in An Abandoned Fun House",Sports,7
DEPP,SPENCER,"SWEET BROTHERHOOD","A Unbelieveable Epistle of a Sumo Wrestler And a Hunter who must Chase a Forensic Psychologist in A Baloon",Travel,15
DEPP,SPENCER,"LEATHERNECKS DWARFS","A Fateful Reflection of a Dog And a Mad Cow who must Outrace a Teacher in An Abandoned Mine Shaft",Travel,7
DERN,SYLVESTER,"RINGS HEARTBREAKERS","A Amazing Yarn of a Sumo Wrestler And a Boat who must Conquer a Waitress in New Orleans",Action,15
DERN,SYLVESTER,"DOORS PRESIDENT","A Awe-Inspiring Display of a Squirrel And a Woman who must Overcome a Boy in The Gulf of Mexico",Animation,19
DERN,SYLVESTER,"BACKLASH UNDEFEATED","A Stunning Character Study of a Mad Scientist And a Mad Cow who must Kill a Car in A Monastery",Children,19
DERN,SYLVESTER,"CLOCKWORK PARADISE","A Insightful Documentary of a Technical Writer And a Feminist who must Challenge a Cat in A Baloon",Children,10
DERN,SYLVESTER,"SHEPHERD MIDSUMMER","A Thoughtful Drama of a Robot And a Womanizer who must Kill a Lumberjack in A Baloon",Children,25
DERN,SYLVESTER,"CREEPERS KANE","A Awe-Inspiring Reflection of a Squirrel And a Boat who must Outrace a Car in A Jet Boat",Classics,14
DERN,SYLVESTER,"PREJUDICE OLEANDER","A Epic Saga of a Boy And a Dentist who must Outrace a Madman in A U-Boat",Classics,20
DERN,SYLVESTER,"PARADISE SABRINA","A Intrepid Yarn of a Car And a Moose who must Outrace a Crocodile in A Manhattan Penthouse",Comedy,18
DERN,SYLVESTER,"NEWSIES STORY","A Action-Packed Character Study of a Dog And a Lumberjack who must Outrace a Moose in The Gulf of Mexico",Documentary,7
DERN,SYLVESTER,"HALLOWEEN NUTS","A Amazing Panorama of a Forensic Psychologist And a Technical Writer who must Fight a Dentist in A U-Boat",Documentary,10
DERN,SYLVESTER,"RUSH GOODFELLAS","A Emotional Display of a Man And a Dentist who must Challenge a Squirrel in Australia",Family,31
DERN,SYLVESTER,"PRIX UNDEFEATED","A Stunning Saga of a Mad Scientist And a Boat who must Overcome a Dentist in Ancient China",Family,11
DERN,SYLVESTER,"ENCINO ELF","A Astounding Drama of a Feminist And a Teacher who must Confront a Husband in A Baloon",Games,19
DERN,SYLVESTER,"TEXAS WATCH","A Awe-Inspiring Yarn of a Student And a Teacher who must Fight a Teacher in An Abandoned Amusement Park",Horror,6
DERN,SYLVESTER,"CONFIDENTIAL INTERVIEW","A Stunning Reflection of a Cat And a Woman who must Find a Astronaut in Ancient Japan",Music,29
DERN,SYLVESTER,"ALASKA PHANTOM","A Fanciful Saga of a Hunter And a Pastry Chef who must Vanquish a Boy in Australia",Music,26
DERN,SYLVESTER,"BIRDS PERDITION","A Boring Story of a Womanizer And a Pioneer who must Face a Dog in California",New,18
DERN,SYLVESTER,"SUN CONFESSIONS","A Beautiful Display of a Mad Cow And a Dog who must Redeem a Waitress in An Abandoned Amusement Park",Sci-Fi,25
DERN,SYLVESTER,"WEEKEND PERSONAL","A Fast-Paced Documentary of a Car And a Butler who must Find a Frisbee in A Jet Boat",Sci-Fi,18
DERN,SYLVESTER,"INSTINCT AIRPORT","A Touching Documentary of a Mad Cow And a Explorer who must Confront a Butler in A Manhattan Penthouse",Sports,18
DERN,SYLVESTER,"SHAWSHANK BUBBLE","A Lacklusture Story of a Moose And a Monkey who must Confront a Butler in An Abandoned Amusement Park",Travel,19
DREYFUSS,ALAN,"CLUELESS BUCKET","A Taut Tale of a Car And a Pioneer who must Conquer a Sumo Wrestler in An Abandoned Fun House",Action,25
DREYFUSS,ALAN,"CLASH FREDDY","A Amazing Yarn of a Composer And a Squirrel who must Escape a Astronaut in Australia",Animation,25
DREYFUSS,ALAN,"MASSAGE IMAGE","A Fateful Drama of a Frisbee And a Crocodile who must Vanquish a Dog in The First Manned Space Station",Animation,12
DREYFUSS,ALAN,"POLISH BROOKLYN","A Boring Character Study of a Database Administrator And a Lumberjack who must Reach a Madman in The Outback",Children,18
DREYFUSS,ALAN,"JUMPING WRATH","A Touching Epistle of a Monkey And a Feminist who must Discover a Boat in Berlin",Children,24
DREYFUSS,ALAN,"UPTOWN YOUNG","A Fateful Documentary of a Dog And a Hunter who must Pursue a Teacher in An Abandoned Amusement Park",Children,12
DREYFUSS,ALAN,"STRANGELOVE DESIRE","A Awe-Inspiring Panorama of a Lumberjack And a Waitress who must Defeat a Crocodile in An Abandoned Amusement Park",Children,24
DREYFUSS,ALAN,"LONELY ELEPHANT","A Intrepid Story of a Student And a Dog who must Challenge a Explorer in Soviet Georgia",Comedy,15
DREYFUSS,ALAN,"STRICTLY SCARFACE","A Touching Reflection of a Crocodile And a Dog who must Chase a Hunter in An Abandoned Fun House",Comedy,23
DREYFUSS,ALAN,"CRAZY HOME","A Fanciful Panorama of a Boy And a Woman who must Vanquish a Database Administrator in The Outback",Comedy,9
DREYFUSS,ALAN,"SAGEBRUSH CLUELESS","A Insightful Story of a Lumberjack And a Hunter who must Kill a Boy in Ancient Japan",Documentary,16
DREYFUSS,ALAN,"METAL ARMAGEDDON","A Thrilling Display of a Lumberjack And a Crocodile who must Meet a Monkey in A Baloon Factory",Documentary,25
DREYFUSS,ALAN,"GREEDY ROOTS","A Amazing Reflection of a A Shark And a Butler who must Chase a Hunter in The Canadian Rockies",Drama,14
DREYFUSS,ALAN,"BLANKET BEVERLY","A Emotional Documentary of a Student And a Girl who must Build a Boat in Nigeria",Family,12
DREYFUSS,ALAN,"RUSH GOODFELLAS","A Emotional Display of a Man And a Dentist who must Challenge a Squirrel in Australia",Family,31
DREYFUSS,ALAN,"MAGUIRE APACHE","A Fast-Paced Reflection of a Waitress And a Hunter who must Defeat a Forensic Psychologist in A Baloon",Family,9
DREYFUSS,ALAN,"BULWORTH COMMANDMENTS","A Amazing Display of a Mad Cow And a Pioneer who must Redeem a Sumo Wrestler in The Outback",Games,7
DREYFUSS,ALAN,"FIDELITY DEVIL","A Awe-Inspiring Drama of a Technical Writer And a Composer who must Reach a Pastry Chef in A U-Boat",Horror,21
DREYFUSS,ALAN,"BIRCH ANTITRUST","A Fanciful Panorama of a Husband And a Pioneer who must Outgun a Dog in A Baloon",Music,11
DREYFUSS,ALAN,"MONSTER SPARTACUS","A Fast-Paced Story of a Waitress And a Cat who must Fight a Girl in Australia",Music,15
DREYFUSS,ALAN,"UNCUT SUICIDES","A Intrepid Yarn of a Explorer And a Pastry Chef who must Pursue a Mad Cow in A U-Boat",Music,14
DREYFUSS,ALAN,"VAMPIRE WHALE","A Epic Story of a Lumberjack And a Monkey who must Confront a Pioneer in A MySQL Convention",New,12
DREYFUSS,ALAN,"BARBARELLA STREETCAR","A Awe-Inspiring Story of a Feminist And a Cat who must Conquer a Dog in A Monastery",Sci-Fi,25
DREYFUSS,ALAN,"BADMAN DAWN","A Emotional Panorama of a Pioneer And a Composer who must Escape a Mad Scientist in A Jet Boat",Sci-Fi,21
DREYFUSS,ALAN,"DIVIDE MONSTER","A Intrepid Saga of a Man And a Forensic Psychologist who must Reach a Squirrel in A Monastery",Sci-Fi,21
DREYFUSS,ALAN,"HAUNTED ANTITRUST","A Amazing Saga of a Man And a Dentist who must Reach a Technical Writer in Ancient India",Travel,6
DREYFUSS,ALAN,"KICK SAVANNAH","A Emotional Drama of a Monkey And a Robot who must Defeat a Monkey in New Orleans",Travel,20
DUKAKIS,BURT,"TRUMAN CRAZY","A Thrilling Epistle of a Moose And a Boy who must Meet a Database Administrator in A Monastery",Action,23
DUKAKIS,BURT,"MENAGERIE RUSHMORE","A Unbelieveable Panorama of a Composer And a Butler who must Overcome a Database Administrator in The First Manned Space Station",Animation,7
DUKAKIS,BURT,"DOUBLE WRATH","A Thoughtful Yarn of a Womanizer And a Dog who must Challenge a Madman in The Gulf of Mexico",Animation,25
DUKAKIS,BURT,"JERK PAYCHECK","A Touching Character Study of a Pastry Chef And a Database Administrator who must Reach a A Shark in Ancient Japan",Classics,20
DUKAKIS,BURT,"RIGHT CRANES","A Fateful Character Study of a Boat And a Cat who must Find a Database Administrator in A Jet Boat",Classics,10
DUKAKIS,BURT,"HEAVEN FREEDOM","A Intrepid Story of a Butler And a Car who must Vanquish a Man in New Orleans",Comedy,18
DUKAKIS,BURT,"INTOLERABLE INTENTIONS","A Awe-Inspiring Story of a Monkey And a Pastry Chef who must Succumb a Womanizer in A MySQL Convention",Documentary,9
DUKAKIS,BURT,"HOMEWARD CIDER","A Taut Reflection of a Astronaut And a Squirrel who must Fight a Squirrel in A Manhattan Penthouse",Documentary,16
DUKAKIS,BURT,"DINOSAUR SECRETARY","A Action-Packed Drama of a Feminist And a Girl who must Reach a Robot in The Canadian Rockies",Family,20
DUKAKIS,BURT,"RANGE MOONWALKER","A Insightful Documentary of a Hunter And a Dentist who must Confront a Crocodile in A Baloon",Family,27
DUKAKIS,BURT,"KING EVOLUTION","A Action-Packed Tale of a Boy And a Lumberjack who must Chase a Madman in A Baloon",Family,9
DUKAKIS,BURT,"ALIEN CENTER","A Brilliant Drama of a Cat And a Mad Scientist who must Battle a Feminist in A MySQL Convention",Foreign,22
DUKAKIS,BURT,"KANE EXORCIST","A Epic Documentary of a Composer And a Robot who must Overcome a Car in Berlin",Foreign,14
DUKAKIS,BURT,"GREEK EVERYONE","A Stunning Display of a Butler And a Teacher who must Confront a A Shark in The First Manned Space Station",Foreign,17
DUKAKIS,BURT,"WANDA CHAMBER","A Insightful Drama of a A Shark And a Pioneer who must Find a Womanizer in The Outback",Games,16
DUKAKIS,BURT,"GRINCH MASSAGE","A Intrepid Display of a Madman And a Feminist who must Pursue a Pioneer in The First Manned Space Station",Games,14
DUKAKIS,BURT,"GUN BONNIE","A Boring Display of a Sumo Wrestler And a Husband who must Build a Waitress in The Gulf of Mexico",Games,25
DUKAKIS,BURT,"MOTIONS DETAILS","A Awe-Inspiring Reflection of a Dog And a Student who must Kill a Car in An Abandoned Fun House",Horror,16
DUKAKIS,BURT,"REAP UNFAITHFUL","A Thrilling Epistle of a Composer And a Sumo Wrestler who must Challenge a Mad Cow in A MySQL Convention",Horror,16
DUKAKIS,BURT,"HOME PITY","A Touching Panorama of a Man And a Secret Agent who must Challenge a Teacher in A MySQL Convention",Music,14
DUKAKIS,BURT,"ENDING CROWDS","A Unbelieveable Display of a Dentist And a Madman who must Vanquish a Squirrel in Berlin",New,11
DUKAKIS,BURT,"MONEY HAROLD","A Touching Tale of a Explorer And a Boat who must Defeat a Robot in Australia",New,20
DUKAKIS,BURT,"RANDOM GO","A Fateful Drama of a Frisbee And a Student who must Confront a Cat in A Shark Tank",Sci-Fi,9
DUKAKIS,BURT,"BLINDNESS GUN","A Touching Drama of a Robot And a Dentist who must Meet a Hunter in A Jet Boat",Sci-Fi,14
DUKAKIS,BURT,"GUYS FALCON","A Boring Story of a Woman And a Feminist who must Redeem a Squirrel in A U-Boat",Sci-Fi,9
DUKAKIS,BURT,"IMAGE PRINCESS","A Lacklusture Panorama of a Secret Agent And a Crocodile who must Discover a Madman in The Canadian Rockies",Sports,14
DUKAKIS,BURT,"TALENTED HOMICIDE","A Lacklusture Panorama of a Dentist And a Forensic Psychologist who must Outrace a Pioneer in A U-Boat",Sports,29
DUKAKIS,BURT,"VALENTINE VANISHING","A Thrilling Display of a Husband And a Butler who must Reach a Pastry Chef in California",Travel,12
DUKAKIS,ROCK,"CADDYSHACK JEDI","A Awe-Inspiring Epistle of a Woman And a Madman who must Fight a Robot in Soviet Georgia",Action,16
DUKAKIS,ROCK,"STORM HAPPINESS","A Insightful Drama of a Feminist And a A Shark who must Vanquish a Boat in A Shark Tank",Animation,29
DUKAKIS,ROCK,"DESIRE ALIEN","A Fast-Paced Tale of a Dog And a Forensic Psychologist who must Meet a Astronaut in The First Manned Space Station",Animation,8
DUKAKIS,ROCK,"SNATCHERS MONTEZUMA","A Boring Epistle of a Sumo Wrestler And a Woman who must Escape a Man in The Canadian Rockies",Classics,9
DUKAKIS,ROCK,"LONELY ELEPHANT","A Intrepid Story of a Student And a Dog who must Challenge a Explorer in Soviet Georgia",Comedy,15
DUKAKIS,ROCK,"SEARCHERS WAIT","A Fast-Paced Tale of a Car And a Mad Scientist who must Kill a Womanizer in Ancient Japan",Comedy,14
DUKAKIS,ROCK,"UNITED PILOT","A Fast-Paced Reflection of a Cat And a Mad Cow who must Fight a Car in The Sahara Desert",Documentary,17
DUKAKIS,ROCK,"DANCING FEVER","A Stunning Story of a Explorer And a Forensic Psychologist who must Face a Crocodile in A Shark Tank",Documentary,27
DUKAKIS,ROCK,"HEAVYWEIGHTS BEAST","A Unbelieveable Story of a Composer And a Dog who must Overcome a Womanizer in An Abandoned Amusement Park",Documentary,23
DUKAKIS,ROCK,"ACADEMY DINOSAUR","A Epic Drama of a Feminist And a Mad Scientist who must Battle a Teacher in The Canadian Rockies",Documentary,23
DUKAKIS,ROCK,"HANGING DEEP","A Action-Packed Yarn of a Boat And a Crocodile who must Build a Monkey in Berlin",Drama,19
DUKAKIS,ROCK,"CHITTY LOCK","A Boring Epistle of a Boat And a Database Administrator who must Kill a Sumo Wrestler in The First Manned Space Station",Drama,8
DUKAKIS,ROCK,"PATHS CONTROL","A Astounding Documentary of a Butler And a Cat who must Find a Frisbee in Ancient China",Drama,10
DUKAKIS,ROCK,"MAUDE MOD","A Beautiful Documentary of a Forensic Psychologist And a Cat who must Reach a Astronaut in Nigeria",Foreign,8
DUKAKIS,ROCK,"FICTION CHRISTMAS","A Emotional Yarn of a A Shark And a Student who must Battle a Robot in An Abandoned Mine Shaft",Foreign,19
DUKAKIS,ROCK,"SCISSORHANDS SLUMS","A Awe-Inspiring Drama of a Girl And a Technical Writer who must Meet a Feminist in The Canadian Rockies",Foreign,15
DUKAKIS,ROCK,"LADY STAGE","A Beautiful Character Study of a Woman And a Man who must Pursue a Explorer in A U-Boat",Horror,17
DUKAKIS,ROCK,"MONTEREY LABYRINTH","A Awe-Inspiring Drama of a Monkey And a Composer who must Escape a Feminist in A U-Boat",Horror,13
DUKAKIS,ROCK,"BALLOON HOMEWARD","A Insightful Panorama of a Forensic Psychologist And a Mad Cow who must Build a Mad Scientist in The First Manned Space Station",Music,23
DUKAKIS,ROCK,"EVE RESURRECTION","A Awe-Inspiring Yarn of a Pastry Chef And a Database Administrator who must Challenge a Teacher in A Baloon",New,7
DUKAKIS,ROCK,"FRISCO FORREST","A Beautiful Documentary of a Woman And a Pioneer who must Pursue a Mad Scientist in A Shark Tank",Sci-Fi,9
DUKAKIS,ROCK,"ALADDIN CALENDAR","A Action-Packed Tale of a Man And a Lumberjack who must Reach a Feminist in Ancient China",Sports,23
DUKAKIS,ROCK,"FLATLINERS KILLER","A Taut Display of a Secret Agent And a Waitress who must Sink a Robot in An Abandoned Mine Shaft",Sports,22
DUKAKIS,ROCK,"SEABISCUIT PUNK","A Insightful Saga of a Man And a Forensic Psychologist who must Discover a Mad Cow in A MySQL Convention",Sports,26
DUKAKIS,ROCK,"LESSON CLEOPATRA","A Emotional Display of a Man And a Explorer who must Build a Boy in A Manhattan Penthouse",Sports,7
DUKAKIS,ROCK,"MUMMY CREATURES","A Fateful Character Study of a Crocodile And a Monkey who must Meet a Dentist in Australia",Sports,16
DUKAKIS,ROCK,"BUBBLE GROSSE","A Awe-Inspiring Panorama of a Crocodile And a Moose who must Confront a Girl in A Baloon",Sports,6
DUKAKIS,ROCK,"WORKING MICROCOSMOS","A Stunning Epistle of a Dentist And a Dog who must Kill a Madman in Ancient China",Travel,25
DUKAKIS,ROCK,"WORKER TARZAN","A Action-Packed Yarn of a Secret Agent And a Technical Writer who must Battle a Sumo Wrestler in The First Manned Space Station",Travel,15
DUNST,GROUCHO,"DEVIL DESIRE","A Beautiful Reflection of a Monkey And a Dentist who must Face a Database Administrator in Ancient Japan",Action,15
DUNST,GROUCHO,"PARK CITIZEN","A Taut Epistle of a Sumo Wrestler And a Girl who must Face a Husband in Ancient Japan",Action,8
DUNST,GROUCHO,"CASUALTIES ENCINO","A Insightful Yarn of a A Shark And a Pastry Chef who must Face a Boy in A Monastery",Action,9
DUNST,GROUCHO,"CROW GREASE","A Awe-Inspiring Documentary of a Woman And a Husband who must Sink a Database Administrator in The First Manned Space Station",Action,12
DUNST,GROUCHO,"DONNIE ALLEY","A Awe-Inspiring Tale of a Butler And a Frisbee who must Vanquish a Teacher in Ancient Japan",Animation,14
DUNST,GROUCHO,"LABYRINTH LEAGUE","A Awe-Inspiring Saga of a Composer And a Frisbee who must Succumb a Pioneer in The Sahara Desert",Children,15
DUNST,GROUCHO,"IRON MOON","A Fast-Paced Documentary of a Mad Cow And a Boy who must Pursue a Dentist in A Baloon",Classics,11
DUNST,GROUCHO,"COLOR PHILADELPHIA","A Thoughtful Panorama of a Car And a Crocodile who must Sink a Monkey in The Sahara Desert",Classics,24
DUNST,GROUCHO,"GOLD RIVER","A Taut Documentary of a Database Administrator And a Waitress who must Reach a Mad Scientist in A Baloon Factory",Comedy,14
DUNST,GROUCHO,"SUBMARINE BED","A Amazing Display of a Car And a Monkey who must Fight a Teacher in Soviet Georgia",Comedy,15
DUNST,GROUCHO,"INDEPENDENCE HOTEL","A Thrilling Tale of a Technical Writer And a Boy who must Face a Pioneer in A Monastery",Documentary,19
DUNST,GROUCHO,"POCUS PULP","A Intrepid Yarn of a Frisbee And a Dog who must Build a Astronaut in A Baloon Factory",Documentary,26
DUNST,GROUCHO,"MOB DUFFEL","A Unbelieveable Documentary of a Frisbee And a Boat who must Meet a Boy in The Canadian Rockies",Drama,12
DUNST,GROUCHO,"HUNCHBACK IMPOSSIBLE","A Touching Yarn of a Frisbee And a Dentist who must Fight a Composer in Ancient Japan",Drama,20
DUNST,GROUCHO,"DALMATIONS SWEDEN","A Emotional Epistle of a Moose And a Hunter who must Overcome a Robot in A Manhattan Penthouse",Drama,20
DUNST,GROUCHO,"GABLES METROPOLIS","A Fateful Display of a Cat And a Pioneer who must Challenge a Pastry Chef in A Baloon Factory",Family,19
DUNST,GROUCHO,"BLUES INSTINCT","A Insightful Documentary of a Boat And a Composer who must Meet a Forensic Psychologist in An Abandoned Fun House",Family,21
DUNST,GROUCHO,"OPPOSITE NECKLACE","A Fateful Epistle of a Crocodile And a Moose who must Kill a Explorer in Nigeria",Family,13
DUNST,GROUCHO,"SUNSET RACER","A Awe-Inspiring Reflection of a Astronaut And a A Shark who must Defeat a Forensic Psychologist in California",Family,8
DUNST,GROUCHO,"SENSIBILITY REAR","A Emotional Tale of a Robot And a Sumo Wrestler who must Redeem a Pastry Chef in A Baloon Factory",Family,10
DUNST,GROUCHO,"MAUDE MOD","A Beautiful Documentary of a Forensic Psychologist And a Cat who must Reach a Astronaut in Nigeria",Foreign,8
DUNST,GROUCHO,"KISS GLORY","A Lacklusture Reflection of a Girl And a Husband who must Find a Robot in The Canadian Rockies",Foreign,22
DUNST,GROUCHO,"HAPPINESS UNITED","A Action-Packed Panorama of a Husband And a Feminist who must Meet a Forensic Psychologist in Ancient Japan",Foreign,6
DUNST,GROUCHO,"CREATURES SHAKESPEARE","A Emotional Drama of a Womanizer And a Squirrel who must Vanquish a Crocodile in Ancient India",Games,16
DUNST,GROUCHO,"VANILLA DAY","A Fast-Paced Saga of a Girl And a Forensic Psychologist who must Redeem a Girl in Nigeria",Games,9
DUNST,GROUCHO,"PANKY SUBMARINE","A Touching Documentary of a Dentist And a Sumo Wrestler who must Overcome a Boy in The Gulf of Mexico",Games,15
DUNST,GROUCHO,"TEMPLE ATTRACTION","A Action-Packed Saga of a Forensic Psychologist And a Woman who must Battle a Womanizer in Soviet Georgia",Horror,12
DUNST,GROUCHO,"RUNNER MADIGAN","A Thoughtful Documentary of a Crocodile And a Robot who must Outrace a Womanizer in The Outback",Music,8
DUNST,GROUCHO,"PHANTOM GLORY","A Beautiful Documentary of a Astronaut And a Crocodile who must Discover a Madman in A Monastery",New,6
DUNST,GROUCHO,"CHAPLIN LICENSE","A Boring Drama of a Dog And a Forensic Psychologist who must Outrace a Explorer in Ancient India",New,8
DUNST,GROUCHO,"MARRIED GO","A Fanciful Story of a Womanizer And a Dog who must Face a Forensic Psychologist in The Sahara Desert",Sci-Fi,30
DUNST,GROUCHO,"ATTACKS HATE","A Fast-Paced Panorama of a Technical Writer And a Mad Scientist who must Find a Feminist in An Abandoned Mine Shaft",Sci-Fi,16
DUNST,GROUCHO,"SATISFACTION CONFIDENTIAL","A Lacklusture Yarn of a Dentist And a Butler who must Meet a Secret Agent in Ancient China",Sports,17
DUNST,GROUCHO,"TOMATOES HELLFIGHTERS","A Thoughtful Epistle of a Madman And a Astronaut who must Overcome a Monkey in A Shark Tank",Travel,14
FAWCETT,BOB,"DARN FORRESTER","A Fateful Story of a A Shark And a Explorer who must Succumb a Technical Writer in A Jet Boat",Action,18
FAWCETT,BOB,"LAWLESS VISION","A Insightful Yarn of a Boy And a Sumo Wrestler who must Outgun a Car in The Outback",Animation,17
FAWCETT,BOB,"OSCAR GOLD","A Insightful Tale of a Database Administrator And a Dog who must Face a Madman in Soviet Georgia",Animation,25
FAWCETT,BOB,"DARES PLUTO","A Fateful Story of a Robot And a Dentist who must Defeat a Astronaut in New Orleans",Animation,9
FAWCETT,BOB,"CIRCUS YOUTH","A Thoughtful Drama of a Pastry Chef And a Dentist who must Pursue a Girl in A Baloon",Children,15
FAWCETT,BOB,"DYNAMITE TARZAN","A Intrepid Documentary of a Forensic Psychologist And a Mad Scientist who must Face a Explorer in A U-Boat",Classics,25
FAWCETT,BOB,"CONTROL ANTHEM","A Fateful Documentary of a Robot And a Student who must Battle a Cat in A Monastery",Comedy,7
FAWCETT,BOB,"SADDLE ANTITRUST","A Stunning Epistle of a Feminist And a A Shark who must Battle a Woman in An Abandoned Fun House",Comedy,14
FAWCETT,BOB,"PELICAN COMFORTS","A Epic Documentary of a Boy And a Monkey who must Pursue a Astronaut in Berlin",Documentary,26
FAWCETT,BOB,"ADAPTATION HOLES","A Astounding Reflection of a Lumberjack And a Car who must Sink a Lumberjack in A Baloon Factory",Documentary,12
FAWCETT,BOB,"JACKET FRISCO","A Insightful Reflection of a Womanizer And a Husband who must Conquer a Pastry Chef in A Baloon",Drama,18
FAWCETT,BOB,"SCORPION APOLLO","A Awe-Inspiring Documentary of a Technical Writer And a Husband who must Meet a Monkey in An Abandoned Fun House",Drama,23
FAWCETT,BOB,"HOMICIDE PEACH","A Astounding Documentary of a Hunter And a Boy who must Confront a Boy in A MySQL Convention",Family,22
FAWCETT,BOB,"ACE GOLDFINGER","A Astounding Epistle of a Database Administrator And a Explorer who must Find a Car in Ancient China",Horror,7
FAWCETT,BOB,"TAXI KICK","A Amazing Epistle of a Girl And a Woman who must Outrace a Waitress in Soviet Georgia",Music,17
FAWCETT,BOB,"PERSONAL LADYBUGS","A Epic Saga of a Hunter And a Technical Writer who must Conquer a Cat in Ancient Japan",Music,14
FAWCETT,BOB,"RUNNER MADIGAN","A Thoughtful Documentary of a Crocodile And a Robot who must Outrace a Womanizer in The Outback",Music,8
FAWCETT,BOB,"RUN PACIFIC","A Touching Tale of a Cat And a Pastry Chef who must Conquer a Pastry Chef in A MySQL Convention",New,10
FAWCETT,BOB,"JUMANJI BLADE","A Intrepid Yarn of a Husband And a Womanizer who must Pursue a Mad Scientist in New Orleans",New,8
FAWCETT,BOB,"RAGING AIRPLANE","A Astounding Display of a Secret Agent And a Technical Writer who must Escape a Mad Scientist in A Jet Boat",Sci-Fi,13
FAWCETT,BOB,"SHAWSHANK BUBBLE","A Lacklusture Story of a Moose And a Monkey who must Confront a Butler in An Abandoned Amusement Park",Travel,19
FAWCETT,BOB,"LEATHERNECKS DWARFS","A Fateful Reflection of a Dog And a Mad Cow who must Outrace a Teacher in An Abandoned Mine Shaft",Travel,7
FAWCETT,JULIA,"BERETS AGENT","A Taut Saga of a Crocodile And a Boy who must Overcome a Technical Writer in Ancient China",Action,21
FAWCETT,JULIA,"THEORY MERMAID","A Fateful Yarn of a Composer And a Monkey who must Vanquish a Womanizer in The First Manned Space Station",Animation,11
FAWCETT,JULIA,"WAIT CIDER","A Intrepid Epistle of a Woman And a Forensic Psychologist who must Succumb a Astronaut in A Manhattan Penthouse",Animation,21
FAWCETT,JULIA,"LUKE MUMMY","A Taut Character Study of a Boy And a Robot who must Redeem a Mad Scientist in Ancient India",Animation,7
FAWCETT,JULIA,"HOPE TOOTSIE","A Amazing Documentary of a Student And a Sumo Wrestler who must Outgun a A Shark in A Shark Tank",Classics,18
FAWCETT,JULIA,"MULAN MOON","A Emotional Saga of a Womanizer And a Pioneer who must Overcome a Dentist in A Baloon",Comedy,13
FAWCETT,JULIA,"CLOSER BANG","A Unbelieveable Panorama of a Frisbee And a Hunter who must Vanquish a Monkey in Ancient India",Comedy,28
FAWCETT,JULIA,"CHISUM BEHAVIOR","A Epic Documentary of a Sumo Wrestler And a Butler who must Kill a Car in Ancient India",Family,13
FAWCETT,JULIA,"POLLOCK DELIVERANCE","A Intrepid Story of a Madman And a Frisbee who must Outgun a Boat in The Sahara Desert",Foreign,18
FAWCETT,JULIA,"OPUS ICE","A Fast-Paced Drama of a Hunter And a Boy who must Discover a Feminist in The Sahara Desert",Foreign,11
FAWCETT,JULIA,"RIDGEMONT SUBMARINE","A Unbelieveable Drama of a Waitress And a Composer who must Sink a Mad Cow in Ancient Japan",New,32
FAWCETT,JULIA,"DAY UNFAITHFUL","A Stunning Documentary of a Composer And a Mad Scientist who must Find a Technical Writer in A U-Boat",New,14
FAWCETT,JULIA,"SHANGHAI TYCOON","A Fast-Paced Character Study of a Crocodile And a Lumberjack who must Build a Husband in An Abandoned Fun House",Travel,14
FAWCETT,JULIA,"SHAWSHANK BUBBLE","A Lacklusture Story of a Moose And a Monkey who must Confront a Butler in An Abandoned Amusement Park",Travel,19
FAWCETT,JULIA,"BOILED DARES","A Awe-Inspiring Story of a Waitress And a Dog who must Discover a Dentist in Ancient Japan",Travel,15
GABLE,CHRISTIAN,"LORD ARIZONA","A Action-Packed Display of a Frisbee And a Pastry Chef who must Pursue a Crocodile in A Jet Boat",Action,11
GABLE,CHRISTIAN,"WATERFRONT DELIVERANCE","A Unbelieveable Documentary of a Dentist And a Technical Writer who must Build a Womanizer in Nigeria",Action,17
GABLE,CHRISTIAN,"PUNK DIVORCE","A Fast-Paced Tale of a Pastry Chef And a Boat who must Face a Frisbee in The Canadian Rockies",Animation,8
GABLE,CHRISTIAN,"CROOKED FROGMEN","A Unbelieveable Drama of a Hunter And a Database Administrator who must Battle a Crocodile in An Abandoned Amusement Park",Children,23
GABLE,CHRISTIAN,"JEEPERS WEDDING","A Astounding Display of a Composer And a Dog who must Kill a Pastry Chef in Soviet Georgia",Classics,16
GABLE,CHRISTIAN,"PREJUDICE OLEANDER","A Epic Saga of a Boy And a Dentist who must Outrace a Madman in A U-Boat",Classics,20
GABLE,CHRISTIAN,"LIFE TWISTED","A Thrilling Reflection of a Teacher And a Composer who must Find a Man in The First Manned Space Station",Comedy,10
GABLE,CHRISTIAN,"MOD SECRETARY","A Boring Documentary of a Mad Cow And a Cat who must Build a Lumberjack in New Orleans",Documentary,11
GABLE,CHRISTIAN,"ACADEMY DINOSAUR","A Epic Drama of a Feminist And a Mad Scientist who must Battle a Teacher in The Canadian Rockies",Documentary,23
GABLE,CHRISTIAN,"WEDDING APOLLO","A Action-Packed Tale of a Student And a Waitress who must Conquer a Lumberjack in An Abandoned Mine Shaft",Documentary,24
GABLE,CHRISTIAN,"GOLDFINGER SENSIBILITY","A Insightful Drama of a Mad Scientist And a Hunter who must Defeat a Pastry Chef in New Orleans",Drama,24
GABLE,CHRISTIAN,"USUAL UNTOUCHABLES","A Touching Display of a Explorer And a Lumberjack who must Fight a Forensic Psychologist in A Shark Tank",Foreign,13
GABLE,CHRISTIAN,"DIVINE RESURRECTION","A Boring Character Study of a Man And a Womanizer who must Succumb a Teacher in An Abandoned Amusement Park",Games,15
GABLE,CHRISTIAN,"REAP UNFAITHFUL","A Thrilling Epistle of a Composer And a Sumo Wrestler who must Challenge a Mad Cow in A MySQL Convention",Horror,16
GABLE,CHRISTIAN,"ALABAMA DEVIL","A Thoughtful Panorama of a Database Administrator And a Mad Scientist who must Outgun a Mad Scientist in A Jet Boat",Horror,12
GABLE,CHRISTIAN,"WON DARES","A Unbelieveable Documentary of a Teacher And a Monkey who must Defeat a Explorer in A U-Boat",Music,9
GABLE,CHRISTIAN,"WIZARD COLDBLOODED","A Lacklusture Display of a Robot And a Girl who must Defeat a Sumo Wrestler in A MySQL Convention",Music,16
GABLE,CHRISTIAN,"JAWBREAKER BROOKLYN","A Stunning Reflection of a Boat And a Pastry Chef who must Succumb a A Shark in A Jet Boat",Music,10
GABLE,CHRISTIAN,"DRAGONFLY STRANGERS","A Boring Documentary of a Pioneer And a Man who must Vanquish a Man in Nigeria",New,18
GABLE,CHRISTIAN,"VACATION BOONDOCK","A Fanciful Character Study of a Secret Agent And a Mad Scientist who must Reach a Teacher in Australia",Sci-Fi,21
GABLE,CHRISTIAN,"SHAKESPEARE SADDLE","A Fast-Paced Panorama of a Lumberjack And a Database Administrator who must Defeat a Madman in A MySQL Convention",Sports,22
GABLE,CHRISTIAN,"TROUBLE DATE","A Lacklusture Panorama of a Forensic Psychologist And a Woman who must Kill a Explorer in Ancient Japan",Travel,23
GARLAND,AL,"HANDICAP BOONDOCK","A Beautiful Display of a Pioneer And a Squirrel who must Vanquish a Sumo Wrestler in Soviet Georgia",Action,28
GARLAND,AL,"DRIFTER COMMANDMENTS","A Epic Reflection of a Womanizer And a Squirrel who must Discover a Husband in A Jet Boat",Action,24
GARLAND,AL,"PARK CITIZEN","A Taut Epistle of a Sumo Wrestler And a Girl who must Face a Husband in Ancient Japan",Action,8
GARLAND,AL,"GRAIL FRANKENSTEIN","A Unbelieveable Saga of a Teacher And a Monkey who must Fight a Girl in An Abandoned Mine Shaft",Action,10
GARLAND,AL,"GLASS DYING","A Astounding Drama of a Frisbee And a Astronaut who must Fight a Dog in Ancient Japan",Action,14
GARLAND,AL,"POTTER CONNECTICUT","A Thrilling Epistle of a Frisbee And a Cat who must Fight a Technical Writer in Berlin",Animation,17
GARLAND,AL,"OSCAR GOLD","A Insightful Tale of a Database Administrator And a Dog who must Face a Madman in Soviet Georgia",Animation,25
GARLAND,AL,"SPLENDOR PATTON","A Taut Story of a Dog And a Explorer who must Find a Astronaut in Berlin",Children,21
GARLAND,AL,"WASTELAND DIVINE","A Fanciful Story of a Database Administrator And a Womanizer who must Fight a Database Administrator in Ancient China",Classics,15
GARLAND,AL,"BILL OTHERS","A Stunning Saga of a Mad Scientist And a Forensic Psychologist who must Challenge a Squirrel in A MySQL Convention",Documentary,19
GARLAND,AL,"CHITTY LOCK","A Boring Epistle of a Boat And a Database Administrator who must Kill a Sumo Wrestler in The First Manned Space Station",Drama,8
GARLAND,AL,"DALMATIONS SWEDEN","A Emotional Epistle of a Moose And a Hunter who must Overcome a Robot in A Manhattan Penthouse",Drama,20
GARLAND,AL,"JACKET FRISCO","A Insightful Reflection of a Womanizer And a Husband who must Conquer a Pastry Chef in A Baloon",Drama,18
GARLAND,AL,"HOUSE DYNAMITE","A Taut Story of a Pioneer And a Squirrel who must Battle a Student in Soviet Georgia",Family,23
GARLAND,AL,"SPLASH GUMP","A Taut Saga of a Crocodile And a Boat who must Conquer a Hunter in A Shark Tank",Family,14
GARLAND,AL,"VISION TORQUE","A Thoughtful Documentary of a Dog And a Man who must Sink a Man in A Shark Tank",Foreign,7
GARLAND,AL,"HOLIDAY GAMES","A Insightful Reflection of a Waitress And a Madman who must Pursue a Boy in Ancient Japan",Foreign,15
GARLAND,AL,"SLEUTH ORIENT","A Fateful Character Study of a Husband And a Dog who must Find a Feminist in Ancient India",Games,21
GARLAND,AL,"ROCK INSTINCT","A Astounding Character Study of a Robot And a Moose who must Overcome a Astronaut in Ancient India",Horror,17
GARLAND,AL,"BREAKFAST GOLDFINGER","A Beautiful Reflection of a Student And a Student who must Fight a Moose in Berlin",New,17
GARLAND,AL,"VOICE PEACH","A Amazing Panorama of a Pioneer And a Student who must Overcome a Mad Scientist in A Manhattan Penthouse",New,19
GARLAND,AL,"SILVERADO GOLDFINGER","A Stunning Epistle of a Sumo Wrestler And a Man who must Challenge a Waitress in Ancient India",Sci-Fi,12
GARLAND,AL,"SENSE GREEK","A Taut Saga of a Lumberjack And a Pastry Chef who must Escape a Sumo Wrestler in An Abandoned Fun House",Sports,7
GARLAND,AL,"SLIPPER FIDELITY","A Taut Reflection of a Secret Agent And a Man who must Redeem a Explorer in A MySQL Convention",Sports,16
GARLAND,AL,"ENOUGH RAGING","A Astounding Character Study of a Boat And a Secret Agent who must Find a Mad Cow in The Sahara Desert",Travel,18
GARLAND,HUMPHREY,"MIDNIGHT WESTWARD","A Taut Reflection of a Husband And a A Shark who must Redeem a Pastry Chef in A Monastery",Action,17
GARLAND,HUMPHREY,"GOSFORD DONNIE","A Epic Panorama of a Mad Scientist And a Monkey who must Redeem a Secret Agent in Berlin",Action,8
GARLAND,HUMPHREY,"NASH CHOCOLAT","A Epic Reflection of a Monkey And a Mad Cow who must Kill a Forensic Psychologist in An Abandoned Mine Shaft",Animation,15
GARLAND,HUMPHREY,"WARLOCK WEREWOLF","A Astounding Yarn of a Pioneer And a Crocodile who must Defeat a A Shark in The Outback",Children,6
GARLAND,HUMPHREY,"FRENCH HOLIDAY","A Thrilling Epistle of a Dog And a Feminist who must Kill a Madman in Berlin",Documentary,17
GARLAND,HUMPHREY,"WEDDING APOLLO","A Action-Packed Tale of a Student And a Waitress who must Conquer a Lumberjack in An Abandoned Mine Shaft",Documentary,24
GARLAND,HUMPHREY,"PACIFIC AMISTAD","A Thrilling Yarn of a Dog And a Moose who must Kill a Pastry Chef in A Manhattan Penthouse",Documentary,24
GARLAND,HUMPHREY,"WEST LION","A Intrepid Drama of a Butler And a Lumberjack who must Challenge a Database Administrator in A Manhattan Penthouse",Drama,16
GARLAND,HUMPHREY,"CHITTY LOCK","A Boring Epistle of a Boat And a Database Administrator who must Kill a Sumo Wrestler in The First Manned Space Station",Drama,8
GARLAND,HUMPHREY,"SEA VIRGIN","A Fast-Paced Documentary of a Technical Writer And a Pastry Chef who must Escape a Moose in A U-Boat",Drama,22
GARLAND,HUMPHREY,"SUPER WYOMING","A Action-Packed Saga of a Pastry Chef And a Explorer who must Discover a A Shark in The Outback",Family,13
GARLAND,HUMPHREY,"KISS GLORY","A Lacklusture Reflection of a Girl And a Husband who must Find a Robot in The Canadian Rockies",Foreign,22
GARLAND,HUMPHREY,"PAST SUICIDES","A Intrepid Tale of a Madman And a Astronaut who must Challenge a Hunter in A Monastery",Foreign,13
GARLAND,HUMPHREY,"ILLUSION AMELIE","A Emotional Epistle of a Boat And a Mad Scientist who must Outrace a Robot in An Abandoned Mine Shaft",Foreign,15
GARLAND,HUMPHREY,"JET NEIGHBORS","A Amazing Display of a Lumberjack And a Teacher who must Outrace a Woman in A U-Boat",Foreign,20
GARLAND,HUMPHREY,"OPUS ICE","A Fast-Paced Drama of a Hunter And a Boy who must Discover a Feminist in The Sahara Desert",Foreign,11
GARLAND,HUMPHREY,"MOONWALKER FOOL","A Epic Drama of a Feminist And a Pioneer who must Sink a Composer in New Orleans",Games,13
GARLAND,HUMPHREY,"PIZZA JUMANJI","A Epic Saga of a Cat And a Squirrel who must Outgun a Robot in A U-Boat",Games,7
GARLAND,HUMPHREY,"ARACHNOPHOBIA ROLLERCOASTER","A Action-Packed Reflection of a Pastry Chef And a Composer who must Discover a Mad Scientist in The First Manned Space Station",Horror,24
GARLAND,HUMPHREY,"JUNGLE CLOSER","A Boring Character Study of a Boy And a Woman who must Battle a Astronaut in Australia",New,9
GARLAND,HUMPHREY,"MINE TITANS","A Amazing Yarn of a Robot And a Womanizer who must Discover a Forensic Psychologist in Berlin",New,19
GARLAND,HUMPHREY,"WEEKEND PERSONAL","A Fast-Paced Documentary of a Car And a Butler who must Find a Frisbee in A Jet Boat",Sci-Fi,18
GARLAND,HUMPHREY,"WONDERLAND CHRISTMAS","A Awe-Inspiring Character Study of a Waitress And a Car who must Pursue a Mad Scientist in The First Manned Space Station",Sci-Fi,22
GARLAND,HUMPHREY,"ROSES TREASURE","A Astounding Panorama of a Monkey And a Secret Agent who must Defeat a Woman in The First Manned Space Station",Sports,28
GARLAND,HUMPHREY,"SHINING ROSES","A Awe-Inspiring Character Study of a Astronaut And a Forensic Psychologist who must Challenge a Madman in Ancient India",Travel,8
GARLAND,HUMPHREY,"COMFORTS RUSH","A Unbelieveable Panorama of a Pioneer And a Husband who must Meet a Mad Cow in An Abandoned Mine Shaft",Travel,17
GARLAND,KEVIN,"TRIP NEWTON","A Fanciful Character Study of a Lumberjack And a Car who must Discover a Cat in An Abandoned Amusement Park",Action,28
GARLAND,KEVIN,"WAIT CIDER","A Intrepid Epistle of a Woman And a Forensic Psychologist who must Succumb a Astronaut in A Manhattan Penthouse",Animation,21
GARLAND,KEVIN,"CLOCKWORK PARADISE","A Insightful Documentary of a Technical Writer And a Feminist who must Challenge a Cat in A Baloon",Children,10
GARLAND,KEVIN,"GHOST GROUNDHOG","A Brilliant Panorama of a Madman And a Composer who must Succumb a Car in Ancient India",Children,21
GARLAND,KEVIN,"MICROCOSMOS PARADISE","A Touching Character Study of a Boat And a Student who must Sink a A Shark in Nigeria",Children,13
GARLAND,KEVIN,"MAKER GABLES","A Stunning Display of a Moose And a Database Administrator who must Pursue a Composer in A Jet Boat",Children,10
GARLAND,KEVIN,"BACKLASH UNDEFEATED","A Stunning Character Study of a Mad Scientist And a Mad Cow who must Kill a Car in A Monastery",Children,19
GARLAND,KEVIN,"WESTWARD SEABISCUIT","A Lacklusture Tale of a Butler And a Husband who must Face a Boy in Ancient China",Classics,26
GARLAND,KEVIN,"DADDY PITTSBURGH","A Epic Story of a A Shark And a Student who must Confront a Explorer in The Gulf of Mexico",Comedy,13
GARLAND,KEVIN,"GUNFIGHT MOON","A Epic Reflection of a Pastry Chef And a Explorer who must Reach a Dentist in The Sahara Desert",Comedy,24
GARLAND,KEVIN,"CAPER MOTIONS","A Fateful Saga of a Moose And a Car who must Pursue a Woman in A MySQL Convention",Comedy,24
GARLAND,KEVIN,"MYSTIC TRUMAN","A Epic Yarn of a Teacher And a Hunter who must Outgun a Explorer in Soviet Georgia",Comedy,10
GARLAND,KEVIN,"SHOW LORD","A Fanciful Saga of a Student And a Girl who must Find a Butler in Ancient Japan",Documentary,25
GARLAND,KEVIN,"GOLDFINGER SENSIBILITY","A Insightful Drama of a Mad Scientist And a Hunter who must Defeat a Pastry Chef in New Orleans",Drama,24
GARLAND,KEVIN,"BLADE POLISH","A Thoughtful Character Study of a Frisbee And a Pastry Chef who must Fight a Dentist in The First Manned Space Station",Drama,22
GARLAND,KEVIN,"SCORPION APOLLO","A Awe-Inspiring Documentary of a Technical Writer And a Husband who must Meet a Monkey in An Abandoned Fun House",Drama,23
GARLAND,KEVIN,"RESURRECTION SILVERADO","A Epic Yarn of a Robot And a Explorer who must Challenge a Girl in A MySQL Convention",Family,21
GARLAND,KEVIN,"NATURAL STOCK","A Fast-Paced Story of a Sumo Wrestler And a Girl who must Defeat a Car in A Baloon Factory",Family,13
GARLAND,KEVIN,"RAGE GAMES","A Fast-Paced Saga of a Astronaut And a Secret Agent who must Escape a Hunter in An Abandoned Amusement Park",Family,19
GARLAND,KEVIN,"ORANGE GRAPES","A Astounding Documentary of a Butler And a Womanizer who must Face a Dog in A U-Boat",Foreign,24
GARLAND,KEVIN,"INFORMER DOUBLE","A Action-Packed Display of a Woman And a Dentist who must Redeem a Forensic Psychologist in The Canadian Rockies",Foreign,5
GARLAND,KEVIN,"BABY HALL","A Boring Character Study of a A Shark And a Girl who must Outrace a Feminist in An Abandoned Mine Shaft",Foreign,8
GARLAND,KEVIN,"CHICAGO NORTH","A Fateful Yarn of a Mad Cow And a Waitress who must Battle a Student in California",Games,16
GARLAND,KEVIN,"GRIT CLOCKWORK","A Thoughtful Display of a Dentist And a Squirrel who must Confront a Lumberjack in A Shark Tank",Games,32
GARLAND,KEVIN,"RULES HUMAN","A Beautiful Epistle of a Astronaut And a Student who must Confront a Monkey in An Abandoned Fun House",Horror,16
GARLAND,KEVIN,"HEAVENLY GUN","A Beautiful Yarn of a Forensic Psychologist And a Frisbee who must Battle a Moose in A Jet Boat",Music,7
GARLAND,KEVIN,"SONG HEDWIG","A Amazing Documentary of a Man And a Husband who must Confront a Squirrel in A MySQL Convention",Music,11
GARLAND,KEVIN,"FREAKY POCUS","A Fast-Paced Documentary of a Pastry Chef And a Crocodile who must Chase a Squirrel in The Gulf of Mexico",Music,17
GARLAND,KEVIN,"STING PERSONAL","A Fanciful Drama of a Frisbee And a Dog who must Fight a Madman in A Jet Boat",New,21
GARLAND,KEVIN,"STALLION SUNDANCE","A Fast-Paced Tale of a Car And a Dog who must Outgun a A Shark in Australia",Sci-Fi,7
GARLAND,KEVIN,"SATISFACTION CONFIDENTIAL","A Lacklusture Yarn of a Dentist And a Butler who must Meet a Secret Agent in Ancient China",Sports,17
GARLAND,KEVIN,"ENOUGH RAGING","A Astounding Character Study of a Boat And a Secret Agent who must Find a Mad Cow in The Sahara Desert",Travel,18
GIBSON,MERYL,"CADDYSHACK JEDI","A Awe-Inspiring Epistle of a Woman And a Madman who must Fight a Robot in Soviet Georgia",Action,16
GIBSON,MERYL,"JUGGLER HARDLY","A Epic Story of a Mad Cow And a Astronaut who must Challenge a Car in California",Animation,32
GIBSON,MERYL,"DARES PLUTO","A Fateful Story of a Robot And a Dentist who must Defeat a Astronaut in New Orleans",Animation,9
GIBSON,MERYL,"FIGHT JAWBREAKER","A Intrepid Panorama of a Womanizer And a Girl who must Escape a Girl in A Manhattan Penthouse",Animation,22
GIBSON,MERYL,"CROSSROADS CASUALTIES","A Intrepid Documentary of a Sumo Wrestler And a Astronaut who must Battle a Composer in The Outback",Animation,21
GIBSON,MERYL,"MODEL FISH","A Beautiful Panorama of a Boat And a Crocodile who must Outrace a Dog in Australia",Children,15
GIBSON,MERYL,"PINOCCHIO SIMON","A Action-Packed Reflection of a Mad Scientist And a A Shark who must Find a Feminist in California",Comedy,20
GIBSON,MERYL,"ELEMENT FREDDY","A Awe-Inspiring Reflection of a Waitress And a Squirrel who must Kill a Mad Cow in A Jet Boat",Comedy,10
GIBSON,MERYL,"EGG IGBY","A Beautiful Documentary of a Boat And a Sumo Wrestler who must Succumb a Database Administrator in The First Manned Space Station",Documentary,21
GIBSON,MERYL,"PRINCESS GIANT","A Thrilling Yarn of a Pastry Chef And a Monkey who must Battle a Monkey in A Shark Tank",Documentary,27
GIBSON,MERYL,"ENCOUNTERS CURTAIN","A Insightful Epistle of a Pastry Chef And a Womanizer who must Build a Boat in New Orleans",Drama,19
GIBSON,MERYL,"HANGING DEEP","A Action-Packed Yarn of a Boat And a Crocodile who must Build a Monkey in Berlin",Drama,19
GIBSON,MERYL,"COMMAND DARLING","A Awe-Inspiring Tale of a Forensic Psychologist And a Woman who must Challenge a Database Administrator in Ancient Japan",Foreign,16
GIBSON,MERYL,"HAPPINESS UNITED","A Action-Packed Panorama of a Husband And a Feminist who must Meet a Forensic Psychologist in Ancient Japan",Foreign,6
GIBSON,MERYL,"HUNGER ROOF","A Unbelieveable Yarn of a Student And a Database Administrator who must Outgun a Husband in An Abandoned Mine Shaft",Foreign,13
GIBSON,MERYL,"HOLIDAY GAMES","A Insightful Reflection of a Waitress And a Madman who must Pursue a Boy in Ancient Japan",Foreign,15
GIBSON,MERYL,"INTRIGUE WORST","A Fanciful Character Study of a Explorer And a Mad Scientist who must Vanquish a Squirrel in A Jet Boat",Foreign,20
GIBSON,MERYL,"STATE WASTELAND","A Beautiful Display of a Cat And a Pastry Chef who must Outrace a Mad Cow in A Jet Boat",Games,13
GIBSON,MERYL,"CHICAGO NORTH","A Fateful Yarn of a Mad Cow And a Waitress who must Battle a Student in California",Games,16
GIBSON,MERYL,"CLONES PINOCCHIO","A Amazing Drama of a Car And a Robot who must Pursue a Dentist in New Orleans",Music,19
GIBSON,MERYL,"MOURNING PURPLE","A Lacklusture Display of a Waitress And a Lumberjack who must Chase a Pioneer in New Orleans",Sci-Fi,21
GIBSON,MERYL,"JADE BUNCH","A Insightful Panorama of a Squirrel And a Mad Cow who must Confront a Student in The First Manned Space Station",Sports,18
GIBSON,MERYL,"ANONYMOUS HUMAN","A Amazing Reflection of a Database Administrator And a Astronaut who must Outrace a Database Administrator in A Shark Tank",Sports,13
GIBSON,MERYL,"COMFORTS RUSH","A Unbelieveable Panorama of a Pioneer And a Husband who must Meet a Mad Cow in An Abandoned Mine Shaft",Travel,17
GIBSON,MERYL,"WORKER TARZAN","A Action-Packed Yarn of a Secret Agent And a Technical Writer who must Battle a Sumo Wrestler in The First Manned Space Station",Travel,15
GIBSON,MERYL,"FACTORY DRAGON","A Action-Packed Saga of a Teacher And a Frisbee who must Escape a Lumberjack in The Sahara Desert",Travel,17
GOLDBERG,PARKER,"WORST BANGER","A Thrilling Drama of a Madman And a Dentist who must Conquer a Boy in The Outback",Action,16
GOLDBERG,PARKER,"INCH JET","A Fateful Saga of a Womanizer And a Student who must Defeat a Butler in A Monastery",Animation,18
GOLDBERG,PARKER,"SONS INTERVIEW","A Taut Character Study of a Explorer And a Mad Cow who must Battle a Hunter in Ancient China",Animation,15
GOLDBERG,PARKER,"TIES HUNGER","A Insightful Saga of a Astronaut And a Explorer who must Pursue a Mad Scientist in A U-Boat",Children,11
GOLDBERG,PARKER,"SCARFACE BANG","A Emotional Yarn of a Teacher And a Girl who must Find a Teacher in A Baloon Factory",Children,18
GOLDBERG,PARKER,"RIGHT CRANES","A Fateful Character Study of a Boat And a Cat who must Find a Database Administrator in A Jet Boat",Classics,10
GOLDBERG,PARKER,"JAWS HARRY","A Thrilling Display of a Database Administrator And a Monkey who must Overcome a Dog in An Abandoned Fun House",Comedy,14
GOLDBERG,PARKER,"HAWK CHILL","A Action-Packed Drama of a Mad Scientist And a Composer who must Outgun a Car in Australia",Documentary,7
GOLDBERG,PARKER,"SAVANNAH TOWN","A Awe-Inspiring Tale of a Astronaut And a Database Administrator who must Chase a Secret Agent in The Gulf of Mexico",Drama,12
GOLDBERG,PARKER,"SPINAL ROCKY","A Lacklusture Epistle of a Sumo Wrestler And a Squirrel who must Defeat a Explorer in California",Family,13
GOLDBERG,PARKER,"MEET CHOCOLATE","A Boring Documentary of a Dentist And a Butler who must Confront a Monkey in A MySQL Convention",Foreign,12
GOLDBERG,PARKER,"SPIRIT FLINTSTONES","A Brilliant Yarn of a Cat And a Car who must Confront a Explorer in Ancient Japan",Horror,15
GOLDBERG,PARKER,"CONFIDENTIAL INTERVIEW","A Stunning Reflection of a Cat And a Woman who must Find a Astronaut in Ancient Japan",Music,29
GOLDBERG,PARKER,"BALLOON HOMEWARD","A Insightful Panorama of a Forensic Psychologist And a Mad Cow who must Build a Mad Scientist in The First Manned Space Station",Music,23
GOLDBERG,PARKER,"WIZARD COLDBLOODED","A Lacklusture Display of a Robot And a Girl who must Defeat a Sumo Wrestler in A MySQL Convention",Music,16
GOLDBERG,PARKER,"LUCKY FLYING","A Lacklusture Character Study of a A Shark And a Man who must Find a Forensic Psychologist in A U-Boat",Music,13
GOLDBERG,PARKER,"LOVERBOY ATTACKS","A Boring Story of a Car And a Butler who must Build a Girl in Soviet Georgia",New,12
GOLDBERG,PARKER,"IDAHO LOVE","A Fast-Paced Drama of a Student And a Crocodile who must Meet a Database Administrator in The Outback",New,17
GOLDBERG,PARKER,"FISH OPUS","A Touching Display of a Feminist And a Girl who must Confront a Astronaut in Australia",Sci-Fi,25
GOLDBERG,PARKER,"EXPRESS LONELY","A Boring Drama of a Astronaut And a Boat who must Face a Boat in California",Sci-Fi,13
GOLDBERG,PARKER,"DRIVER ANNIE","A Lacklusture Character Study of a Butler And a Car who must Redeem a Boat in An Abandoned Fun House",Sports,18
GOLDBERG,PARKER,"INSTINCT AIRPORT","A Touching Documentary of a Mad Cow And a Explorer who must Confront a Butler in A Manhattan Penthouse",Sports,18
GOLDBERG,PARKER,"SQUAD FISH","A Fast-Paced Display of a Pastry Chef And a Dog who must Kill a Teacher in Berlin",Sports,7
GOODING,EWAN,"DEVIL DESIRE","A Beautiful Reflection of a Monkey And a Dentist who must Face a Database Administrator in Ancient Japan",Action,15
GOODING,EWAN,"JUGGLER HARDLY","A Epic Story of a Mad Cow And a Astronaut who must Challenge a Car in California",Animation,32
GOODING,EWAN,"TITANIC BOONDOCK","A Brilliant Reflection of a Feminist And a Dog who must Fight a Boy in A Baloon Factory",Animation,23
GOODING,EWAN,"GRADUATE LORD","A Lacklusture Epistle of a Girl And a A Shark who must Meet a Mad Scientist in Ancient China",Children,16
GOODING,EWAN,"DYNAMITE TARZAN","A Intrepid Documentary of a Forensic Psychologist And a Mad Scientist who must Face a Explorer in A U-Boat",Classics,25
GOODING,EWAN,"SUMMER SCARFACE","A Emotional Panorama of a Lumberjack And a Hunter who must Meet a Girl in A Shark Tank",Classics,16
GOODING,EWAN,"ROOTS REMEMBER","A Brilliant Drama of a Mad Cow And a Hunter who must Escape a Hunter in Berlin",Classics,17
GOODING,EWAN,"LONELY ELEPHANT","A Intrepid Story of a Student And a Dog who must Challenge a Explorer in Soviet Georgia",Comedy,15
GOODING,EWAN,"DUFFEL APOCALYPSE","A Emotional Display of a Boat And a Explorer who must Challenge a Madman in A MySQL Convention",Documentary,7
GOODING,EWAN,"ENCOUNTERS CURTAIN","A Insightful Epistle of a Pastry Chef And a Womanizer who must Build a Boat in New Orleans",Drama,19
GOODING,EWAN,"BUNCH MINDS","A Emotional Story of a Feminist And a Feminist who must Escape a Pastry Chef in A MySQL Convention",Drama,5
GOODING,EWAN,"QUEEN LUKE","A Astounding Story of a Girl And a Boy who must Challenge a Composer in New Orleans",Drama,22
GOODING,EWAN,"DUMBO LUST","A Touching Display of a Feminist And a Dentist who must Conquer a Husband in The Gulf of Mexico",Family,6
GOODING,EWAN,"MULHOLLAND BEAST","A Awe-Inspiring Display of a Husband And a Squirrel who must Battle a Sumo Wrestler in A Jet Boat",Foreign,7
GOODING,EWAN,"COMMAND DARLING","A Awe-Inspiring Tale of a Forensic Psychologist And a Woman who must Challenge a Database Administrator in Ancient Japan",Foreign,16
GOODING,EWAN,"CURTAIN VIDEOTAPE","A Boring Reflection of a Dentist And a Mad Cow who must Chase a Secret Agent in A Shark Tank",Games,27
GOODING,EWAN,"ICE CROSSING","A Fast-Paced Tale of a Butler And a Moose who must Overcome a Pioneer in A Manhattan Penthouse",Games,24
GOODING,EWAN,"ROUGE SQUAD","A Awe-Inspiring Drama of a Astronaut And a Frisbee who must Conquer a Mad Scientist in Australia",Games,18
GOODING,EWAN,"ARACHNOPHOBIA ROLLERCOASTER","A Action-Packed Reflection of a Pastry Chef And a Composer who must Discover a Mad Scientist in The First Manned Space Station",Horror,24
GOODING,EWAN,"AMELIE HELLFIGHTERS","A Boring Drama of a Woman And a Squirrel who must Conquer a Student in A Baloon",Music,10
GOODING,EWAN,"BIRCH ANTITRUST","A Fanciful Panorama of a Husband And a Pioneer who must Outgun a Dog in A Baloon",Music,11
GOODING,EWAN,"OLEANDER CLUE","A Boring Story of a Teacher And a Monkey who must Succumb a Forensic Psychologist in A Jet Boat",Music,10
GOODING,EWAN,"LUCKY FLYING","A Lacklusture Character Study of a A Shark And a Man who must Find a Forensic Psychologist in A U-Boat",Music,13
GOODING,EWAN,"ENEMY ODDS","A Fanciful Panorama of a Mad Scientist And a Woman who must Pursue a Astronaut in Ancient India",Music,29
GOODING,EWAN,"BOULEVARD MOB","A Fateful Epistle of a Moose And a Monkey who must Confront a Lumberjack in Ancient China",New,18
GOODING,EWAN,"CLEOPATRA DEVIL","A Fanciful Documentary of a Crocodile And a Technical Writer who must Fight a A Shark in A Baloon",New,18
GOODING,EWAN,"MOURNING PURPLE","A Lacklusture Display of a Waitress And a Lumberjack who must Chase a Pioneer in New Orleans",Sci-Fi,21
GOODING,EWAN,"RECORDS ZORRO","A Amazing Drama of a Mad Scientist And a Composer who must Build a Husband in The Outback",Sports,8
GOODING,EWAN,"POSEIDON FOREVER","A Thoughtful Epistle of a Womanizer And a Monkey who must Vanquish a Dentist in A Monastery",Sports,17
GOODING,EWAN,"MERMAID INSECTS","A Lacklusture Drama of a Waitress And a Husband who must Fight a Husband in California",Sports,16
GOODING,EWAN,"CONTACT ANONYMOUS","A Insightful Display of a A Shark And a Monkey who must Face a Database Administrator in Ancient India",Travel,26
GOODING,EWAN,"BASIC EASY","A Stunning Epistle of a Man And a Husband who must Reach a Mad Scientist in A Jet Boat",Travel,21
GOODING,EWAN,"DISCIPLE MOTHER","A Touching Reflection of a Mad Scientist And a Boat who must Face a Moose in A Shark Tank",Travel,19
GOODING,GREGORY,"INSECTS STONE","A Epic Display of a Butler And a Dog who must Vanquish a Crocodile in A Manhattan Penthouse",Animation,18
GOODING,GREGORY,"STORM HAPPINESS","A Insightful Drama of a Feminist And a A Shark who must Vanquish a Boat in A Shark Tank",Animation,29
GOODING,GREGORY,"POTLUCK MIXED","A Beautiful Story of a Dog And a Technical Writer who must Outgun a Student in A Baloon",Animation,11
GOODING,GREGORY,"WRONG BEHAVIOR","A Emotional Saga of a Crocodile And a Sumo Wrestler who must Discover a Mad Cow in New Orleans",Children,20
GOODING,GREGORY,"HEAVEN FREEDOM","A Intrepid Story of a Butler And a Car who must Vanquish a Man in New Orleans",Comedy,18
GOODING,GREGORY,"OPERATION OPERATION","A Intrepid Character Study of a Man And a Frisbee who must Overcome a Madman in Ancient China",Comedy,27
GOODING,GREGORY,"SUBMARINE BED","A Amazing Display of a Car And a Monkey who must Fight a Teacher in Soviet Georgia",Comedy,15
GOODING,GREGORY,"MADISON TRAP","A Awe-Inspiring Reflection of a Monkey And a Dentist who must Overcome a Pioneer in A U-Boat",Documentary,15
GOODING,GREGORY,"SPOILERS HELLFIGHTERS","A Fanciful Story of a Technical Writer And a Squirrel who must Defeat a Dog in The Gulf of Mexico",Documentary,10
GOODING,GREGORY,"DEEP CRUSADE","A Amazing Tale of a Crocodile And a Squirrel who must Discover a Composer in Australia",Documentary,14
GOODING,GREGORY,"SEATTLE EXPECATIONS","A Insightful Reflection of a Crocodile And a Sumo Wrestler who must Meet a Technical Writer in The Sahara Desert",Drama,24
GOODING,GREGORY,"SPICE SORORITY","A Fateful Display of a Pioneer And a Hunter who must Defeat a Husband in An Abandoned Mine Shaft",Drama,20
GOODING,GREGORY,"WARDROBE PHANTOM","A Action-Packed Display of a Mad Cow And a Astronaut who must Kill a Car in Ancient India",Drama,27
GOODING,GREGORY,"WEST LION","A Intrepid Drama of a Butler And a Lumberjack who must Challenge a Database Administrator in A Manhattan Penthouse",Drama,16
GOODING,GREGORY,"COWBOY DOOM","A Astounding Drama of a Boy And a Lumberjack who must Fight a Butler in A Baloon",Foreign,7
GOODING,GREGORY,"WHALE BIKINI","A Intrepid Story of a Pastry Chef And a Database Administrator who must Kill a Feminist in A MySQL Convention",Foreign,18
GOODING,GREGORY,"ALLEY EVOLUTION","A Fast-Paced Drama of a Robot And a Composer who must Battle a Astronaut in New Orleans",Foreign,14
GOODING,GREGORY,"MOONSHINE CABIN","A Thoughtful Display of a Astronaut And a Feminist who must Chase a Frisbee in A Jet Boat",Games,21
GOODING,GREGORY,"SPIRIT FLINTSTONES","A Brilliant Yarn of a Cat And a Car who must Confront a Explorer in Ancient Japan",Horror,15
GOODING,GREGORY,"SONG HEDWIG","A Amazing Documentary of a Man And a Husband who must Confront a Squirrel in A MySQL Convention",Music,11
GOODING,GREGORY,"GREATEST NORTH","A Astounding Character Study of a Secret Agent And a Robot who must Build a A Shark in Berlin",Music,29
GOODING,GREGORY,"MAIDEN HOME","A Lacklusture Saga of a Moose And a Teacher who must Kill a Forensic Psychologist in A MySQL Convention",New,24
GOODING,GREGORY,"ARMAGEDDON LOST","A Fast-Paced Tale of a Boat And a Teacher who must Succumb a Composer in An Abandoned Mine Shaft",Sci-Fi,21
GOODING,GREGORY,"EXPRESS LONELY","A Boring Drama of a Astronaut And a Boat who must Face a Boat in California",Sci-Fi,13
GOODING,GREGORY,"HOLES BRANNIGAN","A Fast-Paced Reflection of a Technical Writer And a Student who must Fight a Boy in The Canadian Rockies",Sports,15
GOODING,GREGORY,"EXORCIST STING","A Touching Drama of a Dog And a Sumo Wrestler who must Conquer a Mad Scientist in Berlin",Sports,13
GOODING,GREGORY,"PEAK FOREVER","A Insightful Reflection of a Boat And a Secret Agent who must Vanquish a Astronaut in An Abandoned Mine Shaft",Sports,20
GOODING,GREGORY,"BOILED DARES","A Awe-Inspiring Story of a Waitress And a Dog who must Discover a Dentist in Ancient Japan",Travel,15
GOODING,GREGORY,"TROUBLE DATE","A Lacklusture Panorama of a Forensic Psychologist And a Woman who must Kill a Explorer in Ancient Japan",Travel,23
GRANT,ADAM,"MIDNIGHT WESTWARD","A Taut Reflection of a Husband And a A Shark who must Redeem a Pastry Chef in A Monastery",Action,17
GRANT,ADAM,"IDOLS SNATCHERS","A Insightful Drama of a Car And a Composer who must Fight a Man in A Monastery",Children,30
GRANT,ADAM,"SPLENDOR PATTON","A Taut Story of a Dog And a Explorer who must Find a Astronaut in Berlin",Children,21
GRANT,ADAM,"TWISTED PIRATES","A Touching Display of a Frisbee And a Boat who must Kill a Girl in A MySQL Convention",Children,11
GRANT,ADAM,"GROUNDHOG UNCUT","A Brilliant Panorama of a Astronaut And a Technical Writer who must Discover a Butler in A Manhattan Penthouse",Comedy,18
GRANT,ADAM,"OPERATION OPERATION","A Intrepid Character Study of a Man And a Frisbee who must Overcome a Madman in Ancient China",Comedy,27
GRANT,ADAM,"FIREBALL PHILADELPHIA","A Amazing Yarn of a Dentist And a A Shark who must Vanquish a Madman in An Abandoned Mine Shaft",Comedy,21
GRANT,ADAM,"BALLROOM MOCKINGBIRD","A Thrilling Documentary of a Composer And a Monkey who must Find a Feminist in California",Foreign,8
GRANT,ADAM,"HAPPINESS UNITED","A Action-Packed Panorama of a Husband And a Feminist who must Meet a Forensic Psychologist in Ancient Japan",Foreign,6
GRANT,ADAM,"GLORY TRACY","A Amazing Saga of a Woman And a Womanizer who must Discover a Cat in The First Manned Space Station",Games,5
GRANT,ADAM,"MARS ROMAN","A Boring Drama of a Car And a Dog who must Succumb a Madman in Soviet Georgia",Games,19
GRANT,ADAM,"WANDA CHAMBER","A Insightful Drama of a A Shark And a Pioneer who must Find a Womanizer in The Outback",Games,16
GRANT,ADAM,"ANNIE IDENTITY","A Amazing Panorama of a Pastry Chef And a Boat who must Escape a Woman in An Abandoned Amusement Park",Sci-Fi,22
GRANT,ADAM,"SEABISCUIT PUNK","A Insightful Saga of a Man And a Forensic Psychologist who must Discover a Mad Cow in A MySQL Convention",Sports,26
GRANT,ADAM,"LOSER HUSTLER","A Stunning Drama of a Robot And a Feminist who must Outgun a Butler in Nigeria",Sports,15
GRANT,ADAM,"DISCIPLE MOTHER","A Touching Reflection of a Mad Scientist And a Boat who must Face a Moose in A Shark Tank",Travel,19
GUINESS,ED,"RINGS HEARTBREAKERS","A Amazing Yarn of a Sumo Wrestler And a Boat who must Conquer a Waitress in New Orleans",Action,15
GUINESS,ED,"DRAGON SQUAD","A Taut Reflection of a Boy And a Waitress who must Outgun a Teacher in Ancient China",Action,11
GUINESS,ED,"JUGGLER HARDLY","A Epic Story of a Mad Cow And a Astronaut who must Challenge a Car in California",Animation,32
GUINESS,ED,"CROSSROADS CASUALTIES","A Intrepid Documentary of a Sumo Wrestler And a Astronaut who must Battle a Composer in The Outback",Animation,21
GUINESS,ED,"STRANGELOVE DESIRE","A Awe-Inspiring Panorama of a Lumberjack And a Waitress who must Defeat a Crocodile in An Abandoned Amusement Park",Children,24
GUINESS,ED,"MODEL FISH","A Beautiful Panorama of a Boat And a Crocodile who must Outrace a Dog in Australia",Children,15
GUINESS,ED,"INVASION CYCLONE","A Lacklusture Character Study of a Mad Scientist And a Womanizer who must Outrace a Explorer in A Monastery",Children,27
GUINESS,ED,"CENTER DINOSAUR","A Beautiful Character Study of a Sumo Wrestler And a Dentist who must Find a Dog in California",Classics,24
GUINESS,ED,"CLOSER BANG","A Unbelieveable Panorama of a Frisbee And a Hunter who must Vanquish a Monkey in Ancient India",Comedy,28
GUINESS,ED,"BONNIE HOLOCAUST","A Fast-Paced Story of a Crocodile And a Robot who must Find a Moose in Ancient Japan",Documentary,16
GUINESS,ED,"PACIFIC AMISTAD","A Thrilling Yarn of a Dog And a Moose who must Kill a Pastry Chef in A Manhattan Penthouse",Documentary,24
GUINESS,ED,"WARS PLUTO","A Taut Reflection of a Teacher And a Database Administrator who must Chase a Madman in The Sahara Desert",Documentary,10
GUINESS,ED,"PRINCESS GIANT","A Thrilling Yarn of a Pastry Chef And a Monkey who must Battle a Monkey in A Shark Tank",Documentary,27
GUINESS,ED,"MAUDE MOD","A Beautiful Documentary of a Forensic Psychologist And a Cat who must Reach a Astronaut in Nigeria",Foreign,8
GUINESS,ED,"SCHOOL JACKET","A Intrepid Yarn of a Monkey And a Boy who must Fight a Composer in A Manhattan Penthouse",Foreign,6
GUINESS,ED,"GENTLEMEN STAGE","A Awe-Inspiring Reflection of a Monkey And a Student who must Overcome a Dentist in The First Manned Space Station",Foreign,23
GUINESS,ED,"WIND PHANTOM","A Touching Saga of a Madman And a Forensic Psychologist who must Build a Sumo Wrestler in An Abandoned Mine Shaft",Games,23
GUINESS,ED,"BEHAVIOR RUNAWAY","A Unbelieveable Drama of a Student And a Husband who must Outrace a Sumo Wrestler in Berlin",Horror,13
GUINESS,ED,"ROCK INSTINCT","A Astounding Character Study of a Robot And a Moose who must Overcome a Astronaut in Ancient India",Horror,17
GUINESS,ED,"HIGH ENCINO","A Fateful Saga of a Waitress And a Hunter who must Outrace a Sumo Wrestler in Australia",Horror,22
GUINESS,ED,"ANALYZE HOOSIERS","A Thoughtful Display of a Explorer And a Pastry Chef who must Overcome a Feminist in The Sahara Desert",Horror,14
GUINESS,ED,"BUTTERFLY CHOCOLAT","A Fateful Story of a Girl And a Composer who must Conquer a Husband in A Shark Tank",New,30
GUINESS,ED,"UNFORGIVEN ZOOLANDER","A Taut Epistle of a Monkey And a Sumo Wrestler who must Vanquish a A Shark in A Baloon Factory",Sci-Fi,18
GUINESS,ED,"SOLDIERS EVOLUTION","A Lacklusture Panorama of a A Shark And a Pioneer who must Confront a Student in The First Manned Space Station",Sci-Fi,8
GUINESS,ED,"INSTINCT AIRPORT","A Touching Documentary of a Mad Cow And a Explorer who must Confront a Butler in A Manhattan Penthouse",Sports,18
GUINESS,ED,"ANONYMOUS HUMAN","A Amazing Reflection of a Database Administrator And a Astronaut who must Outrace a Database Administrator in A Shark Tank",Sports,13
GUINESS,ED,"EVOLUTION ALTER","A Fanciful Character Study of a Feminist And a Madman who must Find a Explorer in A Baloon Factory",Sports,12
GUINESS,ED,"VALENTINE VANISHING","A Thrilling Display of a Husband And a Butler who must Reach a Pastry Chef in California",Travel,12
GUINESS,ED,"SMILE EARRING","A Intrepid Drama of a Teacher And a Butler who must Build a Pastry Chef in Berlin",Travel,10
GUINESS,PENELOPE,"ANACONDA CONFESSIONS","A Lacklusture Display of a Dentist And a Dentist who must Fight a Girl in Australia",Animation,21
GUINESS,PENELOPE,"LANGUAGE COWBOY","A Epic Yarn of a Cat And a Madman who must Vanquish a Dentist in An Abandoned Amusement Park",Children,11
GUINESS,PENELOPE,"COLOR PHILADELPHIA","A Thoughtful Panorama of a Car And a Crocodile who must Sink a Monkey in The Sahara Desert",Classics,24
GUINESS,PENELOPE,"WESTWARD SEABISCUIT","A Lacklusture Tale of a Butler And a Husband who must Face a Boy in Ancient China",Classics,26
GUINESS,PENELOPE,"VERTIGO NORTHWEST","A Unbelieveable Display of a Mad Scientist And a Mad Scientist who must Outgun a Mad Cow in Ancient Japan",Comedy,8
GUINESS,PENELOPE,"ACADEMY DINOSAUR","A Epic Drama of a Feminist And a Mad Scientist who must Battle a Teacher in The Canadian Rockies",Documentary,23
GUINESS,PENELOPE,"KING EVOLUTION","A Action-Packed Tale of a Boy And a Lumberjack who must Chase a Madman in A Baloon",Family,9
GUINESS,PENELOPE,"SPLASH GUMP","A Taut Saga of a Crocodile And a Boat who must Conquer a Hunter in A Shark Tank",Family,14
GUINESS,PENELOPE,"MULHOLLAND BEAST","A Awe-Inspiring Display of a Husband And a Squirrel who must Battle a Sumo Wrestler in A Jet Boat",Foreign,7
GUINESS,PENELOPE,"HUMAN GRAFFITI","A Beautiful Reflection of a Womanizer And a Sumo Wrestler who must Chase a Database Administrator in The Gulf of Mexico",Games,15
GUINESS,PENELOPE,"BULWORTH COMMANDMENTS","A Amazing Display of a Mad Cow And a Pioneer who must Redeem a Sumo Wrestler in The Outback",Games,7
GUINESS,PENELOPE,"ELEPHANT TROJAN","A Beautiful Panorama of a Lumberjack And a Forensic Psychologist who must Overcome a Frisbee in A Baloon",Horror,14
GUINESS,PENELOPE,"RULES HUMAN","A Beautiful Epistle of a Astronaut And a Student who must Confront a Monkey in An Abandoned Fun House",Horror,16
GUINESS,PENELOPE,"LADY STAGE","A Beautiful Character Study of a Woman And a Man who must Pursue a Explorer in A U-Boat",Horror,17
GUINESS,PENELOPE,"WIZARD COLDBLOODED","A Lacklusture Display of a Robot And a Girl who must Defeat a Sumo Wrestler in A MySQL Convention",Music,16
GUINESS,PENELOPE,"OKLAHOMA JUMANJI","A Thoughtful Drama of a Dentist And a Womanizer who must Meet a Husband in The Sahara Desert",New,6
GUINESS,PENELOPE,"ANGELS LIFE","A Thoughtful Display of a Woman And a Astronaut who must Battle a Robot in Berlin",New,22
GUINESS,PENELOPE,"CHEAPER CLYDE","A Emotional Character Study of a Pioneer And a Girl who must Discover a Dog in Ancient Japan",Sci-Fi,20
GUINESS,PENELOPE,"GLEAMING JAWBREAKER","A Amazing Display of a Composer And a Forensic Psychologist who must Discover a Car in The Canadian Rockies",Sports,29
GUINESS,SEAN,"LUST LOCK","A Fanciful Panorama of a Hunter And a Dentist who must Meet a Secret Agent in The Sahara Desert",Action,15
GUINESS,SEAN,"FANTASY TROOPERS","A Touching Saga of a Teacher And a Monkey who must Overcome a Secret Agent in A MySQL Convention",Action,26
GUINESS,SEAN,"DARN FORRESTER","A Fateful Story of a A Shark And a Explorer who must Succumb a Technical Writer in A Jet Boat",Action,18
GUINESS,SEAN,"MOCKINGBIRD HOLLYWOOD","A Thoughtful Panorama of a Man And a Car who must Sink a Composer in Berlin",Action,24
GUINESS,SEAN,"STAGECOACH ARMAGEDDON","A Touching Display of a Pioneer And a Butler who must Chase a Car in California",Action,26
GUINESS,SEAN,"TELEMARK HEARTBREAKERS","A Action-Packed Panorama of a Technical Writer And a Man who must Build a Forensic Psychologist in A Manhattan Penthouse",Animation,25
GUINESS,SEAN,"FORRESTER COMANCHEROS","A Fateful Tale of a Squirrel And a Forensic Psychologist who must Redeem a Man in Nigeria",Animation,27
GUINESS,SEAN,"TRACY CIDER","A Touching Reflection of a Database Administrator And a Madman who must Build a Lumberjack in Nigeria",Animation,26
GUINESS,SEAN,"HORN WORKING","A Stunning Display of a Mad Scientist And a Technical Writer who must Succumb a Monkey in A Shark Tank",Animation,24
GUINESS,SEAN,"OCTOBER SUBMARINE","A Taut Epistle of a Monkey And a Boy who must Confront a Husband in A Jet Boat",Classics,11
GUINESS,SEAN,"PATIENT SISTER","A Emotional Epistle of a Squirrel And a Robot who must Confront a Lumberjack in Soviet Georgia",Classics,19
GUINESS,SEAN,"GROUNDHOG UNCUT","A Brilliant Panorama of a Astronaut And a Technical Writer who must Discover a Butler in A Manhattan Penthouse",Comedy,18
GUINESS,SEAN,"LONELY ELEPHANT","A Intrepid Story of a Student And a Dog who must Challenge a Explorer in Soviet Georgia",Comedy,15
GUINESS,SEAN,"SUBMARINE BED","A Amazing Display of a Car And a Monkey who must Fight a Teacher in Soviet Georgia",Comedy,15
GUINESS,SEAN,"UNITED PILOT","A Fast-Paced Reflection of a Cat And a Mad Cow who must Fight a Car in The Sahara Desert",Documentary,17
GUINESS,SEAN,"STREAK RIDGEMONT","A Astounding Character Study of a Hunter And a Waitress who must Sink a Man in New Orleans",Documentary,16
GUINESS,SEAN,"SCORPION APOLLO","A Awe-Inspiring Documentary of a Technical Writer And a Husband who must Meet a Monkey in An Abandoned Fun House",Drama,23
GUINESS,SEAN,"DUMBO LUST","A Touching Display of a Feminist And a Dentist who must Conquer a Husband in The Gulf of Mexico",Family,6
GUINESS,SEAN,"HALF OUTFIELD","A Epic Epistle of a Database Administrator And a Crocodile who must Face a Madman in A Jet Boat",Family,26
GUINESS,SEAN,"HUNTING MUSKETEERS","A Thrilling Reflection of a Pioneer And a Dentist who must Outrace a Womanizer in An Abandoned Mine Shaft",Family,15
GUINESS,SEAN,"ALAMO VIDEOTAPE","A Boring Epistle of a Butler And a Cat who must Fight a Pastry Chef in A MySQL Convention",Foreign,24
GUINESS,SEAN,"BROOKLYN DESERT","A Beautiful Drama of a Dentist And a Composer who must Battle a Sumo Wrestler in The First Manned Space Station",Foreign,21
GUINESS,SEAN,"HAUNTING PIANIST","A Fast-Paced Story of a Database Administrator And a Composer who must Defeat a Squirrel in An Abandoned Amusement Park",Games,22
GUINESS,SEAN,"ACE GOLDFINGER","A Astounding Epistle of a Database Administrator And a Explorer who must Find a Car in Ancient China",Horror,7
GUINESS,SEAN,"GROSSE WONDERFUL","A Epic Drama of a Cat And a Explorer who must Redeem a Moose in Australia",Music,8
GUINESS,SEAN,"GO PURPLE","A Fast-Paced Display of a Car And a Database Administrator who must Battle a Woman in A Baloon",Music,20
GUINESS,SEAN,"LICENSE WEEKEND","A Insightful Story of a Man And a Husband who must Overcome a Madman in A Monastery",Sci-Fi,7
GUINESS,SEAN,"GRAFFITI LOVE","A Unbelieveable Epistle of a Sumo Wrestler And a Hunter who must Build a Composer in Berlin",Sci-Fi,30
GUINESS,SEAN,"SOLDIERS EVOLUTION","A Lacklusture Panorama of a A Shark And a Pioneer who must Confront a Student in The First Manned Space Station",Sci-Fi,8
GUINESS,SEAN,"CRUSADE HONEY","A Fast-Paced Reflection of a Explorer And a Butler who must Battle a Madman in An Abandoned Amusement Park",Sports,8
GUINESS,SEAN,"PHILADELPHIA WIFE","A Taut Yarn of a Hunter And a Astronaut who must Conquer a Database Administrator in The Sahara Desert",Sports,23
GUINESS,SEAN,"SUPERFLY TRIP","A Beautiful Saga of a Lumberjack And a Teacher who must Build a Technical Writer in An Abandoned Fun House",Travel,10
GUINESS,SEAN,"IGBY MAKER","A Epic Documentary of a Hunter And a Dog who must Outgun a Dog in A Baloon Factory",Travel,19
HACKMAN,TIM,"PACKER MADIGAN","A Epic Display of a Sumo Wrestler And a Forensic Psychologist who must Build a Woman in An Abandoned Amusement Park",Animation,22
HACKMAN,TIM,"UPTOWN YOUNG","A Fateful Documentary of a Dog And a Hunter who must Pursue a Teacher in An Abandoned Amusement Park",Children,12
HACKMAN,TIM,"LIGHTS DEER","A Unbelieveable Epistle of a Dog And a Woman who must Confront a Moose in The Gulf of Mexico",Classics,8
HACKMAN,TIM,"SNATCHERS MONTEZUMA","A Boring Epistle of a Sumo Wrestler And a Woman who must Escape a Man in The Canadian Rockies",Classics,9
HACKMAN,TIM,"DEEP CRUSADE","A Amazing Tale of a Crocodile And a Squirrel who must Discover a Composer in Australia",Documentary,14
HACKMAN,TIM,"HOMEWARD CIDER","A Taut Reflection of a Astronaut And a Squirrel who must Fight a Squirrel in A Manhattan Penthouse",Documentary,16
HACKMAN,TIM,"CUPBOARD SINNERS","A Emotional Reflection of a Frisbee And a Boat who must Reach a Pastry Chef in An Abandoned Amusement Park",Documentary,23
HACKMAN,TIM,"MOB DUFFEL","A Unbelieveable Documentary of a Frisbee And a Boat who must Meet a Boy in The Canadian Rockies",Drama,12
HACKMAN,TIM,"HAROLD FRENCH","A Stunning Saga of a Sumo Wrestler And a Student who must Outrace a Moose in The Sahara Desert",Drama,8
HACKMAN,TIM,"FEUD FROGMEN","A Brilliant Reflection of a Database Administrator And a Mad Cow who must Chase a Woman in The Canadian Rockies",Family,25
HACKMAN,TIM,"HOOSIERS BIRDCAGE","A Astounding Display of a Explorer And a Boat who must Vanquish a Car in The First Manned Space Station",Foreign,8
HACKMAN,TIM,"MEET CHOCOLATE","A Boring Documentary of a Dentist And a Butler who must Confront a Monkey in A MySQL Convention",Foreign,12
HACKMAN,TIM,"CALENDAR GUNFIGHT","A Thrilling Drama of a Frisbee And a Lumberjack who must Sink a Man in Nigeria",Foreign,21
HACKMAN,TIM,"BEHAVIOR RUNAWAY","A Unbelieveable Drama of a Student And a Husband who must Outrace a Sumo Wrestler in Berlin",Horror,13
HACKMAN,TIM,"WIZARD COLDBLOODED","A Lacklusture Display of a Robot And a Girl who must Defeat a Sumo Wrestler in A MySQL Convention",Music,16
HACKMAN,TIM,"CHAPLIN LICENSE","A Boring Drama of a Dog And a Forensic Psychologist who must Outrace a Explorer in Ancient India",New,8
HACKMAN,TIM,"FIDDLER LOST","A Boring Tale of a Squirrel And a Dog who must Challenge a Madman in The Gulf of Mexico",Sci-Fi,10
HACKMAN,TIM,"PEACH INNOCENT","A Action-Packed Drama of a Monkey And a Dentist who must Chase a Butler in Berlin",Sports,14
HACKMAN,TIM,"MUMMY CREATURES","A Fateful Character Study of a Crocodile And a Monkey who must Meet a Dentist in Australia",Sports,16
HACKMAN,TIM,"CRUSADE HONEY","A Fast-Paced Reflection of a Explorer And a Butler who must Battle a Madman in An Abandoned Amusement Park",Sports,8
HACKMAN,TIM,"BUCKET BROTHERHOOD","A Amazing Display of a Girl And a Womanizer who must Succumb a Lumberjack in A Baloon Factory",Travel,34
HACKMAN,TIM,"BOILED DARES","A Awe-Inspiring Story of a Waitress And a Dog who must Discover a Dentist in Ancient Japan",Travel,15
HACKMAN,WILLIAM,"BERETS AGENT","A Taut Saga of a Crocodile And a Boy who must Overcome a Technical Writer in Ancient China",Action,21
HACKMAN,WILLIAM,"ANTITRUST TOMATOES","A Fateful Yarn of a Womanizer And a Feminist who must Succumb a Database Administrator in Ancient India",Action,10
HACKMAN,WILLIAM,"HOLOCAUST HIGHBALL","A Awe-Inspiring Yarn of a Composer And a Man who must Find a Robot in Soviet Georgia",Children,17
HACKMAN,WILLIAM,"CROOKED FROGMEN","A Unbelieveable Drama of a Hunter And a Database Administrator who must Battle a Crocodile in An Abandoned Amusement Park",Children,23
HACKMAN,WILLIAM,"CREEPERS KANE","A Awe-Inspiring Reflection of a Squirrel And a Boat who must Outrace a Car in A Jet Boat",Classics,14
HACKMAN,WILLIAM,"SPIKING ELEMENT","A Lacklusture Epistle of a Dentist And a Technical Writer who must Find a Dog in A Monastery",Classics,13
HACKMAN,WILLIAM,"WISDOM WORKER","A Unbelieveable Saga of a Forensic Psychologist And a Student who must Face a Squirrel in The First Manned Space Station",Comedy,9
HACKMAN,WILLIAM,"NATIONAL STORY","A Taut Epistle of a Mad Scientist And a Girl who must Escape a Monkey in California",Documentary,19
HACKMAN,WILLIAM,"CAUSE DATE","A Taut Tale of a Explorer And a Pastry Chef who must Conquer a Hunter in A MySQL Convention",Documentary,21
HACKMAN,WILLIAM,"SEA VIRGIN","A Fast-Paced Documentary of a Technical Writer And a Pastry Chef who must Escape a Moose in A U-Boat",Drama,22
HACKMAN,WILLIAM,"HUNCHBACK IMPOSSIBLE","A Touching Yarn of a Frisbee And a Dentist who must Fight a Composer in Ancient Japan",Drama,20
HACKMAN,WILLIAM,"HUNTING MUSKETEERS","A Thrilling Reflection of a Pioneer And a Dentist who must Outrace a Womanizer in An Abandoned Mine Shaft",Family,15
HACKMAN,WILLIAM,"SECRETS PARADISE","A Fateful Saga of a Cat And a Frisbee who must Kill a Girl in A Manhattan Penthouse",Family,20
HACKMAN,WILLIAM,"TRAP GUYS","A Unbelieveable Story of a Boy And a Mad Cow who must Challenge a Database Administrator in The Sahara Desert",Foreign,16
HACKMAN,WILLIAM,"JERICHO MULAN","A Amazing Yarn of a Hunter And a Butler who must Defeat a Boy in A Jet Boat",Games,17
HACKMAN,WILLIAM,"MOONSHINE CABIN","A Thoughtful Display of a Astronaut And a Feminist who must Chase a Frisbee in A Jet Boat",Games,21
HACKMAN,WILLIAM,"GLORY TRACY","A Amazing Saga of a Woman And a Womanizer who must Discover a Cat in The First Manned Space Station",Games,5
HACKMAN,WILLIAM,"STATE WASTELAND","A Beautiful Display of a Cat And a Pastry Chef who must Outrace a Mad Cow in A Jet Boat",Games,13
HACKMAN,WILLIAM,"MONSOON CAUSE","A Astounding Tale of a Crocodile And a Car who must Outrace a Squirrel in A U-Boat",Games,9
HACKMAN,WILLIAM,"ZHIVAGO CORE","A Fateful Yarn of a Composer And a Man who must Face a Boy in The Canadian Rockies",Horror,9
HACKMAN,WILLIAM,"ALABAMA DEVIL","A Thoughtful Panorama of a Database Administrator And a Mad Scientist who must Outgun a Mad Scientist in A Jet Boat",Horror,12
HACKMAN,WILLIAM,"CLEOPATRA DEVIL","A Fanciful Documentary of a Crocodile And a Technical Writer who must Fight a A Shark in A Baloon",New,18
HACKMAN,WILLIAM,"RECORDS ZORRO","A Amazing Drama of a Mad Scientist And a Composer who must Build a Husband in The Outback",Sports,8
HACKMAN,WILLIAM,"RIDER CADDYSHACK","A Taut Reflection of a Monkey And a Womanizer who must Chase a Moose in Nigeria",Sports,11
HACKMAN,WILLIAM,"TIGHTS DAWN","A Thrilling Epistle of a Boat And a Secret Agent who must Face a Boy in A Baloon",Sports,26
HACKMAN,WILLIAM,"WINDOW SIDE","A Astounding Character Study of a Womanizer And a Hunter who must Escape a Robot in A Monastery",Travel,12
HACKMAN,WILLIAM,"HAUNTED ANTITRUST","A Amazing Saga of a Man And a Dentist who must Reach a Technical Writer in Ancient India",Travel,6
HARRIS,BEN,"WEREWOLF LOLA","A Fanciful Story of a Man And a Sumo Wrestler who must Outrace a Student in A Monastery",Action,14
HARRIS,BEN,"WATERFRONT DELIVERANCE","A Unbelieveable Documentary of a Dentist And a Technical Writer who must Build a Womanizer in Nigeria",Action,17
HARRIS,BEN,"UPRISING UPTOWN","A Fanciful Reflection of a Boy And a Butler who must Pursue a Woman in Berlin",Action,16
HARRIS,BEN,"NASH CHOCOLAT","A Epic Reflection of a Monkey And a Mad Cow who must Kill a Forensic Psychologist in An Abandoned Mine Shaft",Animation,15
HARRIS,BEN,"SCARFACE BANG","A Emotional Yarn of a Teacher And a Girl who must Find a Teacher in A Baloon Factory",Children,18
HARRIS,BEN,"BEAR GRACELAND","A Astounding Saga of a Dog And a Boy who must Kill a Teacher in The First Manned Space Station",Children,22
HARRIS,BEN,"MUSKETEERS WAIT","A Touching Yarn of a Student And a Moose who must Fight a Mad Cow in Australia",Classics,17
HARRIS,BEN,"MILLION ACE","A Brilliant Documentary of a Womanizer And a Squirrel who must Find a Technical Writer in The Sahara Desert",Classics,20
HARRIS,BEN,"TIMBERLAND SKY","A Boring Display of a Man And a Dog who must Redeem a Girl in A U-Boat",Classics,31
HARRIS,BEN,"PINOCCHIO SIMON","A Action-Packed Reflection of a Mad Scientist And a A Shark who must Find a Feminist in California",Comedy,20
HARRIS,BEN,"DOZEN LION","A Taut Drama of a Cat And a Girl who must Defeat a Frisbee in The Canadian Rockies",Documentary,7
HARRIS,BEN,"JASON TRAP","A Thoughtful Tale of a Woman And a A Shark who must Conquer a Dog in A Monastery",Family,24
HARRIS,BEN,"PET HAUNTING","A Unbelieveable Reflection of a Explorer And a Boat who must Conquer a Woman in California",Foreign,8
HARRIS,BEN,"SORORITY QUEEN","A Fast-Paced Display of a Squirrel And a Composer who must Fight a Forensic Psychologist in A Jet Boat",Foreign,12
HARRIS,BEN,"JAPANESE RUN","A Awe-Inspiring Epistle of a Feminist And a Girl who must Sink a Girl in The Outback",Horror,6
HARRIS,BEN,"STING PERSONAL","A Fanciful Drama of a Frisbee And a Dog who must Fight a Madman in A Jet Boat",New,21
HARRIS,BEN,"CITIZEN SHREK","A Fanciful Character Study of a Technical Writer And a Husband who must Redeem a Robot in The Outback",Sci-Fi,13
HARRIS,BEN,"RIDER CADDYSHACK","A Taut Reflection of a Monkey And a Womanizer who must Chase a Moose in Nigeria",Sports,11
HARRIS,BEN,"TOURIST PELICAN","A Boring Story of a Butler And a Astronaut who must Outrace a Pioneer in Australia",Sports,22
HARRIS,CATE,"HANDICAP BOONDOCK","A Beautiful Display of a Pioneer And a Squirrel who must Vanquish a Sumo Wrestler in Soviet Georgia",Action,28
HARRIS,CATE,"BERETS AGENT","A Taut Saga of a Crocodile And a Boy who must Overcome a Technical Writer in Ancient China",Action,21
HARRIS,CATE,"DESIRE ALIEN","A Fast-Paced Tale of a Dog And a Forensic Psychologist who must Meet a Astronaut in The First Manned Space Station",Animation,8
HARRIS,CATE,"STORM HAPPINESS","A Insightful Drama of a Feminist And a A Shark who must Vanquish a Boat in A Shark Tank",Animation,29
HARRIS,CATE,"CROOKED FROGMEN","A Unbelieveable Drama of a Hunter And a Database Administrator who must Battle a Crocodile in An Abandoned Amusement Park",Children,23
HARRIS,CATE,"JUMPING WRATH","A Touching Epistle of a Monkey And a Feminist who must Discover a Boat in Berlin",Children,24
HARRIS,CATE,"SCARFACE BANG","A Emotional Yarn of a Teacher And a Girl who must Find a Teacher in A Baloon Factory",Children,18
HARRIS,CATE,"FROST HEAD","A Amazing Reflection of a Lumberjack And a Cat who must Discover a Husband in A MySQL Convention",Classics,30
HARRIS,CATE,"GILMORE BOILED","A Unbelieveable Documentary of a Boat And a Husband who must Succumb a Student in A U-Boat",Classics,28
HARRIS,CATE,"SUMMER SCARFACE","A Emotional Panorama of a Lumberjack And a Hunter who must Meet a Girl in A Shark Tank",Classics,16
HARRIS,CATE,"CRAZY HOME","A Fanciful Panorama of a Boy And a Woman who must Vanquish a Database Administrator in The Outback",Comedy,9
HARRIS,CATE,"MODERN DORADO","A Awe-Inspiring Story of a Butler And a Sumo Wrestler who must Redeem a Boy in New Orleans",Documentary,15
HARRIS,CATE,"WRATH MILE","A Intrepid Reflection of a Technical Writer And a Hunter who must Defeat a Sumo Wrestler in A Monastery",Documentary,14
HARRIS,CATE,"SEA VIRGIN","A Fast-Paced Documentary of a Technical Writer And a Pastry Chef who must Escape a Moose in A U-Boat",Drama,22
HARRIS,CATE,"ATLANTIS CAUSE","A Thrilling Yarn of a Feminist And a Hunter who must Fight a Technical Writer in A Shark Tank",Family,24
HARRIS,CATE,"SPINAL ROCKY","A Lacklusture Epistle of a Sumo Wrestler And a Squirrel who must Defeat a Explorer in California",Family,13
HARRIS,CATE,"GREEK EVERYONE","A Stunning Display of a Butler And a Teacher who must Confront a A Shark in The First Manned Space Station",Foreign,17
HARRIS,CATE,"INTRIGUE WORST","A Fanciful Character Study of a Explorer And a Mad Scientist who must Vanquish a Squirrel in A Jet Boat",Foreign,20
HARRIS,CATE,"DANGEROUS UPTOWN","A Unbelieveable Story of a Mad Scientist And a Woman who must Overcome a Dog in California",Foreign,12
HARRIS,CATE,"SORORITY QUEEN","A Fast-Paced Display of a Squirrel And a Composer who must Fight a Forensic Psychologist in A Jet Boat",Foreign,12
HARRIS,CATE,"STAMPEDE DISTURBING","A Unbelieveable Tale of a Woman And a Lumberjack who must Fight a Frisbee in A U-Boat",Games,14
HARRIS,CATE,"ROLLERCOASTER BRINGING","A Beautiful Drama of a Robot And a Lumberjack who must Discover a Technical Writer in A Shark Tank",Horror,10
HARRIS,CATE,"PERSONAL LADYBUGS","A Epic Saga of a Hunter And a Technical Writer who must Conquer a Cat in Ancient Japan",Music,14
HARRIS,CATE,"RUNNER MADIGAN","A Thoughtful Documentary of a Crocodile And a Robot who must Outrace a Womanizer in The Outback",Music,8
HARRIS,CATE,"SUN CONFESSIONS","A Beautiful Display of a Mad Cow And a Dog who must Redeem a Waitress in An Abandoned Amusement Park",Sci-Fi,25
HARRIS,CATE,"SHINING ROSES","A Awe-Inspiring Character Study of a Astronaut And a Forensic Psychologist who must Challenge a Madman in Ancient India",Travel,8
HARRIS,DAN,"HILLS NEIGHBORS","A Epic Display of a Hunter And a Feminist who must Sink a Car in A U-Boat",Action,25
HARRIS,DAN,"TITANIC BOONDOCK","A Brilliant Reflection of a Feminist And a Dog who must Fight a Boy in A Baloon Factory",Animation,23
HARRIS,DAN,"GHOST GROUNDHOG","A Brilliant Panorama of a Madman And a Composer who must Succumb a Car in Ancient India",Children,21
HARRIS,DAN,"SUMMER SCARFACE","A Emotional Panorama of a Lumberjack And a Hunter who must Meet a Girl in A Shark Tank",Classics,16
HARRIS,DAN,"INDEPENDENCE HOTEL","A Thrilling Tale of a Technical Writer And a Boy who must Face a Pioneer in A Monastery",Documentary,19
HARRIS,DAN,"REUNION WITCHES","A Unbelieveable Documentary of a Database Administrator And a Frisbee who must Redeem a Mad Scientist in A Baloon Factory",Drama,20
HARRIS,DAN,"LIES TREATMENT","A Fast-Paced Character Study of a Dentist And a Moose who must Defeat a Composer in The First Manned Space Station",Drama,27
HARRIS,DAN,"BEDAZZLED MARRIED","A Astounding Character Study of a Madman And a Robot who must Meet a Mad Scientist in An Abandoned Fun House",Family,13
HARRIS,DAN,"SIEGE MADRE","A Boring Tale of a Frisbee And a Crocodile who must Vanquish a Moose in An Abandoned Mine Shaft",Family,15
HARRIS,DAN,"HOLIDAY GAMES","A Insightful Reflection of a Waitress And a Madman who must Pursue a Boy in Ancient Japan",Foreign,15
HARRIS,DAN,"SCHOOL JACKET","A Intrepid Yarn of a Monkey And a Boy who must Fight a Composer in A Manhattan Penthouse",Foreign,6
HARRIS,DAN,"DIVINE RESURRECTION","A Boring Character Study of a Man And a Womanizer who must Succumb a Teacher in An Abandoned Amusement Park",Games,15
HARRIS,DAN,"SEVEN SWARM","A Unbelieveable Character Study of a Dog And a Mad Cow who must Kill a Monkey in Berlin",Games,5
HARRIS,DAN,"MONTEREY LABYRINTH","A Awe-Inspiring Drama of a Monkey And a Composer who must Escape a Feminist in A U-Boat",Horror,13
HARRIS,DAN,"WATERSHIP FRONTIER","A Emotional Yarn of a Boat And a Crocodile who must Meet a Moose in Soviet Georgia",Horror,6
HARRIS,DAN,"INSIDER ARIZONA","A Astounding Saga of a Mad Scientist And a Hunter who must Pursue a Robot in A Baloon Factory",Music,20
HARRIS,DAN,"VANISHING ROCKY","A Brilliant Reflection of a Man And a Woman who must Conquer a Pioneer in A MySQL Convention",Music,18
HARRIS,DAN,"RUN PACIFIC","A Touching Tale of a Cat And a Pastry Chef who must Conquer a Pastry Chef in A MySQL Convention",New,10
HARRIS,DAN,"DESTINY SATURDAY","A Touching Drama of a Crocodile And a Crocodile who must Conquer a Explorer in Soviet Georgia",New,16
HARRIS,DAN,"EYES DRIVING","A Thrilling Story of a Cat And a Waitress who must Fight a Explorer in The Outback",Sci-Fi,19
HARRIS,DAN,"TITANS JERK","A Unbelieveable Panorama of a Feminist And a Sumo Wrestler who must Challenge a Technical Writer in Ancient China",Sci-Fi,29
HARRIS,DAN,"JADE BUNCH","A Insightful Panorama of a Squirrel And a Mad Cow who must Confront a Student in The First Manned Space Station",Sports,18
HARRIS,DAN,"STRAIGHT HOURS","A Boring Panorama of a Secret Agent And a Girl who must Sink a Waitress in The Outback",Sports,20
HARRIS,DAN,"STEERS ARMAGEDDON","A Stunning Character Study of a Car And a Girl who must Succumb a Car in A MySQL Convention",Sports,15
HARRIS,DAN,"GROOVE FICTION","A Unbelieveable Reflection of a Moose And a A Shark who must Defeat a Lumberjack in An Abandoned Mine Shaft",Sports,18
HARRIS,DAN,"SUPERFLY TRIP","A Beautiful Saga of a Lumberjack And a Teacher who must Build a Technical Writer in An Abandoned Fun House",Travel,10
HARRIS,DAN,"FELLOWSHIP AUTUMN","A Lacklusture Reflection of a Dentist And a Hunter who must Meet a Teacher in A Baloon",Travel,26
HAWKE,MEG,"MAKER GABLES","A Stunning Display of a Moose And a Database Administrator who must Pursue a Composer in A Jet Boat",Children,10
HAWKE,MEG,"GORGEOUS BINGO","A Action-Packed Display of a Sumo Wrestler And a Car who must Overcome a Waitress in A Baloon Factory",Children,19
HAWKE,MEG,"SABRINA MIDNIGHT","A Emotional Story of a Squirrel And a Crocodile who must Succumb a Husband in The Sahara Desert",Children,21
HAWKE,MEG,"GILMORE BOILED","A Unbelieveable Documentary of a Boat And a Husband who must Succumb a Student in A U-Boat",Classics,28
HAWKE,MEG,"VOYAGE LEGALLY","A Epic Tale of a Squirrel And a Hunter who must Conquer a Boy in An Abandoned Mine Shaft",Classics,28
HAWKE,MEG,"SUMMER SCARFACE","A Emotional Panorama of a Lumberjack And a Hunter who must Meet a Girl in A Shark Tank",Classics,16
HAWKE,MEG,"CRAZY HOME","A Fanciful Panorama of a Boy And a Woman who must Vanquish a Database Administrator in The Outback",Comedy,9
HAWKE,MEG,"SAGEBRUSH CLUELESS","A Insightful Story of a Lumberjack And a Hunter who must Kill a Boy in Ancient Japan",Documentary,16
HAWKE,MEG,"INTOLERABLE INTENTIONS","A Awe-Inspiring Story of a Monkey And a Pastry Chef who must Succumb a Womanizer in A MySQL Convention",Documentary,9
HAWKE,MEG,"REUNION WITCHES","A Unbelieveable Documentary of a Database Administrator And a Frisbee who must Redeem a Mad Scientist in A Baloon Factory",Drama,20
HAWKE,MEG,"CHILL LUCK","A Lacklusture Epistle of a Boat And a Technical Writer who must Fight a A Shark in The Canadian Rockies",Drama,22
HAWKE,MEG,"HOUSE DYNAMITE","A Taut Story of a Pioneer And a Squirrel who must Battle a Student in Soviet Georgia",Family,23
HAWKE,MEG,"GANDHI KWAI","A Thoughtful Display of a Mad Scientist And a Secret Agent who must Chase a Boat in Berlin",Family,17
HAWKE,MEG,"ORANGE GRAPES","A Astounding Documentary of a Butler And a Womanizer who must Face a Dog in A U-Boat",Foreign,24
HAWKE,MEG,"VISION TORQUE","A Thoughtful Documentary of a Dog And a Man who must Sink a Man in A Shark Tank",Foreign,7
HAWKE,MEG,"VAMPIRE WHALE","A Epic Story of a Lumberjack And a Monkey who must Confront a Pioneer in A MySQL Convention",New,12
HAWKE,MEG,"MASK PEACH","A Boring Character Study of a Student And a Robot who must Meet a Woman in California",New,17
HAWKE,MEG,"FIDDLER LOST","A Boring Tale of a Squirrel And a Dog who must Challenge a Madman in The Gulf of Mexico",Sci-Fi,10
HAWKE,MEG,"VACATION BOONDOCK","A Fanciful Character Study of a Secret Agent And a Mad Scientist who must Reach a Teacher in Australia",Sci-Fi,21
HAWKE,MEG,"CONNECTICUT TRAMP","A Unbelieveable Drama of a Crocodile And a Mad Cow who must Reach a Dentist in A Shark Tank",Sci-Fi,13
HAWKE,MEG,"HYSTERICAL GRAIL","A Amazing Saga of a Madman And a Dentist who must Build a Car in A Manhattan Penthouse",Sports,15
HAWKE,MEG,"CRUSADE HONEY","A Fast-Paced Reflection of a Explorer And a Butler who must Battle a Madman in An Abandoned Amusement Park",Sports,8
HAWKE,MEG,"DROP WATERFRONT","A Fanciful Documentary of a Husband And a Explorer who must Reach a Madman in Ancient China",Sports,9
HAWKE,MEG,"SPEED SUIT","A Brilliant Display of a Frisbee And a Mad Scientist who must Succumb a Robot in Ancient China",Travel,9
HAWKE,MEG,"LIAISONS SWEET","A Boring Drama of a A Shark And a Explorer who must Redeem a Waitress in The Canadian Rockies",Travel,22
HAWKE,MEG,"FUGITIVE MAGUIRE","A Taut Epistle of a Feminist And a Sumo Wrestler who must Battle a Crocodile in Australia",Travel,11
HAWKE,MEG,"PAPI NECKLACE","A Fanciful Display of a Car And a Monkey who must Escape a Squirrel in Ancient Japan",Travel,8
HESTON,GEOFFREY,"KISSING DOLLS","A Insightful Reflection of a Pioneer And a Teacher who must Build a Composer in The First Manned Space Station",Action,20
HESTON,GEOFFREY,"MIDNIGHT WESTWARD","A Taut Reflection of a Husband And a A Shark who must Redeem a Pastry Chef in A Monastery",Action,17
HESTON,GEOFFREY,"PUNK DIVORCE","A Fast-Paced Tale of a Pastry Chef And a Boat who must Face a Frisbee in The Canadian Rockies",Animation,8
HESTON,GEOFFREY,"TELEMARK HEARTBREAKERS","A Action-Packed Panorama of a Technical Writer And a Man who must Build a Forensic Psychologist in A Manhattan Penthouse",Animation,25
HESTON,GEOFFREY,"TITANIC BOONDOCK","A Brilliant Reflection of a Feminist And a Dog who must Fight a Boy in A Baloon Factory",Animation,23
HESTON,GEOFFREY,"GORGEOUS BINGO","A Action-Packed Display of a Sumo Wrestler And a Car who must Overcome a Waitress in A Baloon Factory",Children,19
HESTON,GEOFFREY,"JEOPARDY ENCINO","A Boring Panorama of a Man And a Mad Cow who must Face a Explorer in Ancient India",Classics,10
HESTON,GEOFFREY,"CENTER DINOSAUR","A Beautiful Character Study of a Sumo Wrestler And a Dentist who must Find a Dog in California",Classics,24
HESTON,GEOFFREY,"TOMORROW HUSTLER","A Thoughtful Story of a Moose And a Husband who must Face a Secret Agent in The Sahara Desert",Classics,25
HESTON,GEOFFREY,"LUCK OPUS","A Boring Display of a Moose And a Squirrel who must Outrace a Teacher in A Shark Tank",Drama,10
HESTON,GEOFFREY,"ODDS BOOGIE","A Thrilling Yarn of a Feminist And a Madman who must Battle a Hunter in Berlin",Family,15
HESTON,GEOFFREY,"COMMAND DARLING","A Awe-Inspiring Tale of a Forensic Psychologist And a Woman who must Challenge a Database Administrator in Ancient Japan",Foreign,16
HESTON,GEOFFREY,"DIRTY ACE","A Action-Packed Character Study of a Forensic Psychologist And a Girl who must Build a Dentist in The Outback",Games,15
HESTON,GEOFFREY,"GRIT CLOCKWORK","A Thoughtful Display of a Dentist And a Squirrel who must Confront a Lumberjack in A Shark Tank",Games,32
HESTON,GEOFFREY,"PATTON INTERVIEW","A Thrilling Documentary of a Composer And a Secret Agent who must Succumb a Cat in Berlin",Horror,23
HESTON,GEOFFREY,"PARIS WEEKEND","A Intrepid Story of a Squirrel And a Crocodile who must Defeat a Monkey in The Outback",Horror,14
HESTON,GEOFFREY,"LOLA AGENT","A Astounding Tale of a Mad Scientist And a Husband who must Redeem a Database Administrator in Ancient Japan",Horror,24
HESTON,GEOFFREY,"GOLDMINE TYCOON","A Brilliant Epistle of a Composer And a Frisbee who must Conquer a Husband in The Outback",Sci-Fi,27
HESTON,GEOFFREY,"INSTINCT AIRPORT","A Touching Documentary of a Mad Cow And a Explorer who must Confront a Butler in A Manhattan Penthouse",Sports,18
HESTON,GEOFFREY,"MERMAID INSECTS","A Lacklusture Drama of a Waitress And a Husband who must Fight a Husband in California",Sports,16
HESTON,GEOFFREY,"WORKING MICROCOSMOS","A Stunning Epistle of a Dentist And a Dog who must Kill a Madman in Ancient China",Travel,25
HESTON,GEOFFREY,"COMA HEAD","A Awe-Inspiring Drama of a Boy And a Frisbee who must Escape a Pastry Chef in California",Travel,26
HESTON,GEOFFREY,"FUGITIVE MAGUIRE","A Taut Epistle of a Feminist And a Sumo Wrestler who must Battle a Crocodile in Australia",Travel,11
HESTON,GEOFFREY,"IGBY MAKER","A Epic Documentary of a Hunter And a Dog who must Outgun a Dog in A Baloon Factory",Travel,19
HOFFMAN,KENNETH,"BLACKOUT PRIVATE","A Intrepid Yarn of a Pastry Chef And a Mad Scientist who must Challenge a Secret Agent in Ancient Japan",Animation,27
HOFFMAN,KENNETH,"STORM HAPPINESS","A Insightful Drama of a Feminist And a A Shark who must Vanquish a Boat in A Shark Tank",Animation,29
HOFFMAN,KENNETH,"FLYING HOOK","A Thrilling Display of a Mad Cow And a Dog who must Challenge a Frisbee in Nigeria",Animation,20
HOFFMAN,KENNETH,"GANGS PRIDE","A Taut Character Study of a Woman And a A Shark who must Confront a Frisbee in Berlin",Animation,27
HOFFMAN,KENNETH,"MASSAGE IMAGE","A Fateful Drama of a Frisbee And a Crocodile who must Vanquish a Dog in The First Manned Space Station",Animation,12
HOFFMAN,KENNETH,"LABYRINTH LEAGUE","A Awe-Inspiring Saga of a Composer And a Frisbee who must Succumb a Pioneer in The Sahara Desert",Children,15
HOFFMAN,KENNETH,"PREJUDICE OLEANDER","A Epic Saga of a Boy And a Dentist who must Outrace a Madman in A U-Boat",Classics,20
HOFFMAN,KENNETH,"SNATCHERS MONTEZUMA","A Boring Epistle of a Sumo Wrestler And a Woman who must Escape a Man in The Canadian Rockies",Classics,9
HOFFMAN,KENNETH,"WRATH MILE","A Intrepid Reflection of a Technical Writer And a Hunter who must Defeat a Sumo Wrestler in A Monastery",Documentary,14
HOFFMAN,KENNETH,"DOZEN LION","A Taut Drama of a Cat And a Girl who must Defeat a Frisbee in The Canadian Rockies",Documentary,7
HOFFMAN,KENNETH,"METAL ARMAGEDDON","A Thrilling Display of a Lumberjack And a Crocodile who must Meet a Monkey in A Baloon Factory",Documentary,25
HOFFMAN,KENNETH,"TORQUE BOUND","A Emotional Display of a Crocodile And a Husband who must Reach a Man in Ancient Japan",Drama,27
HOFFMAN,KENNETH,"ODDS BOOGIE","A Thrilling Yarn of a Feminist And a Madman who must Battle a Hunter in Berlin",Family,15
HOFFMAN,KENNETH,"RESURRECTION SILVERADO","A Epic Yarn of a Robot And a Explorer who must Challenge a Girl in A MySQL Convention",Family,21
HOFFMAN,KENNETH,"SECRETS PARADISE","A Fateful Saga of a Cat And a Frisbee who must Kill a Girl in A Manhattan Penthouse",Family,20
HOFFMAN,KENNETH,"AGENT TRUMAN","A Intrepid Panorama of a Robot And a Boy who must Escape a Sumo Wrestler in Ancient China",Foreign,21
HOFFMAN,KENNETH,"DOUBTFIRE LABYRINTH","A Intrepid Panorama of a Butler And a Composer who must Meet a Mad Cow in The Sahara Desert",Foreign,10
HOFFMAN,KENNETH,"FAMILY SWEET","A Epic Documentary of a Teacher And a Boy who must Escape a Woman in Berlin",Horror,29
HOFFMAN,KENNETH,"ZHIVAGO CORE","A Fateful Yarn of a Composer And a Man who must Face a Boy in The Canadian Rockies",Horror,9
HOFFMAN,KENNETH,"PERSONAL LADYBUGS","A Epic Saga of a Hunter And a Technical Writer who must Conquer a Cat in Ancient Japan",Music,14
HOFFMAN,KENNETH,"HANOVER GALAXY","A Stunning Reflection of a Girl And a Secret Agent who must Succumb a Boy in A MySQL Convention",Music,17
HOFFMAN,KENNETH,"STOCK GLASS","A Boring Epistle of a Crocodile And a Lumberjack who must Outgun a Moose in Ancient China",New,14
HOFFMAN,KENNETH,"BRANNIGAN SUNRISE","A Amazing Epistle of a Moose And a Crocodile who must Outrace a Dog in Berlin",New,12
HOFFMAN,KENNETH,"EVE RESURRECTION","A Awe-Inspiring Yarn of a Pastry Chef And a Database Administrator who must Challenge a Teacher in A Baloon",New,7
HOFFMAN,KENNETH,"GRACELAND DYNAMITE","A Taut Display of a Cat And a Girl who must Overcome a Database Administrator in New Orleans",Sports,6
HOFFMAN,KENNETH,"TOMATOES HELLFIGHTERS","A Thoughtful Epistle of a Madman And a Astronaut who must Overcome a Monkey in A Shark Tank",Travel,14
HOFFMAN,KENNETH,"HORROR REIGN","A Touching Documentary of a A Shark And a Car who must Build a Husband in Nigeria",Travel,27
HOFFMAN,MAE,"DANCES NONE","A Insightful Reflection of a A Shark And a Dog who must Kill a Butler in An Abandoned Amusement Park",Action,14
HOFFMAN,MAE,"TURN STAR","A Stunning Tale of a Man And a Monkey who must Chase a Student in New Orleans",Animation,14
HOFFMAN,MAE,"HOOK CHARIOTS","A Insightful Story of a Boy And a Dog who must Redeem a Boy in Australia",Animation,13
HOFFMAN,MAE,"STRANGER STRANGERS","A Awe-Inspiring Yarn of a Womanizer And a Explorer who must Fight a Woman in The First Manned Space Station",Children,11
HOFFMAN,MAE,"DOOM DANCING","A Astounding Panorama of a Car And a Mad Scientist who must Battle a Lumberjack in A MySQL Convention",Comedy,21
HOFFMAN,MAE,"ARMY FLINTSTONES","A Boring Saga of a Database Administrator And a Womanizer who must Battle a Waitress in Nigeria",Documentary,16
HOFFMAN,MAE,"SHIP WONDERLAND","A Thrilling Saga of a Monkey And a Frisbee who must Escape a Explorer in The Outback",Documentary,15
HOFFMAN,MAE,"SECRET GROUNDHOG","A Astounding Story of a Cat And a Database Administrator who must Build a Technical Writer in New Orleans",Documentary,21
HOFFMAN,MAE,"DIARY PANIC","A Thoughtful Character Study of a Frisbee And a Mad Cow who must Outgun a Man in Ancient India",Drama,9
HOFFMAN,MAE,"JACKET FRISCO","A Insightful Reflection of a Womanizer And a Husband who must Conquer a Pastry Chef in A Baloon",Drama,18
HOFFMAN,MAE,"DUMBO LUST","A Touching Display of a Feminist And a Dentist who must Conquer a Husband in The Gulf of Mexico",Family,6
HOFFMAN,MAE,"EARRING INSTINCT","A Stunning Character Study of a Dentist And a Mad Cow who must Find a Teacher in Nigeria",Family,19
HOFFMAN,MAE,"ODDS BOOGIE","A Thrilling Yarn of a Feminist And a Madman who must Battle a Hunter in Berlin",Family,15
HOFFMAN,MAE,"HOMICIDE PEACH","A Astounding Documentary of a Hunter And a Boy who must Confront a Boy in A MySQL Convention",Family,22
HOFFMAN,MAE,"RUSH GOODFELLAS","A Emotional Display of a Man And a Dentist who must Challenge a Squirrel in Australia",Family,31
HOFFMAN,MAE,"RESURRECTION SILVERADO","A Epic Yarn of a Robot And a Explorer who must Challenge a Girl in A MySQL Convention",Family,21
HOFFMAN,MAE,"SCHOOL JACKET","A Intrepid Yarn of a Monkey And a Boy who must Fight a Composer in A Manhattan Penthouse",Foreign,6
HOFFMAN,MAE,"CHICAGO NORTH","A Fateful Yarn of a Mad Cow And a Waitress who must Battle a Student in California",Games,16
HOFFMAN,MAE,"STAMPEDE DISTURBING","A Unbelieveable Tale of a Woman And a Lumberjack who must Fight a Frisbee in A U-Boat",Games,14
HOFFMAN,MAE,"OUTBREAK DIVINE","A Unbelieveable Yarn of a Database Administrator And a Woman who must Succumb a A Shark in A U-Boat",Games,23
HOFFMAN,MAE,"APOCALYPSE FLAMINGOS","A Astounding Story of a Dog And a Squirrel who must Defeat a Woman in An Abandoned Amusement Park",New,6
HOFFMAN,MAE,"RUN PACIFIC","A Touching Tale of a Cat And a Pastry Chef who must Conquer a Pastry Chef in A MySQL Convention",New,10
HOFFMAN,MAE,"EAGLES PANKY","A Thoughtful Story of a Car And a Boy who must Find a A Shark in The Sahara Desert",New,22
HOFFMAN,MAE,"GOLDMINE TYCOON","A Brilliant Epistle of a Composer And a Frisbee who must Conquer a Husband in The Outback",Sci-Fi,27
HOFFMAN,MAE,"NORTHWEST POLISH","A Boring Character Study of a Boy And a A Shark who must Outrace a Womanizer in The Outback",Sports,20
HOFFMAN,MAE,"FACTORY DRAGON","A Action-Packed Saga of a Teacher And a Frisbee who must Escape a Lumberjack in The Sahara Desert",Travel,17
HOFFMAN,WOODY,"ENTRAPMENT SATISFACTION","A Thoughtful Panorama of a Hunter And a Teacher who must Reach a Mad Cow in A U-Boat",Action,15
HOFFMAN,WOODY,"SHRUNK DIVINE","A Fateful Character Study of a Waitress And a Technical Writer who must Battle a Hunter in A Baloon",Action,14
HOFFMAN,WOODY,"MIDNIGHT WESTWARD","A Taut Reflection of a Husband And a A Shark who must Redeem a Pastry Chef in A Monastery",Action,17
HOFFMAN,WOODY,"WAIT CIDER","A Intrepid Epistle of a Woman And a Forensic Psychologist who must Succumb a Astronaut in A Manhattan Penthouse",Animation,21
HOFFMAN,WOODY,"SNOWMAN ROLLERCOASTER","A Fateful Display of a Lumberjack And a Girl who must Succumb a Mad Cow in A Manhattan Penthouse",Animation,23
HOFFMAN,WOODY,"ROOM ROMAN","A Awe-Inspiring Panorama of a Composer And a Secret Agent who must Sink a Composer in A Shark Tank",Animation,20
HOFFMAN,WOODY,"DUCK RACER","A Lacklusture Yarn of a Teacher And a Squirrel who must Overcome a Dog in A Shark Tank",Animation,6
HOFFMAN,WOODY,"PAJAMA JAWBREAKER","A Emotional Drama of a Boy And a Technical Writer who must Redeem a Sumo Wrestler in California",Classics,14
HOFFMAN,WOODY,"GILMORE BOILED","A Unbelieveable Documentary of a Boat And a Husband who must Succumb a Student in A U-Boat",Classics,28
HOFFMAN,WOODY,"KNOCK WARLOCK","A Unbelieveable Story of a Teacher And a Boat who must Confront a Moose in A Baloon",Comedy,24
HOFFMAN,WOODY,"BEACH HEARTBREAKERS","A Fateful Display of a Womanizer And a Mad Scientist who must Outgun a A Shark in Soviet Georgia",Documentary,17
HOFFMAN,WOODY,"WIFE TURN","A Awe-Inspiring Epistle of a Teacher And a Feminist who must Confront a Pioneer in Ancient Japan",Documentary,31
HOFFMAN,WOODY,"SPICE SORORITY","A Fateful Display of a Pioneer And a Hunter who must Defeat a Husband in An Abandoned Mine Shaft",Drama,20
HOFFMAN,WOODY,"BUNCH MINDS","A Emotional Story of a Feminist And a Feminist who must Escape a Pastry Chef in A MySQL Convention",Drama,5
HOFFMAN,WOODY,"SHOOTIST SUPERFLY","A Fast-Paced Story of a Crocodile And a A Shark who must Sink a Pioneer in Berlin",Drama,24
HOFFMAN,WOODY,"ATLANTIS CAUSE","A Thrilling Yarn of a Feminist And a Hunter who must Fight a Technical Writer in A Shark Tank",Family,24
HOFFMAN,WOODY,"PILOT HOOSIERS","A Awe-Inspiring Reflection of a Crocodile And a Sumo Wrestler who must Meet a Forensic Psychologist in An Abandoned Mine Shaft",Family,16
HOFFMAN,WOODY,"TRAP GUYS","A Unbelieveable Story of a Boy And a Mad Cow who must Challenge a Database Administrator in The Sahara Desert",Foreign,16
HOFFMAN,WOODY,"SPY MILE","A Thrilling Documentary of a Feminist And a Feminist who must Confront a Feminist in A Baloon",Games,27
HOFFMAN,WOODY,"MOONWALKER FOOL","A Epic Drama of a Feminist And a Pioneer who must Sink a Composer in New Orleans",Games,13
HOFFMAN,WOODY,"LAMBS CINCINATTI","A Insightful Story of a Man And a Feminist who must Fight a Composer in Australia",Games,10
HOFFMAN,WOODY,"BIRCH ANTITRUST","A Fanciful Panorama of a Husband And a Pioneer who must Outgun a Dog in A Baloon",Music,11
HOFFMAN,WOODY,"TELEGRAPH VOYAGE","A Fateful Yarn of a Husband And a Dog who must Battle a Waitress in A Jet Boat",Music,27
HOFFMAN,WOODY,"BREAKING HOME","A Beautiful Display of a Secret Agent And a Monkey who must Battle a Sumo Wrestler in An Abandoned Mine Shaft",New,13
HOFFMAN,WOODY,"WYOMING STORM","A Awe-Inspiring Panorama of a Robot And a Boat who must Overcome a Feminist in A U-Boat",New,13
HOFFMAN,WOODY,"MAIDEN HOME","A Lacklusture Saga of a Moose And a Teacher who must Kill a Forensic Psychologist in A MySQL Convention",New,24
HOFFMAN,WOODY,"NONE SPIKING","A Boring Reflection of a Secret Agent And a Astronaut who must Face a Composer in A Manhattan Penthouse",Sci-Fi,27
HOFFMAN,WOODY,"DURHAM PANKY","A Brilliant Panorama of a Girl And a Boy who must Face a Mad Scientist in An Abandoned Mine Shaft",Sports,26
HOFFMAN,WOODY,"NEIGHBORS CHARADE","A Fanciful Reflection of a Crocodile And a Astronaut who must Outrace a Feminist in An Abandoned Amusement Park",Sports,19
HOFFMAN,WOODY,"LOSER HUSTLER","A Stunning Drama of a Robot And a Feminist who must Outgun a Butler in Nigeria",Sports,15
HOPE,HARVEY,"UPRISING UPTOWN","A Fanciful Reflection of a Boy And a Butler who must Pursue a Woman in Berlin",Action,16
HOPE,HARVEY,"SPEAKEASY DATE","A Lacklusture Drama of a Forensic Psychologist And a Car who must Redeem a Man in A Manhattan Penthouse",Action,12
HOPE,HARVEY,"STORY SIDE","A Lacklusture Saga of a Boy And a Cat who must Sink a Dentist in An Abandoned Mine Shaft",Action,28
HOPE,HARVEY,"OSCAR GOLD","A Insightful Tale of a Database Administrator And a Dog who must Face a Madman in Soviet Georgia",Animation,25
HOPE,HARVEY,"BORROWERS BEDAZZLED","A Brilliant Epistle of a Teacher And a Sumo Wrestler who must Defeat a Man in An Abandoned Fun House",Animation,22
HOPE,HARVEY,"TELEMARK HEARTBREAKERS","A Action-Packed Panorama of a Technical Writer And a Man who must Build a Forensic Psychologist in A Manhattan Penthouse",Animation,25
HOPE,HARVEY,"MODEL FISH","A Beautiful Panorama of a Boat And a Crocodile who must Outrace a Dog in Australia",Children,15
HOPE,HARVEY,"HOLY TADPOLE","A Action-Packed Display of a Feminist And a Pioneer who must Pursue a Dog in A Baloon Factory",Classics,9
HOPE,HARVEY,"IRON MOON","A Fast-Paced Documentary of a Mad Cow And a Boy who must Pursue a Dentist in A Baloon",Classics,11
HOPE,HARVEY,"DOWNHILL ENOUGH","A Emotional Tale of a Pastry Chef And a Forensic Psychologist who must Succumb a Monkey in The Sahara Desert",Comedy,25
HOPE,HARVEY,"CRAZY HOME","A Fanciful Panorama of a Boy And a Woman who must Vanquish a Database Administrator in The Outback",Comedy,9
HOPE,HARVEY,"BEACH HEARTBREAKERS","A Fateful Display of a Womanizer And a Mad Scientist who must Outgun a A Shark in Soviet Georgia",Documentary,17
HOPE,HARVEY,"HAROLD FRENCH","A Stunning Saga of a Sumo Wrestler And a Student who must Outrace a Moose in The Sahara Desert",Drama,8
HOPE,HARVEY,"EARRING INSTINCT","A Stunning Character Study of a Dentist And a Mad Cow who must Find a Teacher in Nigeria",Family,19
HOPE,HARVEY,"ATLANTIS CAUSE","A Thrilling Yarn of a Feminist And a Hunter who must Fight a Technical Writer in A Shark Tank",Family,24
HOPE,HARVEY,"HELLFIGHTERS SIERRA","A Taut Reflection of a A Shark And a Dentist who must Battle a Boat in Soviet Georgia",Foreign,20
HOPE,HARVEY,"GENTLEMEN STAGE","A Awe-Inspiring Reflection of a Monkey And a Student who must Overcome a Dentist in The First Manned Space Station",Foreign,23
HOPE,HARVEY,"ENCINO ELF","A Astounding Drama of a Feminist And a Teacher who must Confront a Husband in A Baloon",Games,19
HOPE,HARVEY,"SLEUTH ORIENT","A Fateful Character Study of a Husband And a Dog who must Find a Feminist in Ancient India",Games,21
HOPE,HARVEY,"PIZZA JUMANJI","A Epic Saga of a Cat And a Squirrel who must Outgun a Robot in A U-Boat",Games,7
HOPE,HARVEY,"PANIC CLUB","A Fanciful Display of a Teacher And a Crocodile who must Succumb a Girl in A Baloon",Horror,7
HOPE,HARVEY,"RULES HUMAN","A Beautiful Epistle of a Astronaut And a Student who must Confront a Monkey in An Abandoned Fun House",Horror,16
HOPE,HARVEY,"UNCUT SUICIDES","A Intrepid Yarn of a Explorer And a Pastry Chef who must Pursue a Mad Cow in A U-Boat",Music,14
HOPE,HARVEY,"UNBREAKABLE KARATE","A Amazing Character Study of a Robot And a Student who must Chase a Robot in Australia",New,21
HOPE,HARVEY,"FRONTIER CABIN","A Emotional Story of a Madman And a Waitress who must Battle a Teacher in An Abandoned Fun House",New,6
HOPE,HARVEY,"BOULEVARD MOB","A Fateful Epistle of a Moose And a Monkey who must Confront a Lumberjack in Ancient China",New,18
HOPE,HARVEY,"PANTHER REDS","A Brilliant Panorama of a Moose And a Man who must Reach a Teacher in The Gulf of Mexico",Sci-Fi,15
HOPE,HARVEY,"RANDOM GO","A Fateful Drama of a Frisbee And a Student who must Confront a Cat in A Shark Tank",Sci-Fi,9
HOPE,HARVEY,"UNFORGIVEN ZOOLANDER","A Taut Epistle of a Monkey And a Sumo Wrestler who must Vanquish a A Shark in A Baloon Factory",Sci-Fi,18
HOPE,HARVEY,"CARIBBEAN LIBERTY","A Fanciful Tale of a Pioneer And a Technical Writer who must Outgun a Pioneer in A Shark Tank",Sports,9
HOPE,HARVEY,"LOCK REAR","A Thoughtful Character Study of a Squirrel And a Technical Writer who must Outrace a Student in Ancient Japan",Travel,16
HOPKINS,GENE,"UPRISING UPTOWN","A Fanciful Reflection of a Boy And a Butler who must Pursue a Woman in Berlin",Action,16
HOPKINS,GENE,"TRUMAN CRAZY","A Thrilling Epistle of a Moose And a Boy who must Meet a Database Administrator in A Monastery",Action,23
HOPKINS,GENE,"DRAGON SQUAD","A Taut Reflection of a Boy And a Waitress who must Outgun a Teacher in Ancient China",Action,11
HOPKINS,GENE,"DOORS PRESIDENT","A Awe-Inspiring Display of a Squirrel And a Woman who must Overcome a Boy in The Gulf of Mexico",Animation,19
HOPKINS,GENE,"POND SEATTLE","A Stunning Drama of a Teacher And a Boat who must Battle a Feminist in Ancient China",Animation,19
HOPKINS,GENE,"MODEL FISH","A Beautiful Panorama of a Boat And a Crocodile who must Outrace a Dog in Australia",Children,15
HOPKINS,GENE,"TOOTSIE PILOT","A Awe-Inspiring Documentary of a Womanizer And a Pastry Chef who must Kill a Lumberjack in Berlin",Children,15
HOPKINS,GENE,"FROST HEAD","A Amazing Reflection of a Lumberjack And a Cat who must Discover a Husband in A MySQL Convention",Classics,30
HOPKINS,GENE,"HEDWIG ALTER","A Action-Packed Yarn of a Womanizer And a Lumberjack who must Chase a Sumo Wrestler in A Monastery",Comedy,12
HOPKINS,GENE,"DEEP CRUSADE","A Amazing Tale of a Crocodile And a Squirrel who must Discover a Composer in Australia",Documentary,14
HOPKINS,GENE,"TORQUE BOUND","A Emotional Display of a Crocodile And a Husband who must Reach a Man in Ancient Japan",Drama,27
HOPKINS,GENE,"PITY BOUND","A Boring Panorama of a Feminist And a Moose who must Defeat a Database Administrator in Nigeria",Drama,26
HOPKINS,GENE,"CHISUM BEHAVIOR","A Epic Documentary of a Sumo Wrestler And a Butler who must Kill a Car in Ancient India",Family,13
HOPKINS,GENE,"NIGHTMARE CHILL","A Brilliant Display of a Robot And a Butler who must Fight a Waitress in An Abandoned Mine Shaft",Games,25
HOPKINS,GENE,"SUIT WALLS","A Touching Panorama of a Lumberjack And a Frisbee who must Build a Dog in Australia",Games,21
HOPKINS,GENE,"CLUE GRAIL","A Taut Tale of a Butler And a Mad Scientist who must Build a Crocodile in Ancient China",Music,7
HOPKINS,GENE,"ELF MURDER","A Action-Packed Story of a Frisbee And a Woman who must Reach a Girl in An Abandoned Mine Shaft",Music,7
HOPKINS,GENE,"VANISHING ROCKY","A Brilliant Reflection of a Man And a Woman who must Conquer a Pioneer in A MySQL Convention",Music,18
HOPKINS,GENE,"MANNEQUIN WORST","A Astounding Saga of a Mad Cow And a Pastry Chef who must Discover a Husband in Ancient India",New,5
HOPKINS,GENE,"CHAINSAW UPTOWN","A Beautiful Documentary of a Boy And a Robot who must Discover a Squirrel in Australia",Sci-Fi,21
HOPKINS,GENE,"PANTHER REDS","A Brilliant Panorama of a Moose And a Man who must Reach a Teacher in The Gulf of Mexico",Sci-Fi,15
HOPKINS,MORGAN,"RUGRATS SHAKESPEARE","A Touching Saga of a Crocodile And a Crocodile who must Discover a Technical Writer in Nigeria",Action,30
HOPKINS,MORGAN,"EXCITEMENT EVE","A Brilliant Documentary of a Monkey And a Car who must Conquer a Crocodile in A Shark Tank",Action,21
HOPKINS,MORGAN,"STAGECOACH ARMAGEDDON","A Touching Display of a Pioneer And a Butler who must Chase a Car in California",Action,26
HOPKINS,MORGAN,"RINGS HEARTBREAKERS","A Amazing Yarn of a Sumo Wrestler And a Boat who must Conquer a Waitress in New Orleans",Action,15
HOPKINS,MORGAN,"DRACULA CRYSTAL","A Thrilling Reflection of a Feminist And a Cat who must Find a Frisbee in An Abandoned Fun House",Classics,21
HOPKINS,MORGAN,"CANDIDATE PERDITION","A Brilliant Epistle of a Composer And a Database Administrator who must Vanquish a Mad Scientist in The First Manned Space Station",Classics,18
HOPKINS,MORGAN,"LOATHING LEGALLY","A Boring Epistle of a Pioneer And a Mad Scientist who must Escape a Frisbee in The Gulf of Mexico",Classics,27
HOPKINS,MORGAN,"PINOCCHIO SIMON","A Action-Packed Reflection of a Mad Scientist And a A Shark who must Find a Feminist in California",Comedy,20
HOPKINS,MORGAN,"WEST LION","A Intrepid Drama of a Butler And a Lumberjack who must Challenge a Database Administrator in A Manhattan Penthouse",Drama,16
HOPKINS,MORGAN,"HARRY IDAHO","A Taut Yarn of a Technical Writer And a Feminist who must Outrace a Dog in California",Drama,30
HOPKINS,MORGAN,"DECEIVER BETRAYED","A Taut Story of a Moose And a Squirrel who must Build a Husband in Ancient India",Drama,21
HOPKINS,MORGAN,"PRIX UNDEFEATED","A Stunning Saga of a Mad Scientist And a Boat who must Overcome a Dentist in Ancient China",Family,11
HOPKINS,MORGAN,"RESERVOIR ADAPTATION","A Intrepid Drama of a Teacher And a Moose who must Kill a Car in California",Foreign,10
HOPKINS,MORGAN,"GENTLEMEN STAGE","A Awe-Inspiring Reflection of a Monkey And a Student who must Overcome a Dentist in The First Manned Space Station",Foreign,23
HOPKINS,MORGAN,"PET HAUNTING","A Unbelieveable Reflection of a Explorer And a Boat who must Conquer a Woman in California",Foreign,8
HOPKINS,MORGAN,"DRUMS DYNAMITE","A Epic Display of a Crocodile And a Crocodile who must Confront a Dog in An Abandoned Amusement Park",Horror,13
HOPKINS,MORGAN,"ARACHNOPHOBIA ROLLERCOASTER","A Action-Packed Reflection of a Pastry Chef And a Composer who must Discover a Mad Scientist in The First Manned Space Station",Horror,24
HOPKINS,MORGAN,"UNCUT SUICIDES","A Intrepid Yarn of a Explorer And a Pastry Chef who must Pursue a Mad Cow in A U-Boat",Music,14
HOPKINS,MORGAN,"REIGN GENTLEMEN","A Emotional Yarn of a Composer And a Man who must Escape a Butler in The Gulf of Mexico",Sci-Fi,20
HOPKINS,MORGAN,"TIGHTS DAWN","A Thrilling Epistle of a Boat And a Secret Agent who must Face a Boy in A Baloon",Sports,26
HOPKINS,MORGAN,"FLATLINERS KILLER","A Taut Display of a Secret Agent And a Waitress who must Sink a Robot in An Abandoned Mine Shaft",Sports,22
HOPKINS,MORGAN,"RECORDS ZORRO","A Amazing Drama of a Mad Scientist And a Composer who must Build a Husband in The Outback",Sports,8
HOPKINS,MORGAN,"CONTACT ANONYMOUS","A Insightful Display of a A Shark And a Monkey who must Face a Database Administrator in Ancient India",Travel,26
HOPKINS,MORGAN,"PAPI NECKLACE","A Fanciful Display of a Car And a Monkey who must Escape a Squirrel in Ancient Japan",Travel,8
HOPKINS,MORGAN,"WOLVES DESIRE","A Fast-Paced Drama of a Squirrel And a Robot who must Succumb a Technical Writer in A Manhattan Penthouse",Travel,21
HOPKINS,MORGAN,"BOILED DARES","A Awe-Inspiring Story of a Waitress And a Dog who must Discover a Dentist in Ancient Japan",Travel,15
HOPKINS,NATALIE,"REAR TRADING","A Awe-Inspiring Reflection of a Forensic Psychologist And a Secret Agent who must Succumb a Pastry Chef in Soviet Georgia",Action,17
HOPKINS,NATALIE,"FANTASY TROOPERS","A Touching Saga of a Teacher And a Monkey who must Overcome a Secret Agent in A MySQL Convention",Action,26
HOPKINS,NATALIE,"HILLS NEIGHBORS","A Epic Display of a Hunter And a Feminist who must Sink a Car in A U-Boat",Action,25
HOPKINS,NATALIE,"FOOL MOCKINGBIRD","A Lacklusture Tale of a Crocodile And a Composer who must Defeat a Madman in A U-Boat",Action,23
HOPKINS,NATALIE,"CADDYSHACK JEDI","A Awe-Inspiring Epistle of a Woman And a Madman who must Fight a Robot in Soviet Georgia",Action,16
HOPKINS,NATALIE,"RINGS HEARTBREAKERS","A Amazing Yarn of a Sumo Wrestler And a Boat who must Conquer a Waitress in New Orleans",Action,15
HOPKINS,NATALIE,"DOORS PRESIDENT","A Awe-Inspiring Display of a Squirrel And a Woman who must Overcome a Boy in The Gulf of Mexico",Animation,19
HOPKINS,NATALIE,"TWISTED PIRATES","A Touching Display of a Frisbee And a Boat who must Kill a Girl in A MySQL Convention",Children,11
HOPKINS,NATALIE,"CONNECTION MICROCOSMOS","A Fateful Documentary of a Crocodile And a Husband who must Face a Husband in The First Manned Space Station",Comedy,7
HOPKINS,NATALIE,"PERFECT GROOVE","A Thrilling Yarn of a Dog And a Dog who must Build a Husband in A Baloon",Comedy,17
HOPKINS,NATALIE,"EGG IGBY","A Beautiful Documentary of a Boat And a Sumo Wrestler who must Succumb a Database Administrator in The First Manned Space Station",Documentary,21
HOPKINS,NATALIE,"MAJESTIC FLOATS","A Thrilling Character Study of a Moose And a Student who must Escape a Butler in The First Manned Space Station",Documentary,17
HOPKINS,NATALIE,"DOZEN LION","A Taut Drama of a Cat And a Girl who must Defeat a Frisbee in The Canadian Rockies",Documentary,7
HOPKINS,NATALIE,"KWAI HOMEWARD","A Amazing Drama of a Car And a Squirrel who must Pursue a Car in Soviet Georgia",Drama,23
HOPKINS,NATALIE,"TORQUE BOUND","A Emotional Display of a Crocodile And a Husband who must Reach a Man in Ancient Japan",Drama,27
HOPKINS,NATALIE,"HAROLD FRENCH","A Stunning Saga of a Sumo Wrestler And a Student who must Outrace a Moose in The Sahara Desert",Drama,8
HOPKINS,NATALIE,"JASON TRAP","A Thoughtful Tale of a Woman And a A Shark who must Conquer a Dog in A Monastery",Family,24
HOPKINS,NATALIE,"SPINAL ROCKY","A Lacklusture Epistle of a Sumo Wrestler And a Squirrel who must Defeat a Explorer in California",Family,13
HOPKINS,NATALIE,"HOUSE DYNAMITE","A Taut Story of a Pioneer And a Squirrel who must Battle a Student in Soviet Georgia",Family,23
HOPKINS,NATALIE,"SIEGE MADRE","A Boring Tale of a Frisbee And a Crocodile who must Vanquish a Moose in An Abandoned Mine Shaft",Family,15
HOPKINS,NATALIE,"NETWORK PEAK","A Unbelieveable Reflection of a Butler And a Boat who must Outgun a Mad Scientist in California",Family,31
HOPKINS,NATALIE,"WAR NOTTING","A Boring Drama of a Teacher And a Sumo Wrestler who must Challenge a Secret Agent in The Canadian Rockies",Foreign,12
HOPKINS,NATALIE,"MONSOON CAUSE","A Astounding Tale of a Crocodile And a Car who must Outrace a Squirrel in A U-Boat",Games,9
HOPKINS,NATALIE,"STAMPEDE DISTURBING","A Unbelieveable Tale of a Woman And a Lumberjack who must Fight a Frisbee in A U-Boat",Games,14
HOPKINS,NATALIE,"FEATHERS METAL","A Thoughtful Yarn of a Monkey And a Teacher who must Find a Dog in Australia",Games,11
HOPKINS,NATALIE,"NUTS TIES","A Thoughtful Drama of a Explorer And a Womanizer who must Meet a Teacher in California",New,9
HOPKINS,NATALIE,"LICENSE WEEKEND","A Insightful Story of a Man And a Husband who must Overcome a Madman in A Monastery",Sci-Fi,7
HOPKINS,NATALIE,"UNFORGIVEN ZOOLANDER","A Taut Epistle of a Monkey And a Sumo Wrestler who must Vanquish a A Shark in A Baloon Factory",Sci-Fi,18
HOPKINS,NATALIE,"HOLES BRANNIGAN","A Fast-Paced Reflection of a Technical Writer And a Student who must Fight a Boy in The Canadian Rockies",Sports,15
HOPKINS,NATALIE,"GRACELAND DYNAMITE","A Taut Display of a Cat And a Girl who must Overcome a Database Administrator in New Orleans",Sports,6
HOPKINS,NATALIE,"OTHERS SOUP","A Lacklusture Documentary of a Mad Cow And a Madman who must Sink a Moose in The Gulf of Mexico",Travel,23
HOPKINS,NATALIE,"ESCAPE METROPOLIS","A Taut Yarn of a Astronaut And a Technical Writer who must Outgun a Boat in New Orleans",Travel,25
HOPPER,ADAM,"CLUELESS BUCKET","A Taut Tale of a Car And a Pioneer who must Conquer a Sumo Wrestler in An Abandoned Fun House",Action,25
HOPPER,ADAM,"MOCKINGBIRD HOLLYWOOD","A Thoughtful Panorama of a Man And a Car who must Sink a Composer in Berlin",Action,24
HOPPER,ADAM,"NOON PAPI","A Unbelieveable Character Study of a Mad Scientist And a Astronaut who must Find a Pioneer in A Manhattan Penthouse",Children,17
HOPPER,ADAM,"TOWERS HURRICANE","A Fateful Display of a Monkey And a Car who must Sink a Husband in A MySQL Convention",Classics,11
HOPPER,ADAM,"HEAVEN FREEDOM","A Intrepid Story of a Butler And a Car who must Vanquish a Man in New Orleans",Comedy,18
HOPPER,ADAM,"SADDLE ANTITRUST","A Stunning Epistle of a Feminist And a A Shark who must Battle a Woman in An Abandoned Fun House",Comedy,14
HOPPER,ADAM,"CLERKS ANGELS","A Thrilling Display of a Sumo Wrestler And a Girl who must Confront a Man in A Baloon",Documentary,7
HOPPER,ADAM,"PRINCESS GIANT","A Thrilling Yarn of a Pastry Chef And a Monkey who must Battle a Monkey in A Shark Tank",Documentary,27
HOPPER,ADAM,"TORQUE BOUND","A Emotional Display of a Crocodile And a Husband who must Reach a Man in Ancient Japan",Drama,27
HOPPER,ADAM,"BLOOD ARGONAUTS","A Boring Drama of a Explorer And a Man who must Kill a Lumberjack in A Manhattan Penthouse",Family,10
HOPPER,ADAM,"GREASE YOUTH","A Emotional Panorama of a Secret Agent And a Waitress who must Escape a Composer in Soviet Georgia",Family,21
HOPPER,ADAM,"GABLES METROPOLIS","A Fateful Display of a Cat And a Pioneer who must Challenge a Pastry Chef in A Baloon Factory",Family,19
HOPPER,ADAM,"FICTION CHRISTMAS","A Emotional Yarn of a A Shark And a Student who must Battle a Robot in An Abandoned Mine Shaft",Foreign,19
HOPPER,ADAM,"TRAIN BUNCH","A Thrilling Character Study of a Robot And a Squirrel who must Face a Dog in Ancient India",Horror,4
HOPPER,ADAM,"CHAMBER ITALIAN","A Fateful Reflection of a Moose And a Husband who must Overcome a Monkey in Nigeria",Music,13
HOPPER,ADAM,"WORDS HUNTER","A Action-Packed Reflection of a Composer And a Mad Scientist who must Face a Pioneer in A MySQL Convention",Music,16
HOPPER,ADAM,"MASKED BUBBLE","A Fanciful Documentary of a Pioneer And a Boat who must Pursue a Pioneer in An Abandoned Mine Shaft",Music,20
HOPPER,ADAM,"LOVERBOY ATTACKS","A Boring Story of a Car And a Butler who must Build a Girl in Soviet Georgia",New,12
HOPPER,ADAM,"SLEEPY JAPANESE","A Emotional Epistle of a Moose And a Composer who must Fight a Technical Writer in The Outback",New,21
HOPPER,ADAM,"VACATION BOONDOCK","A Fanciful Character Study of a Secret Agent And a Mad Scientist who must Reach a Teacher in Australia",Sci-Fi,21
HOPPER,ADAM,"OPEN AFRICAN","A Lacklusture Drama of a Secret Agent And a Explorer who must Discover a Car in A U-Boat",Sci-Fi,21
HOPPER,ADAM,"BLINDNESS GUN","A Touching Drama of a Robot And a Dentist who must Meet a Hunter in A Jet Boat",Sci-Fi,14
HOPPER,MENA,"DARN FORRESTER","A Fateful Story of a A Shark And a Explorer who must Succumb a Technical Writer in A Jet Boat",Action,18
HOPPER,MENA,"THEORY MERMAID","A Fateful Yarn of a Composer And a Monkey who must Vanquish a Womanizer in The First Manned Space Station",Animation,11
HOPPER,MENA,"WRONG BEHAVIOR","A Emotional Saga of a Crocodile And a Sumo Wrestler who must Discover a Mad Cow in New Orleans",Children,20
HOPPER,MENA,"CORE SUIT","A Unbelieveable Tale of a Car And a Explorer who must Confront a Boat in A Manhattan Penthouse",Classics,18
HOPPER,MENA,"CONSPIRACY SPIRIT","A Awe-Inspiring Story of a Student And a Frisbee who must Conquer a Crocodile in An Abandoned Mine Shaft",Classics,5
HOPPER,MENA,"GILMORE BOILED","A Unbelieveable Documentary of a Boat And a Husband who must Succumb a Student in A U-Boat",Classics,28
HOPPER,MENA,"LOVER TRUMAN","A Emotional Yarn of a Robot And a Boy who must Outgun a Technical Writer in A U-Boat",Classics,10
HOPPER,MENA,"AIRPLANE SIERRA","A Touching Saga of a Hunter And a Butler who must Discover a Butler in A Jet Boat",Comedy,15
HOPPER,MENA,"UNITED PILOT","A Fast-Paced Reflection of a Cat And a Mad Cow who must Fight a Car in The Sahara Desert",Documentary,17
HOPPER,MENA,"YOUNG LANGUAGE","A Unbelieveable Yarn of a Boat And a Database Administrator who must Meet a Boy in The First Manned Space Station",Documentary,7
HOPPER,MENA,"SAINTS BRIDE","A Fateful Tale of a Technical Writer And a Composer who must Pursue a Explorer in The Gulf of Mexico",Drama,8
HOPPER,MENA,"CHASING FIGHT","A Astounding Saga of a Technical Writer And a Butler who must Battle a Butler in A Shark Tank",Family,20
HOPPER,MENA,"PURPLE MOVIE","A Boring Display of a Pastry Chef And a Sumo Wrestler who must Discover a Frisbee in An Abandoned Amusement Park",Foreign,13
HOPPER,MENA,"ALIEN CENTER","A Brilliant Drama of a Cat And a Mad Scientist who must Battle a Feminist in A MySQL Convention",Foreign,22
HOPPER,MENA,"HIGHBALL POTTER","A Action-Packed Saga of a Husband And a Dog who must Redeem a Database Administrator in The Sahara Desert",Foreign,21
HOPPER,MENA,"LAMBS CINCINATTI","A Insightful Story of a Man And a Feminist who must Fight a Composer in Australia",Games,10
HOPPER,MENA,"TAXI KICK","A Amazing Epistle of a Girl And a Woman who must Outrace a Waitress in Soviet Georgia",Music,17
HOPPER,MENA,"FLATLINERS KILLER","A Taut Display of a Secret Agent And a Waitress who must Sink a Robot in An Abandoned Mine Shaft",Sports,22
HOPPER,MENA,"BUBBLE GROSSE","A Awe-Inspiring Panorama of a Crocodile And a Moose who must Confront a Girl in A Baloon",Sports,6
HOPPER,MENA,"SATURDAY LAMBS","A Thoughtful Reflection of a Mad Scientist And a Moose who must Kill a Husband in A Baloon",Sports,28
HOPPER,MENA,"ANONYMOUS HUMAN","A Amazing Reflection of a Database Administrator And a Astronaut who must Outrace a Database Administrator in A Shark Tank",Sports,13
HOPPER,MENA,"SUPERFLY TRIP","A Beautiful Saga of a Lumberjack And a Teacher who must Build a Technical Writer in An Abandoned Fun House",Travel,10
HOPPER,MENA,"FACTORY DRAGON","A Action-Packed Saga of a Teacher And a Frisbee who must Escape a Lumberjack in The Sahara Desert",Travel,17
HUDSON,ANGELA,"BRIDE INTRIGUE","A Epic Tale of a Robot And a Monkey who must Vanquish a Man in New Orleans",Action,19
HUDSON,ANGELA,"GOSFORD DONNIE","A Epic Panorama of a Mad Scientist And a Monkey who must Redeem a Secret Agent in Berlin",Action,8
HUDSON,ANGELA,"NASH CHOCOLAT","A Epic Reflection of a Monkey And a Mad Cow who must Kill a Forensic Psychologist in An Abandoned Mine Shaft",Animation,15
HUDSON,ANGELA,"LUKE MUMMY","A Taut Character Study of a Boy And a Robot who must Redeem a Mad Scientist in Ancient India",Animation,7
HUDSON,ANGELA,"JUMPING WRATH","A Touching Epistle of a Monkey And a Feminist who must Discover a Boat in Berlin",Children,24
HUDSON,ANGELA,"ROBBERS JOON","A Thoughtful Story of a Mad Scientist And a Waitress who must Confront a Forensic Psychologist in Soviet Georgia",Children,31
HUDSON,ANGELA,"STRANGELOVE DESIRE","A Awe-Inspiring Panorama of a Lumberjack And a Waitress who must Defeat a Crocodile in An Abandoned Amusement Park",Children,24
HUDSON,ANGELA,"ISLAND EXORCIST","A Fanciful Panorama of a Technical Writer And a Boy who must Find a Dentist in An Abandoned Fun House",Classics,26
HUDSON,ANGELA,"VOYAGE LEGALLY","A Epic Tale of a Squirrel And a Hunter who must Conquer a Boy in An Abandoned Mine Shaft",Classics,28
HUDSON,ANGELA,"PREJUDICE OLEANDER","A Epic Saga of a Boy And a Dentist who must Outrace a Madman in A U-Boat",Classics,20
HUDSON,ANGELA,"ELEMENT FREDDY","A Awe-Inspiring Reflection of a Waitress And a Squirrel who must Kill a Mad Cow in A Jet Boat",Comedy,10
HUDSON,ANGELA,"VELVET TERMINATOR","A Lacklusture Tale of a Pastry Chef And a Technical Writer who must Confront a Crocodile in An Abandoned Amusement Park",Comedy,26
HUDSON,ANGELA,"METAL ARMAGEDDON","A Thrilling Display of a Lumberjack And a Crocodile who must Meet a Monkey in A Baloon Factory",Documentary,25
HUDSON,ANGELA,"PITY BOUND","A Boring Panorama of a Feminist And a Moose who must Defeat a Database Administrator in Nigeria",Drama,26
HUDSON,ANGELA,"JASON TRAP","A Thoughtful Tale of a Woman And a A Shark who must Conquer a Dog in A Monastery",Family,24
HUDSON,ANGELA,"BULWORTH COMMANDMENTS","A Amazing Display of a Mad Cow And a Pioneer who must Redeem a Sumo Wrestler in The Outback",Games,7
HUDSON,ANGELA,"CANDLES GRAPES","A Fanciful Character Study of a Monkey And a Explorer who must Build a Astronaut in An Abandoned Fun House",Games,23
HUDSON,ANGELA,"MALTESE HOPE","A Fast-Paced Documentary of a Crocodile And a Sumo Wrestler who must Conquer a Explorer in California",Games,22
HUDSON,ANGELA,"AUTUMN CROW","A Beautiful Tale of a Dentist And a Mad Cow who must Battle a Moose in The Sahara Desert",Games,11
HUDSON,ANGELA,"JAPANESE RUN","A Awe-Inspiring Epistle of a Feminist And a Girl who must Sink a Girl in The Outback",Horror,6
HUDSON,ANGELA,"PARIS WEEKEND","A Intrepid Story of a Squirrel And a Crocodile who must Defeat a Monkey in The Outback",Horror,14
HUDSON,ANGELA,"WATERSHIP FRONTIER","A Emotional Yarn of a Boat And a Crocodile who must Meet a Moose in Soviet Georgia",Horror,6
HUDSON,ANGELA,"CLONES PINOCCHIO","A Amazing Drama of a Car And a Robot who must Pursue a Dentist in New Orleans",Music,19
HUDSON,ANGELA,"LEGEND JEDI","A Awe-Inspiring Epistle of a Pioneer And a Student who must Outgun a Crocodile in The Outback",Music,9
HUDSON,ANGELA,"HANOVER GALAXY","A Stunning Reflection of a Girl And a Secret Agent who must Succumb a Boy in A MySQL Convention",Music,17
HUDSON,ANGELA,"FATAL HAUNTED","A Beautiful Drama of a Student And a Secret Agent who must Confront a Dentist in Ancient Japan",New,28
HUDSON,ANGELA,"FRISCO FORREST","A Beautiful Documentary of a Woman And a Pioneer who must Pursue a Mad Scientist in A Shark Tank",Sci-Fi,9
HUDSON,ANGELA,"RANDOM GO","A Fateful Drama of a Frisbee And a Student who must Confront a Cat in A Shark Tank",Sci-Fi,9
HUDSON,ANGELA,"ARMAGEDDON LOST","A Fast-Paced Tale of a Boat And a Teacher who must Succumb a Composer in An Abandoned Mine Shaft",Sci-Fi,21
HUDSON,ANGELA,"MILE MULAN","A Lacklusture Epistle of a Cat And a Husband who must Confront a Boy in A MySQL Convention",Sports,13
HUDSON,ANGELA,"LESSON CLEOPATRA","A Emotional Display of a Man And a Explorer who must Build a Boy in A Manhattan Penthouse",Sports,7
HUDSON,ANGELA,"CASSIDY WYOMING","A Intrepid Drama of a Frisbee And a Hunter who must Kill a Secret Agent in New Orleans",Travel,6
HUDSON,ANGELA,"GAMES BOWFINGER","A Astounding Documentary of a Butler And a Explorer who must Challenge a Butler in A Monastery",Travel,14
HUDSON,ANGELA,"KICK SAVANNAH","A Emotional Drama of a Monkey And a Robot who must Defeat a Monkey in New Orleans",Travel,20
HUNT,CARMEN,"PATRIOT ROMAN","A Taut Saga of a Robot And a Database Administrator who must Challenge a Astronaut in California",Action,16
HUNT,CARMEN,"TRUMAN CRAZY","A Thrilling Epistle of a Moose And a Boy who must Meet a Database Administrator in A Monastery",Action,23
HUNT,CARMEN,"ZOOLANDER FICTION","A Fateful Reflection of a Waitress And a Boat who must Discover a Sumo Wrestler in Ancient China",Children,17
HUNT,CARMEN,"HOLOCAUST HIGHBALL","A Awe-Inspiring Yarn of a Composer And a Man who must Find a Robot in Soviet Georgia",Children,17
HUNT,CARMEN,"LEGALLY SECRETARY","A Astounding Tale of a A Shark And a Moose who must Meet a Womanizer in The Sahara Desert",Children,9
HUNT,CARMEN,"DRACULA CRYSTAL","A Thrilling Reflection of a Feminist And a Cat who must Find a Frisbee in An Abandoned Fun House",Classics,21
HUNT,CARMEN,"FROST HEAD","A Amazing Reflection of a Lumberjack And a Cat who must Discover a Husband in A MySQL Convention",Classics,30
HUNT,CARMEN,"VOYAGE LEGALLY","A Epic Tale of a Squirrel And a Hunter who must Conquer a Boy in An Abandoned Mine Shaft",Classics,28
HUNT,CARMEN,"GUNFIGHT MOON","A Epic Reflection of a Pastry Chef And a Explorer who must Reach a Dentist in The Sahara Desert",Comedy,24
HUNT,CARMEN,"HAWK CHILL","A Action-Packed Drama of a Mad Scientist And a Composer who must Outgun a Car in Australia",Documentary,7
HUNT,CARMEN,"SMOKING BARBARELLA","A Lacklusture Saga of a Mad Cow And a Mad Scientist who must Sink a Cat in A MySQL Convention",Documentary,18
HUNT,CARMEN,"MIXED DOORS","A Taut Drama of a Womanizer And a Lumberjack who must Succumb a Pioneer in Ancient India",Foreign,4
HUNT,CARMEN,"GRAPES FURY","A Boring Yarn of a Mad Cow And a Sumo Wrestler who must Meet a Robot in Australia",Foreign,22
HUNT,CARMEN,"POLLOCK DELIVERANCE","A Intrepid Story of a Madman And a Frisbee who must Outgun a Boat in The Sahara Desert",Foreign,18
HUNT,CARMEN,"MOONSHINE CABIN","A Thoughtful Display of a Astronaut And a Feminist who must Chase a Frisbee in A Jet Boat",Games,21
HUNT,CARMEN,"BOWFINGER GABLES","A Fast-Paced Yarn of a Waitress And a Composer who must Outgun a Dentist in California",Horror,11
HUNT,CARMEN,"AMELIE HELLFIGHTERS","A Boring Drama of a Woman And a Squirrel who must Conquer a Student in A Baloon",Music,10
HUNT,CARMEN,"TELEGRAPH VOYAGE","A Fateful Yarn of a Husband And a Dog who must Battle a Waitress in A Jet Boat",Music,27
HUNT,CARMEN,"PHANTOM GLORY","A Beautiful Documentary of a Astronaut And a Crocodile who must Discover a Madman in A Monastery",New,6
HUNT,CARMEN,"BREAKING HOME","A Beautiful Display of a Secret Agent And a Monkey who must Battle a Sumo Wrestler in An Abandoned Mine Shaft",New,13
HUNT,CARMEN,"RANDOM GO","A Fateful Drama of a Frisbee And a Student who must Confront a Cat in A Shark Tank",Sci-Fi,9
HUNT,CARMEN,"DAISY MENAGERIE","A Fast-Paced Saga of a Pastry Chef And a Monkey who must Sink a Composer in Ancient India",Sci-Fi,16
HUNT,CARMEN,"JADE BUNCH","A Insightful Panorama of a Squirrel And a Mad Cow who must Confront a Student in The First Manned Space Station",Sports,18
HUNT,CARMEN,"LESSON CLEOPATRA","A Emotional Display of a Man And a Explorer who must Build a Boy in A Manhattan Penthouse",Sports,7
HUNT,CARMEN,"TEEN APOLLO","A Awe-Inspiring Drama of a Dog And a Man who must Escape a Robot in A Shark Tank",Travel,17
HURT,WHOOPI,"SONS INTERVIEW","A Taut Character Study of a Explorer And a Mad Cow who must Battle a Hunter in Ancient China",Animation,15
HURT,WHOOPI,"POTTER CONNECTICUT","A Thrilling Epistle of a Frisbee And a Cat who must Fight a Technical Writer in Berlin",Animation,17
HURT,WHOOPI,"GRADUATE LORD","A Lacklusture Epistle of a Girl And a A Shark who must Meet a Mad Scientist in Ancient China",Children,16
HURT,WHOOPI,"MURDER ANTITRUST","A Brilliant Yarn of a Car And a Database Administrator who must Escape a Boy in A MySQL Convention",Children,23
HURT,WHOOPI,"ZOOLANDER FICTION","A Fateful Reflection of a Waitress And a Boat who must Discover a Sumo Wrestler in Ancient China",Children,17
HURT,WHOOPI,"LANGUAGE COWBOY","A Epic Yarn of a Cat And a Madman who must Vanquish a Dentist in An Abandoned Amusement Park",Children,11
HURT,WHOOPI,"GORGEOUS BINGO","A Action-Packed Display of a Sumo Wrestler And a Car who must Overcome a Waitress in A Baloon Factory",Children,19
HURT,WHOOPI,"RIGHT CRANES","A Fateful Character Study of a Boat And a Cat who must Find a Database Administrator in A Jet Boat",Classics,10
HURT,WHOOPI,"STRICTLY SCARFACE","A Touching Reflection of a Crocodile And a Dog who must Chase a Hunter in An Abandoned Fun House",Comedy,23
HURT,WHOOPI,"PELICAN COMFORTS","A Epic Documentary of a Boy And a Monkey who must Pursue a Astronaut in Berlin",Documentary,26
HURT,WHOOPI,"MOD SECRETARY","A Boring Documentary of a Mad Cow And a Cat who must Build a Lumberjack in New Orleans",Documentary,11
HURT,WHOOPI,"MIGHTY LUCK","A Astounding Epistle of a Mad Scientist And a Pioneer who must Escape a Database Administrator in A MySQL Convention",Documentary,12
HURT,WHOOPI,"UNFAITHFUL KILL","A Taut Documentary of a Waitress And a Mad Scientist who must Battle a Technical Writer in New Orleans",Drama,8
HURT,WHOOPI,"ROBBERY BRIGHT","A Taut Reflection of a Robot And a Squirrel who must Fight a Boat in Ancient Japan",Family,13
HURT,WHOOPI,"KILLER INNOCENT","A Fanciful Character Study of a Student And a Explorer who must Succumb a Composer in An Abandoned Mine Shaft",Family,6
HURT,WHOOPI,"SECRETS PARADISE","A Fateful Saga of a Cat And a Frisbee who must Kill a Girl in A Manhattan Penthouse",Family,20
HURT,WHOOPI,"COWBOY DOOM","A Astounding Drama of a Boy And a Lumberjack who must Fight a Butler in A Baloon",Foreign,7
HURT,WHOOPI,"CALENDAR GUNFIGHT","A Thrilling Drama of a Frisbee And a Lumberjack who must Sink a Man in Nigeria",Foreign,21
HURT,WHOOPI,"SPY MILE","A Thrilling Documentary of a Feminist And a Feminist who must Confront a Feminist in A Baloon",Games,27
HURT,WHOOPI,"VANILLA DAY","A Fast-Paced Saga of a Girl And a Forensic Psychologist who must Redeem a Girl in Nigeria",Games,9
HURT,WHOOPI,"SPIRIT FLINTSTONES","A Brilliant Yarn of a Cat And a Car who must Confront a Explorer in Ancient Japan",Horror,15
HURT,WHOOPI,"PULP BEVERLY","A Unbelieveable Display of a Dog And a Crocodile who must Outrace a Man in Nigeria",Horror,30
HURT,WHOOPI,"DRUMS DYNAMITE","A Epic Display of a Crocodile And a Crocodile who must Confront a Dog in An Abandoned Amusement Park",Horror,13
HURT,WHOOPI,"PATTON INTERVIEW","A Thrilling Documentary of a Composer And a Secret Agent who must Succumb a Cat in Berlin",Horror,23
HURT,WHOOPI,"OUTFIELD MASSACRE","A Thoughtful Drama of a Husband And a Secret Agent who must Pursue a Database Administrator in Ancient India",Music,20
HURT,WHOOPI,"BIRDS PERDITION","A Boring Story of a Womanizer And a Pioneer who must Face a Dog in California",New,18
HURT,WHOOPI,"RIDGEMONT SUBMARINE","A Unbelieveable Drama of a Waitress And a Composer who must Sink a Mad Cow in Ancient Japan",New,32
HURT,WHOOPI,"MOTHER OLEANDER","A Boring Tale of a Husband And a Boy who must Fight a Squirrel in Ancient China",Sports,14
HURT,WHOOPI,"ANONYMOUS HUMAN","A Amazing Reflection of a Database Administrator And a Astronaut who must Outrace a Database Administrator in A Shark Tank",Sports,13
HURT,WHOOPI,"RIDER CADDYSHACK","A Taut Reflection of a Monkey And a Womanizer who must Chase a Moose in Nigeria",Sports,11
HURT,WHOOPI,"CHANCE RESURRECTION","A Astounding Story of a Forensic Psychologist And a Forensic Psychologist who must Overcome a Moose in Ancient China",Sports,27
JACKMAN,JANE,"POTTER CONNECTICUT","A Thrilling Epistle of a Frisbee And a Cat who must Fight a Technical Writer in Berlin",Animation,17
JACKMAN,JANE,"LEGALLY SECRETARY","A Astounding Tale of a A Shark And a Moose who must Meet a Womanizer in The Sahara Desert",Children,9
JACKMAN,JANE,"BENEATH RUSH","A Astounding Panorama of a Man And a Monkey who must Discover a Man in The First Manned Space Station",Children,10
JACKMAN,JANE,"IDOLS SNATCHERS","A Insightful Drama of a Car And a Composer who must Fight a Man in A Monastery",Children,30
JACKMAN,JANE,"BACKLASH UNDEFEATED","A Stunning Character Study of a Mad Scientist And a Mad Cow who must Kill a Car in A Monastery",Children,19
JACKMAN,JANE,"HOPE TOOTSIE","A Amazing Documentary of a Student And a Sumo Wrestler who must Outgun a A Shark in A Shark Tank",Classics,18
JACKMAN,JANE,"DANCING FEVER","A Stunning Story of a Explorer And a Forensic Psychologist who must Face a Crocodile in A Shark Tank",Documentary,27
JACKMAN,JANE,"LUCK OPUS","A Boring Display of a Moose And a Squirrel who must Outrace a Teacher in A Shark Tank",Drama,10
JACKMAN,JANE,"BRAVEHEART HUMAN","A Insightful Story of a Dog And a Pastry Chef who must Battle a Girl in Berlin",Family,5
JACKMAN,JANE,"CHOCOLAT HARRY","A Action-Packed Epistle of a Dentist And a Moose who must Meet a Mad Cow in Ancient Japan",Family,20
JACKMAN,JANE,"JEDI BENEATH","A Astounding Reflection of a Explorer And a Dentist who must Pursue a Student in Nigeria",Family,19
JACKMAN,JANE,"SCISSORHANDS SLUMS","A Awe-Inspiring Drama of a Girl And a Technical Writer who must Meet a Feminist in The Canadian Rockies",Foreign,15
JACKMAN,JANE,"TEMPLE ATTRACTION","A Action-Packed Saga of a Forensic Psychologist And a Woman who must Battle a Womanizer in Soviet Georgia",Horror,12
JACKMAN,JANE,"KARATE MOON","A Astounding Yarn of a Womanizer And a Dog who must Reach a Waitress in A MySQL Convention",Horror,23
JACKMAN,JANE,"UNCUT SUICIDES","A Intrepid Yarn of a Explorer And a Pastry Chef who must Pursue a Mad Cow in A U-Boat",Music,14
JACKMAN,JANE,"OUTFIELD MASSACRE","A Thoughtful Drama of a Husband And a Secret Agent who must Pursue a Database Administrator in Ancient India",Music,20
JACKMAN,JANE,"HOURS RAGE","A Fateful Story of a Explorer And a Feminist who must Meet a Technical Writer in Soviet Georgia",New,19
JACKMAN,JANE,"MONEY HAROLD","A Touching Tale of a Explorer And a Boat who must Defeat a Robot in Australia",New,20
JACKMAN,JANE,"FLAMINGOS CONNECTICUT","A Fast-Paced Reflection of a Composer And a Composer who must Meet a Cat in The Sahara Desert",New,23
JACKMAN,JANE,"SILVERADO GOLDFINGER","A Stunning Epistle of a Sumo Wrestler And a Man who must Challenge a Waitress in Ancient India",Sci-Fi,12
JACKMAN,JANE,"SLIPPER FIDELITY","A Taut Reflection of a Secret Agent And a Man who must Redeem a Explorer in A MySQL Convention",Sports,16
JACKMAN,JANE,"GROOVE FICTION","A Unbelieveable Reflection of a Moose And a A Shark who must Defeat a Lumberjack in An Abandoned Mine Shaft",Sports,18
JACKMAN,JANE,"CARIBBEAN LIBERTY","A Fanciful Tale of a Pioneer And a Technical Writer who must Outgun a Pioneer in A Shark Tank",Sports,9
JACKMAN,JANE,"TALENTED HOMICIDE","A Lacklusture Panorama of a Dentist And a Forensic Psychologist who must Outrace a Pioneer in A U-Boat",Sports,29
JACKMAN,WARREN,"AMERICAN CIRCUS","A Insightful Drama of a Girl And a Astronaut who must Face a Database Administrator in A Shark Tank",Action,22
JACKMAN,WARREN,"POTTER CONNECTICUT","A Thrilling Epistle of a Frisbee And a Cat who must Fight a Technical Writer in Berlin",Animation,17
JACKMAN,WARREN,"OZ LIAISONS","A Epic Yarn of a Mad Scientist And a Cat who must Confront a Womanizer in A Baloon Factory",Animation,24
JACKMAN,WARREN,"SHEPHERD MIDSUMMER","A Thoughtful Drama of a Robot And a Womanizer who must Kill a Lumberjack in A Baloon",Children,25
JACKMAN,WARREN,"LANGUAGE COWBOY","A Epic Yarn of a Cat And a Madman who must Vanquish a Dentist in An Abandoned Amusement Park",Children,11
JACKMAN,WARREN,"VERTIGO NORTHWEST","A Unbelieveable Display of a Mad Scientist And a Mad Scientist who must Outgun a Mad Cow in Ancient Japan",Comedy,8
JACKMAN,WARREN,"SUBMARINE BED","A Amazing Display of a Car And a Monkey who must Fight a Teacher in Soviet Georgia",Comedy,15
JACKMAN,WARREN,"SHIP WONDERLAND","A Thrilling Saga of a Monkey And a Frisbee who must Escape a Explorer in The Outback",Documentary,15
JACKMAN,WARREN,"HEAVYWEIGHTS BEAST","A Unbelieveable Story of a Composer And a Dog who must Overcome a Womanizer in An Abandoned Amusement Park",Documentary,23
JACKMAN,WARREN,"CONEHEADS SMOOCHY","A Touching Story of a Womanizer And a Composer who must Pursue a Husband in Nigeria",Drama,25
JACKMAN,WARREN,"BEETHOVEN EXORCIST","A Epic Display of a Pioneer And a Student who must Challenge a Butler in The Gulf of Mexico",Drama,11
JACKMAN,WARREN,"CHILL LUCK","A Lacklusture Epistle of a Boat And a Technical Writer who must Fight a A Shark in The Canadian Rockies",Drama,22
JACKMAN,WARREN,"HOBBIT ALIEN","A Emotional Drama of a Husband And a Girl who must Outgun a Composer in The First Manned Space Station",Drama,31
JACKMAN,WARREN,"LIES TREATMENT","A Fast-Paced Character Study of a Dentist And a Moose who must Defeat a Composer in The First Manned Space Station",Drama,27
JACKMAN,WARREN,"CONFESSIONS MAGUIRE","A Insightful Story of a Car And a Boy who must Battle a Technical Writer in A Baloon",Drama,14
JACKMAN,WARREN,"MEET CHOCOLATE","A Boring Documentary of a Dentist And a Butler who must Confront a Monkey in A MySQL Convention",Foreign,12
JACKMAN,WARREN,"TOWN ARK","A Awe-Inspiring Documentary of a Moose And a Madman who must Meet a Dog in An Abandoned Mine Shaft",Foreign,14
JACKMAN,WARREN,"ROCKETEER MOTHER","A Awe-Inspiring Character Study of a Robot And a Sumo Wrestler who must Discover a Womanizer in A Shark Tank",Foreign,33
JACKMAN,WARREN,"NAME DETECTIVE","A Touching Saga of a Sumo Wrestler And a Cat who must Pursue a Mad Scientist in Nigeria",Games,23
JACKMAN,WARREN,"GRINCH MASSAGE","A Intrepid Display of a Madman And a Feminist who must Pursue a Pioneer in The First Manned Space Station",Games,14
JACKMAN,WARREN,"OLEANDER CLUE","A Boring Story of a Teacher And a Monkey who must Succumb a Forensic Psychologist in A Jet Boat",Music,10
JACKMAN,WARREN,"MONSTER SPARTACUS","A Fast-Paced Story of a Waitress And a Cat who must Fight a Girl in Australia",Music,15
JACKMAN,WARREN,"IMPACT ALADDIN","A Epic Character Study of a Frisbee And a Moose who must Outgun a Technical Writer in A Shark Tank",Music,9
JACKMAN,WARREN,"RUNAWAY TENENBAUMS","A Thoughtful Documentary of a Boat And a Man who must Meet a Boat in An Abandoned Fun House",New,8
JACKMAN,WARREN,"HAMLET WISDOM","A Touching Reflection of a Man And a Man who must Sink a Robot in The Outback",Sci-Fi,14
JACKMAN,WARREN,"BADMAN DAWN","A Emotional Panorama of a Pioneer And a Composer who must Escape a Mad Scientist in A Jet Boat",Sci-Fi,21
JACKMAN,WARREN,"SHAKESPEARE SADDLE","A Fast-Paced Panorama of a Lumberjack And a Database Administrator who must Defeat a Madman in A MySQL Convention",Sports,22
JACKMAN,WARREN,"MERMAID INSECTS","A Lacklusture Drama of a Waitress And a Husband who must Fight a Husband in California",Sports,16
JACKMAN,WARREN,"SUPERFLY TRIP","A Beautiful Saga of a Lumberjack And a Teacher who must Build a Technical Writer in An Abandoned Fun House",Travel,10
JOHANSSON,ALBERT,"FIGHT JAWBREAKER","A Intrepid Panorama of a Womanizer And a Girl who must Escape a Girl in A Manhattan Penthouse",Animation,22
JOHANSSON,ALBERT,"HARPER DYING","A Awe-Inspiring Reflection of a Woman And a Cat who must Confront a Feminist in The Sahara Desert",Animation,20
JOHANSSON,ALBERT,"CROOKED FROGMEN","A Unbelieveable Drama of a Hunter And a Database Administrator who must Battle a Crocodile in An Abandoned Amusement Park",Children,23
JOHANSSON,ALBERT,"LEAGUE HELLFIGHTERS","A Thoughtful Saga of a A Shark And a Monkey who must Outgun a Student in Ancient China",Classics,17
JOHANSSON,ALBERT,"RIGHT CRANES","A Fateful Character Study of a Boat And a Cat who must Find a Database Administrator in A Jet Boat",Classics,10
JOHANSSON,ALBERT,"SWEDEN SHINING","A Taut Documentary of a Car And a Robot who must Conquer a Boy in The Canadian Rockies",Comedy,18
JOHANSSON,ALBERT,"HEAVEN FREEDOM","A Intrepid Story of a Butler And a Car who must Vanquish a Man in New Orleans",Comedy,18
JOHANSSON,ALBERT,"WEDDING APOLLO","A Action-Packed Tale of a Student And a Waitress who must Conquer a Lumberjack in An Abandoned Mine Shaft",Documentary,24
JOHANSSON,ALBERT,"HOMEWARD CIDER","A Taut Reflection of a Astronaut And a Squirrel who must Fight a Squirrel in A Manhattan Penthouse",Documentary,16
JOHANSSON,ALBERT,"VIRGINIAN PLUTO","A Emotional Panorama of a Dentist And a Crocodile who must Meet a Boy in Berlin",Documentary,29
JOHANSSON,ALBERT,"ROAD ROXANNE","A Boring Character Study of a Waitress And a Astronaut who must Fight a Crocodile in Ancient Japan",Documentary,19
JOHANSSON,ALBERT,"METAL ARMAGEDDON","A Thrilling Display of a Lumberjack And a Crocodile who must Meet a Monkey in A Baloon Factory",Documentary,25
JOHANSSON,ALBERT,"LEBOWSKI SOLDIERS","A Beautiful Epistle of a Secret Agent And a Pioneer who must Chase a Astronaut in Ancient China",Drama,21
JOHANSSON,ALBERT,"WEST LION","A Intrepid Drama of a Butler And a Lumberjack who must Challenge a Database Administrator in A Manhattan Penthouse",Drama,16
JOHANSSON,ALBERT,"DECEIVER BETRAYED","A Taut Story of a Moose And a Squirrel who must Build a Husband in Ancient India",Drama,21
JOHANSSON,ALBERT,"ALLEY EVOLUTION","A Fast-Paced Drama of a Robot And a Composer who must Battle a Astronaut in New Orleans",Foreign,14
JOHANSSON,ALBERT,"DANGEROUS UPTOWN","A Unbelieveable Story of a Mad Scientist And a Woman who must Overcome a Dog in California",Foreign,12
JOHANSSON,ALBERT,"MONSOON CAUSE","A Astounding Tale of a Crocodile And a Car who must Outrace a Squirrel in A U-Boat",Games,9
JOHANSSON,ALBERT,"CANDLES GRAPES","A Fanciful Character Study of a Monkey And a Explorer who must Build a Astronaut in An Abandoned Fun House",Games,23
JOHANSSON,ALBERT,"UNDEFEATED DALMATIONS","A Unbelieveable Display of a Crocodile And a Feminist who must Overcome a Moose in An Abandoned Amusement Park",Horror,21
JOHANSSON,ALBERT,"ELF MURDER","A Action-Packed Story of a Frisbee And a Woman who must Reach a Girl in An Abandoned Mine Shaft",Music,7
JOHANSSON,ALBERT,"ALASKA PHANTOM","A Fanciful Saga of a Hunter And a Pastry Chef who must Vanquish a Boy in Australia",Music,26
JOHANSSON,ALBERT,"GROSSE WONDERFUL","A Epic Drama of a Cat And a Explorer who must Redeem a Moose in Australia",Music,8
JOHANSSON,ALBERT,"REDEMPTION COMFORTS","A Emotional Documentary of a Dentist And a Woman who must Battle a Mad Scientist in Ancient China",New,20
JOHANSSON,ALBERT,"FLAMINGOS CONNECTICUT","A Fast-Paced Reflection of a Composer And a Composer who must Meet a Cat in The Sahara Desert",New,23
JOHANSSON,ALBERT,"CONNECTICUT TRAMP","A Unbelieveable Drama of a Crocodile And a Mad Cow who must Reach a Dentist in A Shark Tank",Sci-Fi,13
JOHANSSON,ALBERT,"EXPRESS LONELY","A Boring Drama of a Astronaut And a Boat who must Face a Boat in California",Sci-Fi,13
JOHANSSON,ALBERT,"GRACELAND DYNAMITE","A Taut Display of a Cat And a Girl who must Overcome a Database Administrator in New Orleans",Sports,6
JOHANSSON,ALBERT,"HONEY TIES","A Taut Story of a Waitress And a Crocodile who must Outrace a Lumberjack in A Shark Tank",Sports,19
JOHANSSON,ALBERT,"CRUSADE HONEY","A Fast-Paced Reflection of a Explorer And a Butler who must Battle a Madman in An Abandoned Amusement Park",Sports,8
JOHANSSON,MATTHEW,"CAMPUS REMEMBER","A Astounding Drama of a Crocodile And a Mad Cow who must Build a Robot in A Jet Boat",Action,19
JOHANSSON,MATTHEW,"DANCES NONE","A Insightful Reflection of a A Shark And a Dog who must Kill a Butler in An Abandoned Amusement Park",Action,14
JOHANSSON,MATTHEW,"SUGAR WONKA","A Touching Story of a Dentist And a Database Administrator who must Conquer a Astronaut in An Abandoned Amusement Park",Animation,17
JOHANSSON,MATTHEW,"LIGHTS DEER","A Unbelieveable Epistle of a Dog And a Woman who must Confront a Moose in The Gulf of Mexico",Classics,8
JOHANSSON,MATTHEW,"MALKOVICH PET","A Intrepid Reflection of a Waitress And a A Shark who must Kill a Squirrel in The Outback",Classics,26
JOHANSSON,MATTHEW,"TOMORROW HUSTLER","A Thoughtful Story of a Moose And a Husband who must Face a Secret Agent in The Sahara Desert",Classics,25
JOHANSSON,MATTHEW,"SCORPION APOLLO","A Awe-Inspiring Documentary of a Technical Writer And a Husband who must Meet a Monkey in An Abandoned Fun House",Drama,23
JOHANSSON,MATTHEW,"CONQUERER NUTS","A Taut Drama of a Mad Scientist And a Man who must Escape a Pioneer in An Abandoned Mine Shaft",Drama,16
JOHANSSON,MATTHEW,"HANGING DEEP","A Action-Packed Yarn of a Boat And a Crocodile who must Build a Monkey in Berlin",Drama,19
JOHANSSON,MATTHEW,"INDIAN LOVE","A Insightful Saga of a Mad Scientist And a Mad Scientist who must Kill a Astronaut in An Abandoned Fun House",Family,16
JOHANSSON,MATTHEW,"SCHOOL JACKET","A Intrepid Yarn of a Monkey And a Boy who must Fight a Composer in A Manhattan Penthouse",Foreign,6
JOHANSSON,MATTHEW,"BABY HALL","A Boring Character Study of a A Shark And a Girl who must Outrace a Feminist in An Abandoned Mine Shaft",Foreign,8
JOHANSSON,MATTHEW,"DRIVING POLISH","A Action-Packed Yarn of a Feminist And a Technical Writer who must Sink a Boat in An Abandoned Mine Shaft",Music,21
JOHANSSON,MATTHEW,"CLONES PINOCCHIO","A Amazing Drama of a Car And a Robot who must Pursue a Dentist in New Orleans",Music,19
JOHANSSON,MATTHEW,"VANISHING ROCKY","A Brilliant Reflection of a Man And a Woman who must Conquer a Pioneer in A MySQL Convention",Music,18
JOHANSSON,MATTHEW,"RUNNER MADIGAN","A Thoughtful Documentary of a Crocodile And a Robot who must Outrace a Womanizer in The Outback",Music,8
JOHANSSON,MATTHEW,"FLASH WARS","A Astounding Saga of a Moose And a Pastry Chef who must Chase a Student in The Gulf of Mexico",New,13
JOHANSSON,MATTHEW,"LOSER HUSTLER","A Stunning Drama of a Robot And a Feminist who must Outgun a Butler in Nigeria",Sports,15
JOHANSSON,MATTHEW,"DURHAM PANKY","A Brilliant Panorama of a Girl And a Boy who must Face a Mad Scientist in An Abandoned Mine Shaft",Sports,26
JOHANSSON,RAY,"MENAGERIE RUSHMORE","A Unbelieveable Panorama of a Composer And a Butler who must Overcome a Database Administrator in The First Manned Space Station",Animation,7
JOHANSSON,RAY,"CASPER DRAGONFLY","A Intrepid Documentary of a Boat And a Crocodile who must Chase a Robot in The Sahara Desert",Children,8
JOHANSSON,RAY,"STRANGELOVE DESIRE","A Awe-Inspiring Panorama of a Lumberjack And a Waitress who must Defeat a Crocodile in An Abandoned Amusement Park",Children,24
JOHANSSON,RAY,"EMPIRE MALKOVICH","A Amazing Story of a Feminist And a Cat who must Face a Car in An Abandoned Fun House",Children,21
JOHANSSON,RAY,"ARIZONA BANG","A Brilliant Panorama of a Mad Scientist And a Mad Cow who must Meet a Pioneer in A Monastery",Classics,21
JOHANSSON,RAY,"ISLAND EXORCIST","A Fanciful Panorama of a Technical Writer And a Boy who must Find a Dentist in An Abandoned Fun House",Classics,26
JOHANSSON,RAY,"IRON MOON","A Fast-Paced Documentary of a Mad Cow And a Boy who must Pursue a Dentist in A Baloon",Classics,11
JOHANSSON,RAY,"PREJUDICE OLEANDER","A Epic Saga of a Boy And a Dentist who must Outrace a Madman in A U-Boat",Classics,20
JOHANSSON,RAY,"FREEDOM CLEOPATRA","A Emotional Reflection of a Dentist And a Mad Cow who must Face a Squirrel in A Baloon",Comedy,5
JOHANSSON,RAY,"ADAPTATION HOLES","A Astounding Reflection of a Lumberjack And a Car who must Sink a Lumberjack in A Baloon Factory",Documentary,12
JOHANSSON,RAY,"UNITED PILOT","A Fast-Paced Reflection of a Cat And a Mad Cow who must Fight a Car in The Sahara Desert",Documentary,17
JOHANSSON,RAY,"NATIONAL STORY","A Taut Epistle of a Mad Scientist And a Girl who must Escape a Monkey in California",Documentary,19
JOHANSSON,RAY,"GABLES METROPOLIS","A Fateful Display of a Cat And a Pioneer who must Challenge a Pastry Chef in A Baloon Factory",Family,19
JOHANSSON,RAY,"MANCHURIAN CURTAIN","A Stunning Tale of a Mad Cow And a Boy who must Battle a Boy in Berlin",Family,15
JOHANSSON,RAY,"SPLASH GUMP","A Taut Saga of a Crocodile And a Boat who must Conquer a Hunter in A Shark Tank",Family,14
JOHANSSON,RAY,"MOONWALKER FOOL","A Epic Drama of a Feminist And a Pioneer who must Sink a Composer in New Orleans",Games,13
JOHANSSON,RAY,"OUTBREAK DIVINE","A Unbelieveable Yarn of a Database Administrator And a Woman who must Succumb a A Shark in A U-Boat",Games,23
JOHANSSON,RAY,"LADY STAGE","A Beautiful Character Study of a Woman And a Man who must Pursue a Explorer in A U-Boat",Horror,17
JOHANSSON,RAY,"UNCUT SUICIDES","A Intrepid Yarn of a Explorer And a Pastry Chef who must Pursue a Mad Cow in A U-Boat",Music,14
JOHANSSON,RAY,"WIZARD COLDBLOODED","A Lacklusture Display of a Robot And a Girl who must Defeat a Sumo Wrestler in A MySQL Convention",Music,16
JOHANSSON,RAY,"IDAHO LOVE","A Fast-Paced Drama of a Student And a Crocodile who must Meet a Database Administrator in The Outback",New,17
JOHANSSON,RAY,"METROPOLIS COMA","A Emotional Saga of a Database Administrator And a Pastry Chef who must Confront a Teacher in A Baloon Factory",Sci-Fi,26
JOHANSSON,RAY,"ALADDIN CALENDAR","A Action-Packed Tale of a Man And a Lumberjack who must Reach a Feminist in Ancient China",Sports,23
JOHANSSON,RAY,"CRUSADE HONEY","A Fast-Paced Reflection of a Explorer And a Butler who must Battle a Madman in An Abandoned Amusement Park",Sports,8
JOHANSSON,RAY,"EVOLUTION ALTER","A Fanciful Character Study of a Feminist And a Madman who must Find a Explorer in A Baloon Factory",Sports,12
JOHANSSON,RAY,"FELLOWSHIP AUTUMN","A Lacklusture Reflection of a Dentist And a Hunter who must Meet a Teacher in A Baloon",Travel,26
JOHANSSON,RAY,"BORN SPINAL","A Touching Epistle of a Frisbee And a Husband who must Pursue a Student in Nigeria",Travel,12
JOHANSSON,RAY,"MADIGAN DORADO","A Astounding Character Study of a A Shark And a A Shark who must Discover a Crocodile in The Outback",Travel,10
JOLIE,WOODY,"STAGECOACH ARMAGEDDON","A Touching Display of a Pioneer And a Butler who must Chase a Car in California",Action,26
JOLIE,WOODY,"TRIP NEWTON","A Fanciful Character Study of a Lumberjack And a Car who must Discover a Cat in An Abandoned Amusement Park",Action,28
JOLIE,WOODY,"INVASION CYCLONE","A Lacklusture Character Study of a Mad Scientist And a Womanizer who must Outrace a Explorer in A Monastery",Children,27
JOLIE,WOODY,"FURY MURDER","A Lacklusture Reflection of a Boat And a Forensic Psychologist who must Fight a Waitress in A Monastery",Children,19
JOLIE,WOODY,"JEEPERS WEDDING","A Astounding Display of a Composer And a Dog who must Kill a Pastry Chef in Soviet Georgia",Classics,16
JOLIE,WOODY,"CRAZY HOME","A Fanciful Panorama of a Boy And a Woman who must Vanquish a Database Administrator in The Outback",Comedy,9
JOLIE,WOODY,"DOOM DANCING","A Astounding Panorama of a Car And a Mad Scientist who must Battle a Lumberjack in A MySQL Convention",Comedy,21
JOLIE,WOODY,"DOWNHILL ENOUGH","A Emotional Tale of a Pastry Chef And a Forensic Psychologist who must Succumb a Monkey in The Sahara Desert",Comedy,25
JOLIE,WOODY,"WISDOM WORKER","A Unbelieveable Saga of a Forensic Psychologist And a Student who must Face a Squirrel in The First Manned Space Station",Comedy,9
JOLIE,WOODY,"CHILL LUCK","A Lacklusture Epistle of a Boat And a Technical Writer who must Fight a A Shark in The Canadian Rockies",Drama,22
JOLIE,WOODY,"EVERYONE CRAFT","A Fateful Display of a Waitress And a Dentist who must Reach a Butler in Nigeria",Foreign,13
JOLIE,WOODY,"BUGSY SONG","A Awe-Inspiring Character Study of a Secret Agent And a Boat who must Find a Squirrel in The First Manned Space Station",Foreign,11
JOLIE,WOODY,"FIRE WOLVES","A Intrepid Documentary of a Frisbee And a Dog who must Outrace a Lumberjack in Nigeria",Games,7
JOLIE,WOODY,"FEATHERS METAL","A Thoughtful Yarn of a Monkey And a Teacher who must Find a Dog in Australia",Games,11
JOLIE,WOODY,"SWARM GOLD","A Insightful Panorama of a Crocodile And a Boat who must Conquer a Sumo Wrestler in A MySQL Convention",Horror,27
JOLIE,WOODY,"LOLA AGENT","A Astounding Tale of a Mad Scientist And a Husband who must Redeem a Database Administrator in Ancient Japan",Horror,24
JOLIE,WOODY,"ALONE TRIP","A Fast-Paced Character Study of a Composer And a Dog who must Outgun a Boat in An Abandoned Fun House",Music,18
JOLIE,WOODY,"TAXI KICK","A Amazing Epistle of a Girl And a Woman who must Outrace a Waitress in Soviet Georgia",Music,17
JOLIE,WOODY,"RUN PACIFIC","A Touching Tale of a Cat And a Pastry Chef who must Conquer a Pastry Chef in A MySQL Convention",New,10
JOLIE,WOODY,"MAIDEN HOME","A Lacklusture Saga of a Moose And a Teacher who must Kill a Forensic Psychologist in A MySQL Convention",New,24
JOLIE,WOODY,"MASK PEACH","A Boring Character Study of a Student And a Robot who must Meet a Woman in California",New,17
JOLIE,WOODY,"WONDERLAND CHRISTMAS","A Awe-Inspiring Character Study of a Waitress And a Car who must Pursue a Mad Scientist in The First Manned Space Station",Sci-Fi,22
JOLIE,WOODY,"TITANS JERK","A Unbelieveable Panorama of a Feminist And a Sumo Wrestler who must Challenge a Technical Writer in Ancient China",Sci-Fi,29
JOLIE,WOODY,"STALLION SUNDANCE","A Fast-Paced Tale of a Car And a Dog who must Outgun a A Shark in Australia",Sci-Fi,7
JOLIE,WOODY,"KRAMER CHOCOLATE","A Amazing Yarn of a Robot And a Pastry Chef who must Redeem a Mad Scientist in The Outback",Sports,9
JOLIE,WOODY,"IMAGE PRINCESS","A Lacklusture Panorama of a Secret Agent And a Crocodile who must Discover a Madman in The Canadian Rockies",Sports,14
JOLIE,WOODY,"SHINING ROSES","A Awe-Inspiring Character Study of a Astronaut And a Forensic Psychologist who must Challenge a Madman in Ancient India",Travel,8
JOVOVICH,KIRK,"BULL SHAWSHANK","A Fanciful Drama of a Moose And a Squirrel who must Conquer a Pioneer in The Canadian Rockies",Action,16
JOVOVICH,KIRK,"BAREFOOT MANCHURIAN","A Intrepid Story of a Cat And a Student who must Vanquish a Girl in An Abandoned Amusement Park",Action,18
JOVOVICH,KIRK,"AMADEUS HOLY","A Emotional Display of a Pioneer And a Technical Writer who must Battle a Man in A Baloon",Action,21
JOVOVICH,KIRK,"FORRESTER COMANCHEROS","A Fateful Tale of a Squirrel And a Forensic Psychologist who must Redeem a Man in Nigeria",Animation,27
JOVOVICH,KIRK,"DOGMA FAMILY","A Brilliant Character Study of a Database Administrator And a Monkey who must Succumb a Astronaut in New Orleans",Animation,30
JOVOVICH,KIRK,"BORROWERS BEDAZZLED","A Brilliant Epistle of a Teacher And a Sumo Wrestler who must Defeat a Man in An Abandoned Fun House",Animation,22
JOVOVICH,KIRK,"SPLENDOR PATTON","A Taut Story of a Dog And a Explorer who must Find a Astronaut in Berlin",Children,21
JOVOVICH,KIRK,"FURY MURDER","A Lacklusture Reflection of a Boat And a Forensic Psychologist who must Fight a Waitress in A Monastery",Children,19
JOVOVICH,KIRK,"MURDER ANTITRUST","A Brilliant Yarn of a Car And a Database Administrator who must Escape a Boy in A MySQL Convention",Children,23
JOVOVICH,KIRK,"CONSPIRACY SPIRIT","A Awe-Inspiring Story of a Student And a Frisbee who must Conquer a Crocodile in An Abandoned Mine Shaft",Classics,5
JOVOVICH,KIRK,"HEAVEN FREEDOM","A Intrepid Story of a Butler And a Car who must Vanquish a Man in New Orleans",Comedy,18
JOVOVICH,KIRK,"ELEMENT FREDDY","A Awe-Inspiring Reflection of a Waitress And a Squirrel who must Kill a Mad Cow in A Jet Boat",Comedy,10
JOVOVICH,KIRK,"WARDROBE PHANTOM","A Action-Packed Display of a Mad Cow And a Astronaut who must Kill a Car in Ancient India",Drama,27
JOVOVICH,KIRK,"SPICE SORORITY","A Fateful Display of a Pioneer And a Hunter who must Defeat a Husband in An Abandoned Mine Shaft",Drama,20
JOVOVICH,KIRK,"CHOCOLAT HARRY","A Action-Packed Epistle of a Dentist And a Moose who must Meet a Mad Cow in Ancient Japan",Family,20
JOVOVICH,KIRK,"GREASE YOUTH","A Emotional Panorama of a Secret Agent And a Waitress who must Escape a Composer in Soviet Georgia",Family,21
JOVOVICH,KIRK,"RUSH GOODFELLAS","A Emotional Display of a Man And a Dentist who must Challenge a Squirrel in Australia",Family,31
JOVOVICH,KIRK,"NETWORK PEAK","A Unbelieveable Reflection of a Butler And a Boat who must Outgun a Mad Scientist in California",Family,31
JOVOVICH,KIRK,"LOST BIRD","A Emotional Character Study of a Robot And a A Shark who must Defeat a Technical Writer in A Manhattan Penthouse",Foreign,12
JOVOVICH,KIRK,"MULHOLLAND BEAST","A Awe-Inspiring Display of a Husband And a Squirrel who must Battle a Sumo Wrestler in A Jet Boat",Foreign,7
JOVOVICH,KIRK,"CLUE GRAIL","A Taut Tale of a Butler And a Mad Scientist who must Build a Crocodile in Ancient China",Music,7
JOVOVICH,KIRK,"INSIDER ARIZONA","A Astounding Saga of a Mad Scientist And a Hunter who must Pursue a Robot in A Baloon Factory",Music,20
JOVOVICH,KIRK,"MOSQUITO ARMAGEDDON","A Thoughtful Character Study of a Waitress And a Feminist who must Build a Teacher in Ancient Japan",Sports,15
JOVOVICH,KIRK,"ARTIST COLDBLOODED","A Stunning Reflection of a Robot And a Moose who must Challenge a Woman in California",Sports,16
JOVOVICH,KIRK,"TUXEDO MILE","A Boring Drama of a Man And a Forensic Psychologist who must Face a Frisbee in Ancient India",Sports,13
KEITEL,GRETA,"MAGNOLIA FORRESTER","A Thoughtful Documentary of a Composer And a Explorer who must Conquer a Dentist in New Orleans",Action,11
KEITEL,GRETA,"SUSPECTS QUILLS","A Emotional Epistle of a Pioneer And a Crocodile who must Battle a Man in A Manhattan Penthouse",Action,30
KEITEL,GRETA,"GRAIL FRANKENSTEIN","A Unbelieveable Saga of a Teacher And a Monkey who must Fight a Girl in An Abandoned Mine Shaft",Action,10
KEITEL,GRETA,"DARES PLUTO","A Fateful Story of a Robot And a Dentist who must Defeat a Astronaut in New Orleans",Animation,9
KEITEL,GRETA,"FLYING HOOK","A Thrilling Display of a Mad Cow And a Dog who must Challenge a Frisbee in Nigeria",Animation,20
KEITEL,GRETA,"ARIZONA BANG","A Brilliant Panorama of a Mad Scientist And a Mad Cow who must Meet a Pioneer in A Monastery",Classics,21
KEITEL,GRETA,"LOATHING LEGALLY","A Boring Epistle of a Pioneer And a Mad Scientist who must Escape a Frisbee in The Gulf of Mexico",Classics,27
KEITEL,GRETA,"REQUIEM TYCOON","A Unbelieveable Character Study of a Cat And a Database Administrator who must Pursue a Teacher in A Monastery",Classics,19
KEITEL,GRETA,"JAWS HARRY","A Thrilling Display of a Database Administrator And a Monkey who must Overcome a Dog in An Abandoned Fun House",Comedy,14
KEITEL,GRETA,"BUNCH MINDS","A Emotional Story of a Feminist And a Feminist who must Escape a Pastry Chef in A MySQL Convention",Drama,5
KEITEL,GRETA,"ATLANTIS CAUSE","A Thrilling Yarn of a Feminist And a Hunter who must Fight a Technical Writer in A Shark Tank",Family,24
KEITEL,GRETA,"HOOSIERS BIRDCAGE","A Astounding Display of a Explorer And a Boat who must Vanquish a Car in The First Manned Space Station",Foreign,8
KEITEL,GRETA,"ILLUSION AMELIE","A Emotional Epistle of a Boat And a Mad Scientist who must Outrace a Robot in An Abandoned Mine Shaft",Foreign,15
KEITEL,GRETA,"CALENDAR GUNFIGHT","A Thrilling Drama of a Frisbee And a Lumberjack who must Sink a Man in Nigeria",Foreign,21
KEITEL,GRETA,"HIGHBALL POTTER","A Action-Packed Saga of a Husband And a Dog who must Redeem a Database Administrator in The Sahara Desert",Foreign,21
KEITEL,GRETA,"LADYBUGS ARMAGEDDON","A Fateful Reflection of a Dog And a Mad Scientist who must Meet a Mad Scientist in New Orleans",Games,6
KEITEL,GRETA,"PULP BEVERLY","A Unbelieveable Display of a Dog And a Crocodile who must Outrace a Man in Nigeria",Horror,30
KEITEL,GRETA,"ALABAMA DEVIL","A Thoughtful Panorama of a Database Administrator And a Mad Scientist who must Outgun a Mad Scientist in A Jet Boat",Horror,12
KEITEL,GRETA,"MONSTER SPARTACUS","A Fast-Paced Story of a Waitress And a Cat who must Fight a Girl in Australia",Music,15
KEITEL,GRETA,"ANNIE IDENTITY","A Amazing Panorama of a Pastry Chef And a Boat who must Escape a Woman in An Abandoned Amusement Park",Sci-Fi,22
KEITEL,GRETA,"VACATION BOONDOCK","A Fanciful Character Study of a Secret Agent And a Mad Scientist who must Reach a Teacher in Australia",Sci-Fi,21
KEITEL,GRETA,"BADMAN DAWN","A Emotional Panorama of a Pioneer And a Composer who must Escape a Mad Scientist in A Jet Boat",Sci-Fi,21
KEITEL,GRETA,"IMAGE PRINCESS","A Lacklusture Panorama of a Secret Agent And a Crocodile who must Discover a Madman in The Canadian Rockies",Sports,14
KEITEL,GRETA,"SATURDAY LAMBS","A Thoughtful Reflection of a Mad Scientist And a Moose who must Kill a Husband in A Baloon",Sports,28
KEITEL,GRETA,"SLIPPER FIDELITY","A Taut Reflection of a Secret Agent And a Man who must Redeem a Explorer in A MySQL Convention",Sports,16
KEITEL,GRETA,"BASIC EASY","A Stunning Epistle of a Man And a Husband who must Reach a Mad Scientist in A Jet Boat",Travel,21
KEITEL,GRETA,"WOLVES DESIRE","A Fast-Paced Drama of a Squirrel And a Robot who must Succumb a Technical Writer in A Manhattan Penthouse",Travel,21
KEITEL,MARY,"HANDICAP BOONDOCK","A Beautiful Display of a Pioneer And a Squirrel who must Vanquish a Sumo Wrestler in Soviet Georgia",Action,28
KEITEL,MARY,"FORREST SONS","A Thrilling Documentary of a Forensic Psychologist And a Butler who must Defeat a Explorer in A Jet Boat",Action,18
KEITEL,MARY,"FANTASY TROOPERS","A Touching Saga of a Teacher And a Monkey who must Overcome a Secret Agent in A MySQL Convention",Action,26
KEITEL,MARY,"INTENTIONS EMPIRE","A Astounding Epistle of a Cat And a Cat who must Conquer a Mad Cow in A U-Boat",Animation,17
KEITEL,MARY,"THEORY MERMAID","A Fateful Yarn of a Composer And a Monkey who must Vanquish a Womanizer in The First Manned Space Station",Animation,11
KEITEL,MARY,"TITANIC BOONDOCK","A Brilliant Reflection of a Feminist And a Dog who must Fight a Boy in A Baloon Factory",Animation,23
KEITEL,MARY,"LUKE MUMMY","A Taut Character Study of a Boy And a Robot who must Redeem a Mad Scientist in Ancient India",Animation,7
KEITEL,MARY,"MODEL FISH","A Beautiful Panorama of a Boat And a Crocodile who must Outrace a Dog in Australia",Children,15
KEITEL,MARY,"IDOLS SNATCHERS","A Insightful Drama of a Car And a Composer who must Fight a Man in A Monastery",Children,30
KEITEL,MARY,"JEOPARDY ENCINO","A Boring Panorama of a Man And a Mad Cow who must Face a Explorer in Ancient India",Classics,10
KEITEL,MARY,"LOVELY JINGLE","A Fanciful Yarn of a Crocodile And a Forensic Psychologist who must Discover a Crocodile in The Outback",Classics,14
KEITEL,MARY,"STEEL SANTA","A Fast-Paced Yarn of a Composer And a Frisbee who must Face a Moose in Nigeria",Classics,23
KEITEL,MARY,"SWEDEN SHINING","A Taut Documentary of a Car And a Robot who must Conquer a Boy in The Canadian Rockies",Comedy,18
KEITEL,MARY,"MALLRATS UNITED","A Thrilling Yarn of a Waitress And a Dentist who must Find a Hunter in A Monastery",Comedy,25
KEITEL,MARY,"SUBMARINE BED","A Amazing Display of a Car And a Monkey who must Fight a Teacher in Soviet Georgia",Comedy,15
KEITEL,MARY,"MEMENTO ZOOLANDER","A Touching Epistle of a Squirrel And a Explorer who must Redeem a Pastry Chef in The Sahara Desert",Comedy,13
KEITEL,MARY,"WAGON JAWS","A Intrepid Drama of a Moose And a Boat who must Kill a Explorer in A Manhattan Penthouse",Documentary,10
KEITEL,MARY,"ACADEMY DINOSAUR","A Epic Drama of a Feminist And a Mad Scientist who must Battle a Teacher in The Canadian Rockies",Documentary,23
KEITEL,MARY,"CRAFT OUTFIELD","A Lacklusture Display of a Explorer And a Hunter who must Succumb a Database Administrator in A Baloon Factory",Drama,16
KEITEL,MARY,"SAINTS BRIDE","A Fateful Tale of a Technical Writer And a Composer who must Pursue a Explorer in The Gulf of Mexico",Drama,8
KEITEL,MARY,"GREEDY ROOTS","A Amazing Reflection of a A Shark And a Butler who must Chase a Hunter in The Canadian Rockies",Drama,14
KEITEL,MARY,"FEUD FROGMEN","A Brilliant Reflection of a Database Administrator And a Mad Cow who must Chase a Woman in The Canadian Rockies",Family,25
KEITEL,MARY,"DUMBO LUST","A Touching Display of a Feminist And a Dentist who must Conquer a Husband in The Gulf of Mexico",Family,6
KEITEL,MARY,"KING EVOLUTION","A Action-Packed Tale of a Boy And a Lumberjack who must Chase a Madman in A Baloon",Family,9
KEITEL,MARY,"MADNESS ATTACKS","A Fanciful Tale of a Squirrel And a Boat who must Defeat a Crocodile in The Gulf of Mexico",Foreign,25
KEITEL,MARY,"FICTION CHRISTMAS","A Emotional Yarn of a A Shark And a Student who must Battle a Robot in An Abandoned Mine Shaft",Foreign,19
KEITEL,MARY,"MOONWALKER FOOL","A Epic Drama of a Feminist And a Pioneer who must Sink a Composer in New Orleans",Games,13
KEITEL,MARY,"HAUNTING PIANIST","A Fast-Paced Story of a Database Administrator And a Composer who must Defeat a Squirrel in An Abandoned Amusement Park",Games,22
KEITEL,MARY,"DWARFS ALTER","A Emotional Yarn of a Girl And a Dog who must Challenge a Composer in Ancient Japan",Games,9
KEITEL,MARY,"YOUTH KICK","A Touching Drama of a Teacher And a Cat who must Challenge a Technical Writer in A U-Boat",Music,6
KEITEL,MARY,"BUTTERFLY CHOCOLAT","A Fateful Story of a Girl And a Composer who must Conquer a Husband in A Shark Tank",New,30
KEITEL,MARY,"SLEEPY JAPANESE","A Emotional Epistle of a Moose And a Composer who must Fight a Technical Writer in The Outback",New,21
KEITEL,MARY,"SOLDIERS EVOLUTION","A Lacklusture Panorama of a A Shark And a Pioneer who must Confront a Student in The First Manned Space Station",Sci-Fi,8
KEITEL,MARY,"UNFORGIVEN ZOOLANDER","A Taut Epistle of a Monkey And a Sumo Wrestler who must Vanquish a A Shark in A Baloon Factory",Sci-Fi,18
KEITEL,MARY,"MERMAID INSECTS","A Lacklusture Drama of a Waitress And a Husband who must Fight a Husband in California",Sports,16
KEITEL,MARY,"NORTHWEST POLISH","A Boring Character Study of a Boy And a A Shark who must Outrace a Womanizer in The Outback",Sports,20
KEITEL,MARY,"ROSES TREASURE","A Astounding Panorama of a Monkey And a Secret Agent who must Defeat a Woman in The First Manned Space Station",Sports,28
KEITEL,MARY,"SIERRA DIVIDE","A Emotional Character Study of a Frisbee And a Mad Scientist who must Build a Madman in California",Sports,15
KEITEL,MARY,"CASSIDY WYOMING","A Intrepid Drama of a Frisbee And a Hunter who must Kill a Secret Agent in New Orleans",Travel,6
KEITEL,MARY,"GAMES BOWFINGER","A Astounding Documentary of a Butler And a Explorer who must Challenge a Butler in A Monastery",Travel,14
KEITEL,MILLA,"NOON PAPI","A Unbelieveable Character Study of a Mad Scientist And a Astronaut who must Find a Pioneer in A Manhattan Penthouse",Children,17
KEITEL,MILLA,"LOVER TRUMAN","A Emotional Yarn of a Robot And a Boy who must Outgun a Technical Writer in A U-Boat",Classics,10
KEITEL,MILLA,"JERK PAYCHECK","A Touching Character Study of a Pastry Chef And a Database Administrator who must Reach a A Shark in Ancient Japan",Classics,20
KEITEL,MILLA,"PATIENT SISTER","A Emotional Epistle of a Squirrel And a Robot who must Confront a Lumberjack in Soviet Georgia",Classics,19
KEITEL,MILLA,"ANTHEM LUKE","A Touching Panorama of a Waitress And a Woman who must Outrace a Dog in An Abandoned Amusement Park",Comedy,15
KEITEL,MILLA,"PURE RUNNER","A Thoughtful Documentary of a Student And a Madman who must Challenge a Squirrel in A Manhattan Penthouse",Comedy,16
KEITEL,MILLA,"SPOILERS HELLFIGHTERS","A Fanciful Story of a Technical Writer And a Squirrel who must Defeat a Dog in The Gulf of Mexico",Documentary,10
KEITEL,MILLA,"SENSIBILITY REAR","A Emotional Tale of a Robot And a Sumo Wrestler who must Redeem a Pastry Chef in A Baloon Factory",Family,10
KEITEL,MILLA,"NATURAL STOCK","A Fast-Paced Story of a Sumo Wrestler And a Girl who must Defeat a Car in A Baloon Factory",Family,13
KEITEL,MILLA,"COWBOY DOOM","A Astounding Drama of a Boy And a Lumberjack who must Fight a Butler in A Baloon",Foreign,7
KEITEL,MILLA,"WANDA CHAMBER","A Insightful Drama of a A Shark And a Pioneer who must Find a Womanizer in The Outback",Games,16
KEITEL,MILLA,"ROXANNE REBEL","A Astounding Story of a Pastry Chef And a Database Administrator who must Fight a Man in The Outback",Games,19
KEITEL,MILLA,"CANDLES GRAPES","A Fanciful Character Study of a Monkey And a Explorer who must Build a Astronaut in An Abandoned Fun House",Games,23
KEITEL,MILLA,"SLEEPING SUSPECTS","A Stunning Reflection of a Sumo Wrestler And a Explorer who must Sink a Frisbee in A MySQL Convention",Horror,24
KEITEL,MILLA,"HIGH ENCINO","A Fateful Saga of a Waitress And a Hunter who must Outrace a Sumo Wrestler in Australia",Horror,22
KEITEL,MILLA,"REDEMPTION COMFORTS","A Emotional Documentary of a Dentist And a Woman who must Battle a Mad Scientist in Ancient China",New,20
KEITEL,MILLA,"FLASH WARS","A Astounding Saga of a Moose And a Pastry Chef who must Chase a Student in The Gulf of Mexico",New,13
KEITEL,MILLA,"DAISY MENAGERIE","A Fast-Paced Saga of a Pastry Chef And a Monkey who must Sink a Composer in Ancient India",Sci-Fi,16
KEITEL,MILLA,"ATTACKS HATE","A Fast-Paced Panorama of a Technical Writer And a Mad Scientist who must Find a Feminist in An Abandoned Mine Shaft",Sci-Fi,16
KEITEL,MILLA,"OPEN AFRICAN","A Lacklusture Drama of a Secret Agent And a Explorer who must Discover a Car in A U-Boat",Sci-Fi,21
KEITEL,MILLA,"DURHAM PANKY","A Brilliant Panorama of a Girl And a Boy who must Face a Mad Scientist in An Abandoned Mine Shaft",Sports,26
KEITEL,MILLA,"SQUAD FISH","A Fast-Paced Display of a Pastry Chef And a Dog who must Kill a Teacher in Berlin",Sports,7
KEITEL,MILLA,"KRAMER CHOCOLATE","A Amazing Yarn of a Robot And a Pastry Chef who must Redeem a Mad Scientist in The Outback",Sports,9
KEITEL,MILLA,"TRADING PINOCCHIO","A Emotional Character Study of a Student And a Explorer who must Discover a Frisbee in The First Manned Space Station",Sports,25
KEITEL,MILLA,"SWEET BROTHERHOOD","A Unbelieveable Epistle of a Sumo Wrestler And a Hunter who must Chase a Forensic Psychologist in A Baloon",Travel,15
KEITEL,MILLA,"MADIGAN DORADO","A Astounding Character Study of a A Shark And a A Shark who must Discover a Crocodile in The Outback",Travel,10
KEITEL,MILLA,"STONE FIRE","A Intrepid Drama of a Astronaut And a Crocodile who must Find a Boat in Soviet Georgia",Travel,11
KILMER,FAY,"WATCH TRACY","A Fast-Paced Yarn of a Dog And a Frisbee who must Conquer a Hunter in Nigeria",Animation,16
KILMER,FAY,"JERSEY SASSY","A Lacklusture Documentary of a Madman And a Mad Cow who must Find a Feminist in Ancient Japan",Children,6
KILMER,FAY,"SNATCHERS MONTEZUMA","A Boring Epistle of a Sumo Wrestler And a Woman who must Escape a Man in The Canadian Rockies",Classics,9
KILMER,FAY,"SECRET GROUNDHOG","A Astounding Story of a Cat And a Database Administrator who must Build a Technical Writer in New Orleans",Documentary,21
KILMER,FAY,"SPICE SORORITY","A Fateful Display of a Pioneer And a Hunter who must Defeat a Husband in An Abandoned Mine Shaft",Drama,20
KILMER,FAY,"RACER EGG","A Emotional Display of a Monkey And a Waitress who must Reach a Secret Agent in California",Drama,18
KILMER,FAY,"HARRY IDAHO","A Taut Yarn of a Technical Writer And a Feminist who must Outrace a Dog in California",Drama,30
KILMER,FAY,"SHOOTIST SUPERFLY","A Fast-Paced Story of a Crocodile And a A Shark who must Sink a Pioneer in Berlin",Drama,24
KILMER,FAY,"MOVIE SHAKESPEARE","A Insightful Display of a Database Administrator And a Student who must Build a Hunter in Berlin",Family,27
KILMER,FAY,"JET NEIGHBORS","A Amazing Display of a Lumberjack And a Teacher who must Outrace a Woman in A U-Boat",Foreign,20
KILMER,FAY,"AIRPORT POLLOCK","A Epic Tale of a Moose And a Girl who must Confront a Monkey in Ancient India",Horror,18
KILMER,FAY,"FLAMINGOS CONNECTICUT","A Fast-Paced Reflection of a Composer And a Composer who must Meet a Cat in The Sahara Desert",New,23
KILMER,FAY,"FRONTIER CABIN","A Emotional Story of a Madman And a Waitress who must Battle a Teacher in An Abandoned Fun House",New,6
KILMER,FAY,"VACATION BOONDOCK","A Fanciful Character Study of a Secret Agent And a Mad Scientist who must Reach a Teacher in Australia",Sci-Fi,21
KILMER,FAY,"NEMO CAMPUS","A Lacklusture Reflection of a Monkey And a Squirrel who must Outrace a Womanizer in A Manhattan Penthouse",Sci-Fi,14
KILMER,FAY,"CRUSADE HONEY","A Fast-Paced Reflection of a Explorer And a Butler who must Battle a Madman in An Abandoned Amusement Park",Sports,8
KILMER,FAY,"ANONYMOUS HUMAN","A Amazing Reflection of a Database Administrator And a Astronaut who must Outrace a Database Administrator in A Shark Tank",Sports,13
KILMER,FAY,"MUSSOLINI SPOILERS","A Thrilling Display of a Boat And a Monkey who must Meet a Composer in Ancient China",Sports,5
KILMER,FAY,"BIRD INDEPENDENCE","A Thrilling Documentary of a Car And a Student who must Sink a Hunter in The Canadian Rockies",Travel,11
KILMER,FAY,"FELLOWSHIP AUTUMN","A Lacklusture Reflection of a Dentist And a Hunter who must Meet a Teacher in A Baloon",Travel,26
KILMER,MINNIE,"RINGS HEARTBREAKERS","A Amazing Yarn of a Sumo Wrestler And a Boat who must Conquer a Waitress in New Orleans",Action,15
KILMER,MINNIE,"JEEPERS WEDDING","A Astounding Display of a Composer And a Dog who must Kill a Pastry Chef in Soviet Georgia",Classics,16
KILMER,MINNIE,"LOVELY JINGLE","A Fanciful Yarn of a Crocodile And a Forensic Psychologist who must Discover a Crocodile in The Outback",Classics,14
KILMER,MINNIE,"CONSPIRACY SPIRIT","A Awe-Inspiring Story of a Student And a Frisbee who must Conquer a Crocodile in An Abandoned Mine Shaft",Classics,5
KILMER,MINNIE,"SADDLE ANTITRUST","A Stunning Epistle of a Feminist And a A Shark who must Battle a Woman in An Abandoned Fun House",Comedy,14
KILMER,MINNIE,"HUSTLER PARTY","A Emotional Reflection of a Sumo Wrestler And a Monkey who must Conquer a Robot in The Sahara Desert",Comedy,22
KILMER,MINNIE,"VELVET TERMINATOR","A Lacklusture Tale of a Pastry Chef And a Technical Writer who must Confront a Crocodile in An Abandoned Amusement Park",Comedy,26
KILMER,MINNIE,"NORTH TEQUILA","A Beautiful Character Study of a Mad Cow And a Robot who must Reach a Womanizer in New Orleans",Documentary,11
KILMER,MINNIE,"SAVANNAH TOWN","A Awe-Inspiring Tale of a Astronaut And a Database Administrator who must Chase a Secret Agent in The Gulf of Mexico",Drama,12
KILMER,MINNIE,"BEETHOVEN EXORCIST","A Epic Display of a Pioneer And a Student who must Challenge a Butler in The Gulf of Mexico",Drama,11
KILMER,MINNIE,"DINOSAUR SECRETARY","A Action-Packed Drama of a Feminist And a Girl who must Reach a Robot in The Canadian Rockies",Family,20
KILMER,MINNIE,"JASON TRAP","A Thoughtful Tale of a Woman And a A Shark who must Conquer a Dog in A Monastery",Family,24
KILMER,MINNIE,"JET NEIGHBORS","A Amazing Display of a Lumberjack And a Teacher who must Outrace a Woman in A U-Boat",Foreign,20
KILMER,MINNIE,"BABY HALL","A Boring Character Study of a A Shark And a Girl who must Outrace a Feminist in An Abandoned Mine Shaft",Foreign,8
KILMER,MINNIE,"TYCOON GATHERING","A Emotional Display of a Husband And a A Shark who must Succumb a Madman in A Manhattan Penthouse",Games,12
KILMER,MINNIE,"STOCK GLASS","A Boring Epistle of a Crocodile And a Lumberjack who must Outgun a Moose in Ancient China",New,14
KILMER,MINNIE,"CHAPLIN LICENSE","A Boring Drama of a Dog And a Forensic Psychologist who must Outrace a Explorer in Ancient India",New,8
KILMER,MINNIE,"SOLDIERS EVOLUTION","A Lacklusture Panorama of a A Shark And a Pioneer who must Confront a Student in The First Manned Space Station",Sci-Fi,8
KILMER,MINNIE,"DAISY MENAGERIE","A Fast-Paced Saga of a Pastry Chef And a Monkey who must Sink a Composer in Ancient India",Sci-Fi,16
KILMER,MINNIE,"WORKER TARZAN","A Action-Packed Yarn of a Secret Agent And a Technical Writer who must Battle a Sumo Wrestler in The First Manned Space Station",Travel,15
KILMER,OPRAH,"PARK CITIZEN","A Taut Epistle of a Sumo Wrestler And a Girl who must Face a Husband in Ancient Japan",Action,8
KILMER,OPRAH,"WEREWOLF LOLA","A Fanciful Story of a Man And a Sumo Wrestler who must Outrace a Student in A Monastery",Action,14
KILMER,OPRAH,"MIDNIGHT WESTWARD","A Taut Reflection of a Husband And a A Shark who must Redeem a Pastry Chef in A Monastery",Action,17
KILMER,OPRAH,"CAROL TEXAS","A Astounding Character Study of a Composer And a Student who must Overcome a Composer in A Monastery",Animation,18
KILMER,OPRAH,"ALTER VICTORY","A Thoughtful Drama of a Composer And a Feminist who must Meet a Secret Agent in The Canadian Rockies",Animation,22
KILMER,OPRAH,"HEARTBREAKERS BRIGHT","A Awe-Inspiring Documentary of a A Shark And a Dentist who must Outrace a Pastry Chef in The Canadian Rockies",Children,20
KILMER,OPRAH,"SHEPHERD MIDSUMMER","A Thoughtful Drama of a Robot And a Womanizer who must Kill a Lumberjack in A Baloon",Children,25
KILMER,OPRAH,"HEAVEN FREEDOM","A Intrepid Story of a Butler And a Car who must Vanquish a Man in New Orleans",Comedy,18
KILMER,OPRAH,"ANTHEM LUKE","A Touching Panorama of a Waitress And a Woman who must Outrace a Dog in An Abandoned Amusement Park",Comedy,15
KILMER,OPRAH,"AIRPLANE SIERRA","A Touching Saga of a Hunter And a Butler who must Discover a Butler in A Jet Boat",Comedy,15
KILMER,OPRAH,"COAST RAINBOW","A Astounding Documentary of a Mad Cow And a Pioneer who must Challenge a Butler in The Sahara Desert",Documentary,21
KILMER,OPRAH,"ACADEMY DINOSAUR","A Epic Drama of a Feminist And a Mad Scientist who must Battle a Teacher in The Canadian Rockies",Documentary,23
KILMER,OPRAH,"BONNIE HOLOCAUST","A Fast-Paced Story of a Crocodile And a Robot who must Find a Moose in Ancient Japan",Documentary,16
KILMER,OPRAH,"EGG IGBY","A Beautiful Documentary of a Boat And a Sumo Wrestler who must Succumb a Database Administrator in The First Manned Space Station",Documentary,21
KILMER,OPRAH,"KISS GLORY","A Lacklusture Reflection of a Girl And a Husband who must Find a Robot in The Canadian Rockies",Foreign,22
KILMER,OPRAH,"HIGH ENCINO","A Fateful Saga of a Waitress And a Hunter who must Outrace a Sumo Wrestler in Australia",Horror,22
KILMER,OPRAH,"AFFAIR PREJUDICE","A Fanciful Documentary of a Frisbee And a Lumberjack who must Chase a Monkey in A Shark Tank",Horror,23
KILMER,OPRAH,"OLEANDER CLUE","A Boring Story of a Teacher And a Monkey who must Succumb a Forensic Psychologist in A Jet Boat",Music,10
KILMER,OPRAH,"APOCALYPSE FLAMINGOS","A Astounding Story of a Dog And a Squirrel who must Defeat a Woman in An Abandoned Amusement Park",New,6
KILMER,OPRAH,"ELIZABETH SHANE","A Lacklusture Display of a Womanizer And a Dog who must Face a Sumo Wrestler in Ancient Japan",Sports,10
KILMER,OPRAH,"STEERS ARMAGEDDON","A Stunning Character Study of a Car And a Girl who must Succumb a Car in A MySQL Convention",Sports,15
KILMER,OPRAH,"MUSSOLINI SPOILERS","A Thrilling Display of a Boat And a Monkey who must Meet a Composer in Ancient China",Sports,5
KILMER,REESE,"CAMPUS REMEMBER","A Astounding Drama of a Crocodile And a Mad Cow who must Build a Robot in A Jet Boat",Action,19
KILMER,REESE,"ALTER VICTORY","A Thoughtful Drama of a Composer And a Feminist who must Meet a Secret Agent in The Canadian Rockies",Animation,22
KILMER,REESE,"TRACY CIDER","A Touching Reflection of a Database Administrator And a Madman who must Build a Lumberjack in Nigeria",Animation,26
KILMER,REESE,"FORRESTER COMANCHEROS","A Fateful Tale of a Squirrel And a Forensic Psychologist who must Redeem a Man in Nigeria",Animation,27
KILMER,REESE,"BENEATH RUSH","A Astounding Panorama of a Man And a Monkey who must Discover a Man in The First Manned Space Station",Children,10
KILMER,REESE,"LOVER TRUMAN","A Emotional Yarn of a Robot And a Boy who must Outgun a Technical Writer in A U-Boat",Classics,10
KILMER,REESE,"JERK PAYCHECK","A Touching Character Study of a Pastry Chef And a Database Administrator who must Reach a A Shark in Ancient Japan",Classics,20
KILMER,REESE,"TOMORROW HUSTLER","A Thoughtful Story of a Moose And a Husband who must Face a Secret Agent in The Sahara Desert",Classics,25
KILMER,REESE,"PINOCCHIO SIMON","A Action-Packed Reflection of a Mad Scientist And a A Shark who must Find a Feminist in California",Comedy,20
KILMER,REESE,"WISDOM WORKER","A Unbelieveable Saga of a Forensic Psychologist And a Student who must Face a Squirrel in The First Manned Space Station",Comedy,9
KILMER,REESE,"KNOCK WARLOCK","A Unbelieveable Story of a Teacher And a Boat who must Confront a Moose in A Baloon",Comedy,24
KILMER,REESE,"UNITED PILOT","A Fast-Paced Reflection of a Cat And a Mad Cow who must Fight a Car in The Sahara Desert",Documentary,17
KILMER,REESE,"COAST RAINBOW","A Astounding Documentary of a Mad Cow And a Pioneer who must Challenge a Butler in The Sahara Desert",Documentary,21
KILMER,REESE,"HAWK CHILL","A Action-Packed Drama of a Mad Scientist And a Composer who must Outgun a Car in Australia",Documentary,7
KILMER,REESE,"DEEP CRUSADE","A Amazing Tale of a Crocodile And a Squirrel who must Discover a Composer in Australia",Documentary,14
KILMER,REESE,"SECRETS PARADISE","A Fateful Saga of a Cat And a Frisbee who must Kill a Girl in A Manhattan Penthouse",Family,20
KILMER,REESE,"WILLOW TRACY","A Brilliant Panorama of a Boat And a Astronaut who must Challenge a Teacher in A Manhattan Penthouse",Family,16
KILMER,REESE,"SLUMS DUCK","A Amazing Character Study of a Teacher And a Database Administrator who must Defeat a Waitress in A Jet Boat",Family,24
KILMER,REESE,"HIGHBALL POTTER","A Action-Packed Saga of a Husband And a Dog who must Redeem a Database Administrator in The Sahara Desert",Foreign,21
KILMER,REESE,"TOWN ARK","A Awe-Inspiring Documentary of a Moose And a Madman who must Meet a Dog in An Abandoned Mine Shaft",Foreign,14
KILMER,REESE,"INTRIGUE WORST","A Fanciful Character Study of a Explorer And a Mad Scientist who must Vanquish a Squirrel in A Jet Boat",Foreign,20
KILMER,REESE,"LAMBS CINCINATTI","A Insightful Story of a Man And a Feminist who must Fight a Composer in Australia",Games,10
KILMER,REESE,"CANDLES GRAPES","A Fanciful Character Study of a Monkey And a Explorer who must Build a Astronaut in An Abandoned Fun House",Games,23
KILMER,REESE,"BEHAVIOR RUNAWAY","A Unbelieveable Drama of a Student And a Husband who must Outrace a Sumo Wrestler in Berlin",Horror,13
KILMER,REESE,"SCALAWAG DUCK","A Fateful Reflection of a Car And a Teacher who must Confront a Waitress in A Monastery",Music,32
KILMER,REESE,"SILENCE KANE","A Emotional Drama of a Sumo Wrestler And a Dentist who must Confront a Sumo Wrestler in A Baloon",Music,16
KILMER,REESE,"UNBREAKABLE KARATE","A Amazing Character Study of a Robot And a Student who must Chase a Robot in Australia",New,21
KILMER,REESE,"RANDOM GO","A Fateful Drama of a Frisbee And a Student who must Confront a Cat in A Shark Tank",Sci-Fi,9
KILMER,REESE,"CRANES RESERVOIR","A Fanciful Documentary of a Teacher And a Dog who must Outgun a Forensic Psychologist in A Baloon Factory",Sports,11
KILMER,REESE,"INSTINCT AIRPORT","A Touching Documentary of a Mad Cow And a Explorer who must Confront a Butler in A Manhattan Penthouse",Sports,18
KILMER,REESE,"KRAMER CHOCOLATE","A Amazing Yarn of a Robot And a Pastry Chef who must Redeem a Mad Scientist in The Outback",Sports,9
KILMER,SANDRA,"BULL SHAWSHANK","A Fanciful Drama of a Moose And a Squirrel who must Conquer a Pioneer in The Canadian Rockies",Action,16
KILMER,SANDRA,"MAGNOLIA FORRESTER","A Thoughtful Documentary of a Composer And a Explorer who must Conquer a Dentist in New Orleans",Action,11
KILMER,SANDRA,"DARN FORRESTER","A Fateful Story of a A Shark And a Explorer who must Succumb a Technical Writer in A Jet Boat",Action,18
KILMER,SANDRA,"BLACKOUT PRIVATE","A Intrepid Yarn of a Pastry Chef And a Mad Scientist who must Challenge a Secret Agent in Ancient Japan",Animation,27
KILMER,SANDRA,"OZ LIAISONS","A Epic Yarn of a Mad Scientist And a Cat who must Confront a Womanizer in A Baloon Factory",Animation,24
KILMER,SANDRA,"SONS INTERVIEW","A Taut Character Study of a Explorer And a Mad Cow who must Battle a Hunter in Ancient China",Animation,15
KILMER,SANDRA,"GORGEOUS BINGO","A Action-Packed Display of a Sumo Wrestler And a Car who must Overcome a Waitress in A Baloon Factory",Children,19
KILMER,SANDRA,"STRANGER STRANGERS","A Awe-Inspiring Yarn of a Womanizer And a Explorer who must Fight a Woman in The First Manned Space Station",Children,11
KILMER,SANDRA,"SPLENDOR PATTON","A Taut Story of a Dog And a Explorer who must Find a Astronaut in Berlin",Children,21
KILMER,SANDRA,"JUMPING WRATH","A Touching Epistle of a Monkey And a Feminist who must Discover a Boat in Berlin",Children,24
KILMER,SANDRA,"LOVELY JINGLE","A Fanciful Yarn of a Crocodile And a Forensic Psychologist who must Discover a Crocodile in The Outback",Classics,14
KILMER,SANDRA,"CANDIDATE PERDITION","A Brilliant Epistle of a Composer And a Database Administrator who must Vanquish a Mad Scientist in The First Manned Space Station",Classics,18
KILMER,SANDRA,"STREAK RIDGEMONT","A Astounding Character Study of a Hunter And a Waitress who must Sink a Man in New Orleans",Documentary,16
KILMER,SANDRA,"SAVANNAH TOWN","A Awe-Inspiring Tale of a Astronaut And a Database Administrator who must Chase a Secret Agent in The Gulf of Mexico",Drama,12
KILMER,SANDRA,"HOTEL HAPPINESS","A Thrilling Yarn of a Pastry Chef And a A Shark who must Challenge a Mad Scientist in The Outback",Foreign,9
KILMER,SANDRA,"HELLFIGHTERS SIERRA","A Taut Reflection of a A Shark And a Dentist who must Battle a Boat in Soviet Georgia",Foreign,20
KILMER,SANDRA,"AGENT TRUMAN","A Intrepid Panorama of a Robot And a Boy who must Escape a Sumo Wrestler in Ancient China",Foreign,21
KILMER,SANDRA,"STATE WASTELAND","A Beautiful Display of a Cat And a Pastry Chef who must Outrace a Mad Cow in A Jet Boat",Games,13
KILMER,SANDRA,"CANDLES GRAPES","A Fanciful Character Study of a Monkey And a Explorer who must Build a Astronaut in An Abandoned Fun House",Games,23
KILMER,SANDRA,"STREETCAR INTENTIONS","A Insightful Character Study of a Waitress And a Crocodile who must Sink a Waitress in The Gulf of Mexico",Horror,25
KILMER,SANDRA,"SLEEPING SUSPECTS","A Stunning Reflection of a Sumo Wrestler And a Explorer who must Sink a Frisbee in A MySQL Convention",Horror,24
KILMER,SANDRA,"PERSONAL LADYBUGS","A Epic Saga of a Hunter And a Technical Writer who must Conquer a Cat in Ancient Japan",Music,14
KILMER,SANDRA,"OLEANDER CLUE","A Boring Story of a Teacher And a Monkey who must Succumb a Forensic Psychologist in A Jet Boat",Music,10
KILMER,SANDRA,"YOUTH KICK","A Touching Drama of a Teacher And a Cat who must Challenge a Technical Writer in A U-Boat",Music,6
KILMER,SANDRA,"DESTINY SATURDAY","A Touching Drama of a Crocodile And a Crocodile who must Conquer a Explorer in Soviet Georgia",New,16
KILMER,SANDRA,"VANISHED GARDEN","A Intrepid Character Study of a Squirrel And a A Shark who must Kill a Lumberjack in California",New,7
KILMER,SANDRA,"GOLDMINE TYCOON","A Brilliant Epistle of a Composer And a Frisbee who must Conquer a Husband in The Outback",Sci-Fi,27
KILMER,SANDRA,"IDENTITY LOVER","A Boring Tale of a Composer And a Mad Cow who must Defeat a Car in The Outback",Sci-Fi,13
KILMER,SANDRA,"DIVIDE MONSTER","A Intrepid Saga of a Man And a Forensic Psychologist who must Reach a Squirrel in A Monastery",Sci-Fi,21
KILMER,SANDRA,"POSEIDON FOREVER","A Thoughtful Epistle of a Womanizer And a Monkey who must Vanquish a Dentist in A Monastery",Sports,17
KILMER,SANDRA,"DRIVER ANNIE","A Lacklusture Character Study of a Butler And a Car who must Redeem a Boat in An Abandoned Fun House",Sports,18
KILMER,SANDRA,"SHAKESPEARE SADDLE","A Fast-Paced Panorama of a Lumberjack And a Database Administrator who must Defeat a Madman in A MySQL Convention",Sports,22
KILMER,SANDRA,"ARTIST COLDBLOODED","A Stunning Reflection of a Robot And a Moose who must Challenge a Woman in California",Sports,16
KILMER,SANDRA,"CASSIDY WYOMING","A Intrepid Drama of a Frisbee And a Hunter who must Kill a Secret Agent in New Orleans",Travel,6
KILMER,SANDRA,"WOLVES DESIRE","A Fast-Paced Drama of a Squirrel And a Robot who must Succumb a Technical Writer in A Manhattan Penthouse",Travel,21
KILMER,SANDRA,"SPEED SUIT","A Brilliant Display of a Frisbee And a Mad Scientist who must Succumb a Robot in Ancient China",Travel,9
LEIGH,MATTHEW,"CELEBRITY HORN","A Amazing Documentary of a Secret Agent And a Astronaut who must Vanquish a Hunter in A Shark Tank",Action,24
LEIGH,MATTHEW,"EASY GLADIATOR","A Fateful Story of a Monkey And a Girl who must Overcome a Pastry Chef in Ancient India",Action,23
LEIGH,MATTHEW,"GLASS DYING","A Astounding Drama of a Frisbee And a Astronaut who must Fight a Dog in Ancient Japan",Action,14
LEIGH,MATTHEW,"POTLUCK MIXED","A Beautiful Story of a Dog And a Technical Writer who must Outgun a Student in A Baloon",Animation,11
LEIGH,MATTHEW,"CANYON STOCK","A Thoughtful Reflection of a Waitress And a Feminist who must Escape a Squirrel in A Manhattan Penthouse",Animation,19
LEIGH,MATTHEW,"ROBBERS JOON","A Thoughtful Story of a Mad Scientist And a Waitress who must Confront a Forensic Psychologist in Soviet Georgia",Children,31
LEIGH,MATTHEW,"GIANT TROOPERS","A Fateful Display of a Feminist And a Monkey who must Vanquish a Monkey in The Canadian Rockies",Children,28
LEIGH,MATTHEW,"TOMORROW HUSTLER","A Thoughtful Story of a Moose And a Husband who must Face a Secret Agent in The Sahara Desert",Classics,25
LEIGH,MATTHEW,"DANCING FEVER","A Stunning Story of a Explorer And a Forensic Psychologist who must Face a Crocodile in A Shark Tank",Documentary,27
LEIGH,MATTHEW,"CUPBOARD SINNERS","A Emotional Reflection of a Frisbee And a Boat who must Reach a Pastry Chef in An Abandoned Amusement Park",Documentary,23
LEIGH,MATTHEW,"MOB DUFFEL","A Unbelieveable Documentary of a Frisbee And a Boat who must Meet a Boy in The Canadian Rockies",Drama,12
LEIGH,MATTHEW,"ORIENT CLOSER","A Astounding Epistle of a Technical Writer And a Teacher who must Fight a Squirrel in The Sahara Desert",Drama,17
LEIGH,MATTHEW,"VIETNAM SMOOCHY","A Lacklusture Display of a Butler And a Man who must Sink a Explorer in Soviet Georgia",Drama,15
LEIGH,MATTHEW,"FINDING ANACONDA","A Fateful Tale of a Database Administrator And a Girl who must Battle a Squirrel in New Orleans",Family,12
LEIGH,MATTHEW,"AFRICAN EGG","A Fast-Paced Documentary of a Pastry Chef And a Dentist who must Pursue a Forensic Psychologist in The Gulf of Mexico",Family,12
LEIGH,MATTHEW,"OPPOSITE NECKLACE","A Fateful Epistle of a Crocodile And a Moose who must Kill a Explorer in Nigeria",Family,13
LEIGH,MATTHEW,"SOUP WISDOM","A Fast-Paced Display of a Robot And a Butler who must Defeat a Butler in A MySQL Convention",Family,8
LEIGH,MATTHEW,"HOUSE DYNAMITE","A Taut Story of a Pioneer And a Squirrel who must Battle a Student in Soviet Georgia",Family,23
LEIGH,MATTHEW,"DAWN POND","A Thoughtful Documentary of a Dentist And a Forensic Psychologist who must Defeat a Waitress in Berlin",Games,18
LEIGH,MATTHEW,"WANDA CHAMBER","A Insightful Drama of a A Shark And a Pioneer who must Find a Womanizer in The Outback",Games,16
LEIGH,MATTHEW,"FREAKY POCUS","A Fast-Paced Documentary of a Pastry Chef And a Crocodile who must Chase a Squirrel in The Gulf of Mexico",Music,17
LEIGH,MATTHEW,"GREATEST NORTH","A Astounding Character Study of a Secret Agent And a Robot who must Build a A Shark in Berlin",Music,29
LEIGH,MATTHEW,"ENGLISH BULWORTH","A Intrepid Epistle of a Pastry Chef And a Pastry Chef who must Pursue a Crocodile in Ancient China",Sci-Fi,30
LEIGH,MATTHEW,"TROJAN TOMORROW","A Astounding Panorama of a Husband And a Sumo Wrestler who must Pursue a Boat in Ancient India",Sci-Fi,19
LEIGH,MATTHEW,"CRUSADE HONEY","A Fast-Paced Reflection of a Explorer And a Butler who must Battle a Madman in An Abandoned Amusement Park",Sports,8
LEIGH,MATTHEW,"MUSCLE BRIGHT","A Stunning Panorama of a Sumo Wrestler And a Husband who must Redeem a Madman in Ancient India",Travel,30
LEIGH,MATTHEW,"TRAFFIC HOBBIT","A Amazing Epistle of a Squirrel And a Lumberjack who must Succumb a Database Administrator in A U-Boat",Travel,5
LEIGH,MATTHEW,"GAMES BOWFINGER","A Astounding Documentary of a Butler And a Explorer who must Challenge a Butler in A Monastery",Travel,14
LOLLOBRIGIDA,JOHNNY,"RINGS HEARTBREAKERS","A Amazing Yarn of a Sumo Wrestler And a Boat who must Conquer a Waitress in New Orleans",Action,15
LOLLOBRIGIDA,JOHNNY,"GRAIL FRANKENSTEIN","A Unbelieveable Saga of a Teacher And a Monkey who must Fight a Girl in An Abandoned Mine Shaft",Action,10
LOLLOBRIGIDA,JOHNNY,"AMADEUS HOLY","A Emotional Display of a Pioneer And a Technical Writer who must Battle a Man in A Baloon",Action,21
LOLLOBRIGIDA,JOHNNY,"SUNRISE LEAGUE","A Beautiful Epistle of a Madman And a Butler who must Face a Crocodile in A Manhattan Penthouse",Animation,24
LOLLOBRIGIDA,JOHNNY,"HALL CASSIDY","A Beautiful Panorama of a Pastry Chef And a A Shark who must Battle a Pioneer in Soviet Georgia",Children,16
LOLLOBRIGIDA,JOHNNY,"DADDY PITTSBURGH","A Epic Story of a A Shark And a Student who must Confront a Explorer in The Gulf of Mexico",Comedy,13
LOLLOBRIGIDA,JOHNNY,"POCUS PULP","A Intrepid Yarn of a Frisbee And a Dog who must Build a Astronaut in A Baloon Factory",Documentary,26
LOLLOBRIGIDA,JOHNNY,"BONNIE HOLOCAUST","A Fast-Paced Story of a Crocodile And a Robot who must Find a Moose in Ancient Japan",Documentary,16
LOLLOBRIGIDA,JOHNNY,"METAL ARMAGEDDON","A Thrilling Display of a Lumberjack And a Crocodile who must Meet a Monkey in A Baloon Factory",Documentary,25
LOLLOBRIGIDA,JOHNNY,"PACIFIC AMISTAD","A Thrilling Yarn of a Dog And a Moose who must Kill a Pastry Chef in A Manhattan Penthouse",Documentary,24
LOLLOBRIGIDA,JOHNNY,"CHITTY LOCK","A Boring Epistle of a Boat And a Database Administrator who must Kill a Sumo Wrestler in The First Manned Space Station",Drama,8
LOLLOBRIGIDA,JOHNNY,"CONEHEADS SMOOCHY","A Touching Story of a Womanizer And a Composer who must Pursue a Husband in Nigeria",Drama,25
LOLLOBRIGIDA,JOHNNY,"FIRE WOLVES","A Intrepid Documentary of a Frisbee And a Dog who must Outrace a Lumberjack in Nigeria",Games,7
LOLLOBRIGIDA,JOHNNY,"LOVE SUICIDES","A Brilliant Panorama of a Hunter And a Explorer who must Pursue a Dentist in An Abandoned Fun House",Horror,20
LOLLOBRIGIDA,JOHNNY,"PATTON INTERVIEW","A Thrilling Documentary of a Composer And a Secret Agent who must Succumb a Cat in Berlin",Horror,23
LOLLOBRIGIDA,JOHNNY,"BANGER PINOCCHIO","A Awe-Inspiring Drama of a Car And a Pastry Chef who must Chase a Crocodile in The First Manned Space Station",Music,22
LOLLOBRIGIDA,JOHNNY,"HEAVENLY GUN","A Beautiful Yarn of a Forensic Psychologist And a Frisbee who must Battle a Moose in A Jet Boat",Music,7
LOLLOBRIGIDA,JOHNNY,"FRONTIER CABIN","A Emotional Story of a Madman And a Waitress who must Battle a Teacher in An Abandoned Fun House",New,6
LOLLOBRIGIDA,JOHNNY,"RIDGEMONT SUBMARINE","A Unbelieveable Drama of a Waitress And a Composer who must Sink a Mad Cow in Ancient Japan",New,32
LOLLOBRIGIDA,JOHNNY,"GOODFELLAS SALUTE","A Unbelieveable Tale of a Dog And a Explorer who must Sink a Mad Cow in A Baloon Factory",Sci-Fi,31
LOLLOBRIGIDA,JOHNNY,"DAISY MENAGERIE","A Fast-Paced Saga of a Pastry Chef And a Monkey who must Sink a Composer in Ancient India",Sci-Fi,16
LOLLOBRIGIDA,JOHNNY,"SOLDIERS EVOLUTION","A Lacklusture Panorama of a A Shark And a Pioneer who must Confront a Student in The First Manned Space Station",Sci-Fi,8
LOLLOBRIGIDA,JOHNNY,"STAR OPERATION","A Insightful Character Study of a Girl And a Car who must Pursue a Mad Cow in A Shark Tank",Sports,21
LOLLOBRIGIDA,JOHNNY,"GROOVE FICTION","A Unbelieveable Reflection of a Moose And a A Shark who must Defeat a Lumberjack in An Abandoned Mine Shaft",Sports,18
LOLLOBRIGIDA,JOHNNY,"KRAMER CHOCOLATE","A Amazing Yarn of a Robot And a Pastry Chef who must Redeem a Mad Scientist in The Outback",Sports,9
LOLLOBRIGIDA,JOHNNY,"SMILE EARRING","A Intrepid Drama of a Teacher And a Butler who must Build a Pastry Chef in Berlin",Travel,10
LOLLOBRIGIDA,JOHNNY,"ENOUGH RAGING","A Astounding Character Study of a Boat And a Secret Agent who must Find a Mad Cow in The Sahara Desert",Travel,18
LOLLOBRIGIDA,JOHNNY,"ESCAPE METROPOLIS","A Taut Yarn of a Astronaut And a Technical Writer who must Outgun a Boat in New Orleans",Travel,25
MALDEN,GRETA,"MIDNIGHT WESTWARD","A Taut Reflection of a Husband And a A Shark who must Redeem a Pastry Chef in A Monastery",Action,17
MALDEN,GRETA,"FANTASY TROOPERS","A Touching Saga of a Teacher And a Monkey who must Overcome a Secret Agent in A MySQL Convention",Action,26
MALDEN,GRETA,"DARKO DORADO","A Stunning Reflection of a Frisbee And a Husband who must Redeem a Dog in New Orleans",Action,11
MALDEN,GRETA,"FLYING HOOK","A Thrilling Display of a Mad Cow And a Dog who must Challenge a Frisbee in Nigeria",Animation,20
MALDEN,GRETA,"PRIDE ALAMO","A Thoughtful Drama of a A Shark And a Forensic Psychologist who must Vanquish a Student in Ancient India",Animation,16
MALDEN,GRETA,"MICROCOSMOS PARADISE","A Touching Character Study of a Boat And a Student who must Sink a A Shark in Nigeria",Children,13
MALDEN,GRETA,"MULAN MOON","A Emotional Saga of a Womanizer And a Pioneer who must Overcome a Dentist in A Baloon",Comedy,13
MALDEN,GRETA,"CLOSER BANG","A Unbelieveable Panorama of a Frisbee And a Hunter who must Vanquish a Monkey in Ancient India",Comedy,28
MALDEN,GRETA,"HARDLY ROBBERS","A Emotional Character Study of a Hunter And a Car who must Kill a Woman in Berlin",Documentary,4
MALDEN,GRETA,"NATIONAL STORY","A Taut Epistle of a Mad Scientist And a Girl who must Escape a Monkey in California",Documentary,19
MALDEN,GRETA,"WIFE TURN","A Awe-Inspiring Epistle of a Teacher And a Feminist who must Confront a Pioneer in Ancient Japan",Documentary,31
MALDEN,GRETA,"CONVERSATION DOWNHILL","A Taut Character Study of a Husband And a Waitress who must Sink a Squirrel in A MySQL Convention",Family,17
MALDEN,GRETA,"HOOSIERS BIRDCAGE","A Astounding Display of a Explorer And a Boat who must Vanquish a Car in The First Manned Space Station",Foreign,8
MALDEN,GRETA,"PAST SUICIDES","A Intrepid Tale of a Madman And a Astronaut who must Challenge a Hunter in A Monastery",Foreign,13
MALDEN,GRETA,"GENTLEMEN STAGE","A Awe-Inspiring Reflection of a Monkey And a Student who must Overcome a Dentist in The First Manned Space Station",Foreign,23
MALDEN,GRETA,"HAUNTING PIANIST","A Fast-Paced Story of a Database Administrator And a Composer who must Defeat a Squirrel in An Abandoned Amusement Park",Games,22
MALDEN,GRETA,"SPY MILE","A Thrilling Documentary of a Feminist And a Feminist who must Confront a Feminist in A Baloon",Games,27
MALDEN,GRETA,"LOVE SUICIDES","A Brilliant Panorama of a Hunter And a Explorer who must Pursue a Dentist in An Abandoned Fun House",Horror,20
MALDEN,GRETA,"ARABIA DOGMA","A Touching Epistle of a Madman And a Mad Cow who must Defeat a Student in Nigeria",Horror,13
MALDEN,GRETA,"ANALYZE HOOSIERS","A Thoughtful Display of a Explorer And a Pastry Chef who must Overcome a Feminist in The Sahara Desert",Horror,14
MALDEN,GRETA,"CARRIE BUNCH","A Amazing Epistle of a Student And a Astronaut who must Discover a Frisbee in The Canadian Rockies",Horror,23
MALDEN,GRETA,"FLASH WARS","A Astounding Saga of a Moose And a Pastry Chef who must Chase a Student in The Gulf of Mexico",New,13
MALDEN,GRETA,"TROOPERS METAL","A Fanciful Drama of a Monkey And a Feminist who must Sink a Man in Berlin",New,14
MALDEN,GRETA,"WEEKEND PERSONAL","A Fast-Paced Documentary of a Car And a Butler who must Find a Frisbee in A Jet Boat",Sci-Fi,18
MALDEN,GRETA,"ALADDIN CALENDAR","A Action-Packed Tale of a Man And a Lumberjack who must Reach a Feminist in Ancient China",Sports,23
MALDEN,GRETA,"EVOLUTION ALTER","A Fanciful Character Study of a Feminist And a Madman who must Find a Explorer in A Baloon Factory",Sports,12
MALDEN,GRETA,"KICK SAVANNAH","A Emotional Drama of a Monkey And a Robot who must Defeat a Monkey in New Orleans",Travel,20
MANSFIELD,ED,"BAREFOOT MANCHURIAN","A Intrepid Story of a Cat And a Student who must Vanquish a Girl in An Abandoned Amusement Park",Action,18
MANSFIELD,ED,"LUST LOCK","A Fanciful Panorama of a Hunter And a Dentist who must Meet a Secret Agent in The Sahara Desert",Action,15
MANSFIELD,ED,"EASY GLADIATOR","A Fateful Story of a Monkey And a Girl who must Overcome a Pastry Chef in Ancient India",Action,23
MANSFIELD,ED,"DEVIL DESIRE","A Beautiful Reflection of a Monkey And a Dentist who must Face a Database Administrator in Ancient Japan",Action,15
MANSFIELD,ED,"FALCON VOLUME","A Fateful Saga of a Sumo Wrestler And a Hunter who must Redeem a A Shark in New Orleans",Animation,22
MANSFIELD,ED,"DOORS PRESIDENT","A Awe-Inspiring Display of a Squirrel And a Woman who must Overcome a Boy in The Gulf of Mexico",Animation,19
MANSFIELD,ED,"OZ LIAISONS","A Epic Yarn of a Mad Scientist And a Cat who must Confront a Womanizer in A Baloon Factory",Animation,24
MANSFIELD,ED,"CROSSROADS CASUALTIES","A Intrepid Documentary of a Sumo Wrestler And a Astronaut who must Battle a Composer in The Outback",Animation,21
MANSFIELD,ED,"DAUGHTER MADIGAN","A Beautiful Tale of a Hunter And a Mad Scientist who must Confront a Squirrel in The First Manned Space Station",Children,9
MANSFIELD,ED,"WRONG BEHAVIOR","A Emotional Saga of a Crocodile And a Sumo Wrestler who must Discover a Mad Cow in New Orleans",Children,20
MANSFIELD,ED,"JERSEY SASSY","A Lacklusture Documentary of a Madman And a Mad Cow who must Find a Feminist in Ancient Japan",Children,6
MANSFIELD,ED,"SLING LUKE","A Intrepid Character Study of a Robot And a Monkey who must Reach a Secret Agent in An Abandoned Amusement Park",Classics,6
MANSFIELD,ED,"MAJESTIC FLOATS","A Thrilling Character Study of a Moose And a Student who must Escape a Butler in The First Manned Space Station",Documentary,17
MANSFIELD,ED,"SOMETHING DUCK","A Boring Character Study of a Car And a Husband who must Outgun a Frisbee in The First Manned Space Station",Drama,19
MANSFIELD,ED,"BEAUTY GREASE","A Fast-Paced Display of a Composer And a Moose who must Sink a Robot in An Abandoned Mine Shaft",Drama,22
MANSFIELD,ED,"HAROLD FRENCH","A Stunning Saga of a Sumo Wrestler And a Student who must Outrace a Moose in The Sahara Desert",Drama,8
MANSFIELD,ED,"DUMBO LUST","A Touching Display of a Feminist And a Dentist who must Conquer a Husband in The Gulf of Mexico",Family,6
MANSFIELD,ED,"HELLFIGHTERS SIERRA","A Taut Reflection of a A Shark And a Dentist who must Battle a Boat in Soviet Georgia",Foreign,20
MANSFIELD,ED,"SEVEN SWARM","A Unbelieveable Character Study of a Dog And a Mad Cow who must Kill a Monkey in Berlin",Games,5
MANSFIELD,ED,"STATE WASTELAND","A Beautiful Display of a Cat And a Pastry Chef who must Outrace a Mad Cow in A Jet Boat",Games,13
MANSFIELD,ED,"AMELIE HELLFIGHTERS","A Boring Drama of a Woman And a Squirrel who must Conquer a Student in A Baloon",Music,10
MANSFIELD,ED,"PLUTO OLEANDER","A Action-Packed Reflection of a Car And a Moose who must Outgun a Car in A Shark Tank",New,16
MANSFIELD,ED,"GODFATHER DIARY","A Stunning Saga of a Lumberjack And a Squirrel who must Chase a Car in The Outback",New,8
MANSFIELD,ED,"VAMPIRE WHALE","A Epic Story of a Lumberjack And a Monkey who must Confront a Pioneer in A MySQL Convention",New,12
MANSFIELD,ED,"SLEEPY JAPANESE","A Emotional Epistle of a Moose And a Composer who must Fight a Technical Writer in The Outback",New,21
MANSFIELD,ED,"ANGELS LIFE","A Thoughtful Display of a Woman And a Astronaut who must Battle a Robot in Berlin",New,22
MANSFIELD,ED,"NEMO CAMPUS","A Lacklusture Reflection of a Monkey And a Squirrel who must Outrace a Womanizer in A Manhattan Penthouse",Sci-Fi,14
MANSFIELD,ED,"JADE BUNCH","A Insightful Panorama of a Squirrel And a Mad Cow who must Confront a Student in The First Manned Space Station",Sports,18
MANSFIELD,ED,"HOLES BRANNIGAN","A Fast-Paced Reflection of a Technical Writer And a Student who must Fight a Boy in The Canadian Rockies",Sports,15
MANSFIELD,ED,"DROP WATERFRONT","A Fanciful Documentary of a Husband And a Explorer who must Reach a Madman in Ancient China",Sports,9
MANSFIELD,ED,"ESCAPE METROPOLIS","A Taut Yarn of a Astronaut And a Technical Writer who must Outgun a Boat in New Orleans",Travel,25
MARX,ELVIS,"BAREFOOT MANCHURIAN","A Intrepid Story of a Cat And a Student who must Vanquish a Girl in An Abandoned Amusement Park",Action,18
MARX,ELVIS,"WATERFRONT DELIVERANCE","A Unbelieveable Documentary of a Dentist And a Technical Writer who must Build a Womanizer in Nigeria",Action,17
MARX,ELVIS,"CADDYSHACK JEDI","A Awe-Inspiring Epistle of a Woman And a Madman who must Fight a Robot in Soviet Georgia",Action,16
MARX,ELVIS,"HOOK CHARIOTS","A Insightful Story of a Boy And a Dog who must Redeem a Boy in Australia",Animation,13
MARX,ELVIS,"GANGS PRIDE","A Taut Character Study of a Woman And a A Shark who must Confront a Frisbee in Berlin",Animation,27
MARX,ELVIS,"ANACONDA CONFESSIONS","A Lacklusture Display of a Dentist And a Dentist who must Fight a Girl in Australia",Animation,21
MARX,ELVIS,"BORROWERS BEDAZZLED","A Brilliant Epistle of a Teacher And a Sumo Wrestler who must Defeat a Man in An Abandoned Fun House",Animation,22
MARX,ELVIS,"JUMPING WRATH","A Touching Epistle of a Monkey And a Feminist who must Discover a Boat in Berlin",Children,24
MARX,ELVIS,"POLISH BROOKLYN","A Boring Character Study of a Database Administrator And a Lumberjack who must Reach a Madman in The Outback",Children,18
MARX,ELVIS,"LOVELY JINGLE","A Fanciful Yarn of a Crocodile And a Forensic Psychologist who must Discover a Crocodile in The Outback",Classics,14
MARX,ELVIS,"RIGHT CRANES","A Fateful Character Study of a Boat And a Cat who must Find a Database Administrator in A Jet Boat",Classics,10
MARX,ELVIS,"HOBBIT ALIEN","A Emotional Drama of a Husband And a Girl who must Outgun a Composer in The First Manned Space Station",Drama,31
MARX,ELVIS,"SEATTLE EXPECATIONS","A Insightful Reflection of a Crocodile And a Sumo Wrestler who must Meet a Technical Writer in The Sahara Desert",Drama,24
MARX,ELVIS,"CHITTY LOCK","A Boring Epistle of a Boat And a Database Administrator who must Kill a Sumo Wrestler in The First Manned Space Station",Drama,8
MARX,ELVIS,"ODDS BOOGIE","A Thrilling Yarn of a Feminist And a Madman who must Battle a Hunter in Berlin",Family,15
MARX,ELVIS,"JERICHO MULAN","A Amazing Yarn of a Hunter And a Butler who must Defeat a Boy in A Jet Boat",Games,17
MARX,ELVIS,"ALABAMA DEVIL","A Thoughtful Panorama of a Database Administrator And a Mad Scientist who must Outgun a Mad Scientist in A Jet Boat",Horror,12
MARX,ELVIS,"MOTIONS DETAILS","A Awe-Inspiring Reflection of a Dog And a Student who must Kill a Car in An Abandoned Fun House",Horror,16
MARX,ELVIS,"GOODFELLAS SALUTE","A Unbelieveable Tale of a Dog And a Explorer who must Sink a Mad Cow in A Baloon Factory",Sci-Fi,31
MARX,ELVIS,"TROJAN TOMORROW","A Astounding Panorama of a Husband And a Sumo Wrestler who must Pursue a Boat in Ancient India",Sci-Fi,19
MARX,ELVIS,"EVOLUTION ALTER","A Fanciful Character Study of a Feminist And a Madman who must Find a Explorer in A Baloon Factory",Sports,12
MARX,ELVIS,"EXPECATIONS NATURAL","A Amazing Drama of a Butler And a Husband who must Reach a A Shark in A U-Boat",Travel,18
MARX,ELVIS,"OUTLAW HANKY","A Thoughtful Story of a Astronaut And a Composer who must Conquer a Dog in The Sahara Desert",Travel,14
MCCONAUGHEY,CARY,"WATCH TRACY","A Fast-Paced Yarn of a Dog And a Frisbee who must Conquer a Hunter in Nigeria",Animation,16
MCCONAUGHEY,CARY,"DOUBLE WRATH","A Thoughtful Yarn of a Womanizer And a Dog who must Challenge a Madman in The Gulf of Mexico",Animation,25
MCCONAUGHEY,CARY,"BLACKOUT PRIVATE","A Intrepid Yarn of a Pastry Chef And a Mad Scientist who must Challenge a Secret Agent in Ancient Japan",Animation,27
MCCONAUGHEY,CARY,"FULL FLATLINERS","A Beautiful Documentary of a Astronaut And a Moose who must Pursue a Monkey in A Shark Tank",Children,5
MCCONAUGHEY,CARY,"WRONG BEHAVIOR","A Emotional Saga of a Crocodile And a Sumo Wrestler who must Discover a Mad Cow in New Orleans",Children,20
MCCONAUGHEY,CARY,"PREJUDICE OLEANDER","A Epic Saga of a Boy And a Dentist who must Outrace a Madman in A U-Boat",Classics,20
MCCONAUGHEY,CARY,"VELVET TERMINATOR","A Lacklusture Tale of a Pastry Chef And a Technical Writer who must Confront a Crocodile in An Abandoned Amusement Park",Comedy,26
MCCONAUGHEY,CARY,"DUFFEL APOCALYPSE","A Emotional Display of a Boat And a Explorer who must Challenge a Madman in A MySQL Convention",Documentary,7
MCCONAUGHEY,CARY,"ARMY FLINTSTONES","A Boring Saga of a Database Administrator And a Womanizer who must Battle a Waitress in Nigeria",Documentary,16
MCCONAUGHEY,CARY,"WEST LION","A Intrepid Drama of a Butler And a Lumberjack who must Challenge a Database Administrator in A Manhattan Penthouse",Drama,16
MCCONAUGHEY,CARY,"HUNTING MUSKETEERS","A Thrilling Reflection of a Pioneer And a Dentist who must Outrace a Womanizer in An Abandoned Mine Shaft",Family,15
MCCONAUGHEY,CARY,"INDIAN LOVE","A Insightful Saga of a Mad Scientist And a Mad Scientist who must Kill a Astronaut in An Abandoned Fun House",Family,16
MCCONAUGHEY,CARY,"MAUDE MOD","A Beautiful Documentary of a Forensic Psychologist And a Cat who must Reach a Astronaut in Nigeria",Foreign,8
MCCONAUGHEY,CARY,"RULES HUMAN","A Beautiful Epistle of a Astronaut And a Student who must Confront a Monkey in An Abandoned Fun House",Horror,16
MCCONAUGHEY,CARY,"ALI FOREVER","A Action-Packed Drama of a Dentist And a Crocodile who must Battle a Feminist in The Canadian Rockies",Horror,9
MCCONAUGHEY,CARY,"LOVERBOY ATTACKS","A Boring Story of a Car And a Butler who must Build a Girl in Soviet Georgia",New,12
MCCONAUGHEY,CARY,"AMISTAD MIDSUMMER","A Emotional Character Study of a Dentist And a Crocodile who must Meet a Sumo Wrestler in California",New,21
MCCONAUGHEY,CARY,"OKLAHOMA JUMANJI","A Thoughtful Drama of a Dentist And a Womanizer who must Meet a Husband in The Sahara Desert",New,6
MCCONAUGHEY,CARY,"CITIZEN SHREK","A Fanciful Character Study of a Technical Writer And a Husband who must Redeem a Robot in The Outback",Sci-Fi,13
MCCONAUGHEY,CARY,"DOLLS RAGE","A Thrilling Display of a Pioneer And a Frisbee who must Escape a Teacher in The Outback",Sci-Fi,9
MCCONAUGHEY,CARY,"BINGO TALENTED","A Touching Tale of a Girl And a Crocodile who must Discover a Waitress in Nigeria",Sci-Fi,29
MCCONAUGHEY,CARY,"MUSSOLINI SPOILERS","A Thrilling Display of a Boat And a Monkey who must Meet a Composer in Ancient China",Sports,5
MCCONAUGHEY,CARY,"DESPERATE TRAINSPOTTING","A Epic Yarn of a Forensic Psychologist And a Teacher who must Face a Lumberjack in California",Travel,6
MCCONAUGHEY,MICHELLE,"SOUTH WAIT","A Amazing Documentary of a Car And a Robot who must Escape a Lumberjack in An Abandoned Amusement Park",Action,22
MCCONAUGHEY,MICHELLE,"SUSPECTS QUILLS","A Emotional Epistle of a Pioneer And a Crocodile who must Battle a Man in A Manhattan Penthouse",Action,30
MCCONAUGHEY,MICHELLE,"WATERFRONT DELIVERANCE","A Unbelieveable Documentary of a Dentist And a Technical Writer who must Build a Womanizer in Nigeria",Action,17
MCCONAUGHEY,MICHELLE,"WAIT CIDER","A Intrepid Epistle of a Woman And a Forensic Psychologist who must Succumb a Astronaut in A Manhattan Penthouse",Animation,21
MCCONAUGHEY,MICHELLE,"FULL FLATLINERS","A Beautiful Documentary of a Astronaut And a Moose who must Pursue a Monkey in A Shark Tank",Children,5
MCCONAUGHEY,MICHELLE,"FARGO GANDHI","A Thrilling Reflection of a Pastry Chef And a Crocodile who must Reach a Teacher in The Outback",Children,24
MCCONAUGHEY,MICHELLE,"DRACULA CRYSTAL","A Thrilling Reflection of a Feminist And a Cat who must Find a Frisbee in An Abandoned Fun House",Classics,21
MCCONAUGHEY,MICHELLE,"REQUIEM TYCOON","A Unbelieveable Character Study of a Cat And a Database Administrator who must Pursue a Teacher in A Monastery",Classics,19
MCCONAUGHEY,MICHELLE,"DADDY PITTSBURGH","A Epic Story of a A Shark And a Student who must Confront a Explorer in The Gulf of Mexico",Comedy,13
MCCONAUGHEY,MICHELLE,"SPOILERS HELLFIGHTERS","A Fanciful Story of a Technical Writer And a Squirrel who must Defeat a Dog in The Gulf of Mexico",Documentary,10
MCCONAUGHEY,MICHELLE,"INTOLERABLE INTENTIONS","A Awe-Inspiring Story of a Monkey And a Pastry Chef who must Succumb a Womanizer in A MySQL Convention",Documentary,9
MCCONAUGHEY,MICHELLE,"KWAI HOMEWARD","A Amazing Drama of a Car And a Squirrel who must Pursue a Car in Soviet Georgia",Drama,23
MCCONAUGHEY,MICHELLE,"BAKED CLEOPATRA","A Stunning Drama of a Forensic Psychologist And a Husband who must Overcome a Waitress in A Monastery",Family,16
MCCONAUGHEY,MICHELLE,"BANG KWAI","A Epic Drama of a Madman And a Cat who must Face a A Shark in An Abandoned Amusement Park",Family,7
MCCONAUGHEY,MICHELLE,"EVERYONE CRAFT","A Fateful Display of a Waitress And a Dentist who must Reach a Butler in Nigeria",Foreign,13
MCCONAUGHEY,MICHELLE,"HELLFIGHTERS SIERRA","A Taut Reflection of a A Shark And a Dentist who must Battle a Boat in Soviet Georgia",Foreign,20
MCCONAUGHEY,MICHELLE,"MIXED DOORS","A Taut Drama of a Womanizer And a Lumberjack who must Succumb a Pioneer in Ancient India",Foreign,4
MCCONAUGHEY,MICHELLE,"PANKY SUBMARINE","A Touching Documentary of a Dentist And a Sumo Wrestler who must Overcome a Boy in The Gulf of Mexico",Games,15
MCCONAUGHEY,MICHELLE,"DETAILS PACKER","A Epic Saga of a Waitress And a Composer who must Face a Boat in A U-Boat",Games,19
MCCONAUGHEY,MICHELLE,"STREETCAR INTENTIONS","A Insightful Character Study of a Waitress And a Crocodile who must Sink a Waitress in The Gulf of Mexico",Horror,25
MCCONAUGHEY,MICHELLE,"BOWFINGER GABLES","A Fast-Paced Yarn of a Waitress And a Composer who must Outgun a Dentist in California",Horror,11
MCCONAUGHEY,MICHELLE,"IMAGE PRINCESS","A Lacklusture Panorama of a Secret Agent And a Crocodile who must Discover a Madman in The Canadian Rockies",Sports,14
MCCONAUGHEY,MICHELLE,"NORTHWEST POLISH","A Boring Character Study of a Boy And a A Shark who must Outrace a Womanizer in The Outback",Sports,20
MCDORMAND,MORGAN,"DARKO DORADO","A Stunning Reflection of a Frisbee And a Husband who must Redeem a Dog in New Orleans",Action,11
MCDORMAND,MORGAN,"CLUELESS BUCKET","A Taut Tale of a Car And a Pioneer who must Conquer a Sumo Wrestler in An Abandoned Fun House",Action,25
MCDORMAND,MORGAN,"CROW GREASE","A Awe-Inspiring Documentary of a Woman And a Husband who must Sink a Database Administrator in The First Manned Space Station",Action,12
MCDORMAND,MORGAN,"WRONG BEHAVIOR","A Emotional Saga of a Crocodile And a Sumo Wrestler who must Discover a Mad Cow in New Orleans",Children,20
MCDORMAND,MORGAN,"BETRAYED REAR","A Emotional Character Study of a Boat And a Pioneer who must Find a Explorer in A Shark Tank",Children,15
MCDORMAND,MORGAN,"HOLY TADPOLE","A Action-Packed Display of a Feminist And a Pioneer who must Pursue a Dog in A Baloon Factory",Classics,9
MCDORMAND,MORGAN,"CRAZY HOME","A Fanciful Panorama of a Boy And a Woman who must Vanquish a Database Administrator in The Outback",Comedy,9
MCDORMAND,MORGAN,"SAGEBRUSH CLUELESS","A Insightful Story of a Lumberjack And a Hunter who must Kill a Boy in Ancient Japan",Documentary,16
MCDORMAND,MORGAN,"SPICE SORORITY","A Fateful Display of a Pioneer And a Hunter who must Defeat a Husband in An Abandoned Mine Shaft",Drama,20
MCDORMAND,MORGAN,"SUNSET RACER","A Awe-Inspiring Reflection of a Astronaut And a A Shark who must Defeat a Forensic Psychologist in California",Family,8
MCDORMAND,MORGAN,"WASH HEAVENLY","A Awe-Inspiring Reflection of a Cat And a Pioneer who must Escape a Hunter in Ancient China",Foreign,23
MCDORMAND,MORGAN,"ILLUSION AMELIE","A Emotional Epistle of a Boat And a Mad Scientist who must Outrace a Robot in An Abandoned Mine Shaft",Foreign,15
MCDORMAND,MORGAN,"SUIT WALLS","A Touching Panorama of a Lumberjack And a Frisbee who must Build a Dog in Australia",Games,21
MCDORMAND,MORGAN,"SLEUTH ORIENT","A Fateful Character Study of a Husband And a Dog who must Find a Feminist in Ancient India",Games,21
MCDORMAND,MORGAN,"ALI FOREVER","A Action-Packed Drama of a Dentist And a Crocodile who must Battle a Feminist in The Canadian Rockies",Horror,9
MCDORMAND,MORGAN,"TROOPERS METAL","A Fanciful Drama of a Monkey And a Feminist who must Sink a Man in Berlin",New,14
MCDORMAND,MORGAN,"FATAL HAUNTED","A Beautiful Drama of a Student And a Secret Agent who must Confront a Dentist in Ancient Japan",New,28
MCDORMAND,MORGAN,"LOVERBOY ATTACKS","A Boring Story of a Car And a Butler who must Build a Girl in Soviet Georgia",New,12
MCDORMAND,MORGAN,"BOULEVARD MOB","A Fateful Epistle of a Moose And a Monkey who must Confront a Lumberjack in Ancient China",New,18
MCDORMAND,MORGAN,"NEIGHBORS CHARADE","A Fanciful Reflection of a Crocodile And a Astronaut who must Outrace a Feminist in An Abandoned Amusement Park",Sports,19
MCDORMAND,MORGAN,"DRIVER ANNIE","A Lacklusture Character Study of a Butler And a Car who must Redeem a Boat in An Abandoned Fun House",Sports,18
MCDORMAND,MORGAN,"STAR OPERATION","A Insightful Character Study of a Girl And a Car who must Pursue a Mad Cow in A Shark Tank",Sports,21
MCDORMAND,MORGAN,"HOLES BRANNIGAN","A Fast-Paced Reflection of a Technical Writer And a Student who must Fight a Boy in The Canadian Rockies",Sports,15
MCDORMAND,MORGAN,"DIVORCE SHINING","A Unbelieveable Saga of a Crocodile And a Student who must Discover a Cat in Ancient India",Sports,7
MCDORMAND,MORGAN,"FROGMEN BREAKING","A Unbelieveable Yarn of a Mad Scientist And a Cat who must Chase a Lumberjack in Australia",Travel,10
MCKELLEN,GENE,"HORN WORKING","A Stunning Display of a Mad Scientist And a Technical Writer who must Succumb a Monkey in A Shark Tank",Animation,24
MCKELLEN,GENE,"OZ LIAISONS","A Epic Yarn of a Mad Scientist And a Cat who must Confront a Womanizer in A Baloon Factory",Animation,24
MCKELLEN,GENE,"CRAZY HOME","A Fanciful Panorama of a Boy And a Woman who must Vanquish a Database Administrator in The Outback",Comedy,9
MCKELLEN,GENE,"LIFE TWISTED","A Thrilling Reflection of a Teacher And a Composer who must Find a Man in The First Manned Space Station",Comedy,10
MCKELLEN,GENE,"HAROLD FRENCH","A Stunning Saga of a Sumo Wrestler And a Student who must Outrace a Moose in The Sahara Desert",Drama,8
MCKELLEN,GENE,"PITY BOUND","A Boring Panorama of a Feminist And a Moose who must Defeat a Database Administrator in Nigeria",Drama,26
MCKELLEN,GENE,"SPICE SORORITY","A Fateful Display of a Pioneer And a Hunter who must Defeat a Husband in An Abandoned Mine Shaft",Drama,20
MCKELLEN,GENE,"TREATMENT JEKYLL","A Boring Story of a Teacher And a Student who must Outgun a Cat in An Abandoned Mine Shaft",Drama,7
MCKELLEN,GENE,"CONFUSED CANDLES","A Stunning Epistle of a Cat And a Forensic Psychologist who must Confront a Pioneer in A Baloon",Family,17
MCKELLEN,GENE,"INDIAN LOVE","A Insightful Saga of a Mad Scientist And a Mad Scientist who must Kill a Astronaut in An Abandoned Fun House",Family,16
MCKELLEN,GENE,"BALLROOM MOCKINGBIRD","A Thrilling Documentary of a Composer And a Monkey who must Find a Feminist in California",Foreign,8
MCKELLEN,GENE,"RESERVOIR ADAPTATION","A Intrepid Drama of a Teacher And a Moose who must Kill a Car in California",Foreign,10
MCKELLEN,GENE,"MASSACRE USUAL","A Fateful Reflection of a Waitress And a Crocodile who must Challenge a Forensic Psychologist in California",Games,30
MCKELLEN,GENE,"WANDA CHAMBER","A Insightful Drama of a A Shark And a Pioneer who must Find a Womanizer in The Outback",Games,16
MCKELLEN,GENE,"PIZZA JUMANJI","A Epic Saga of a Cat And a Squirrel who must Outgun a Robot in A U-Boat",Games,7
MCKELLEN,GENE,"BOOGIE AMELIE","A Lacklusture Character Study of a Husband And a Sumo Wrestler who must Succumb a Technical Writer in The Gulf of Mexico",Music,29
MCKELLEN,GENE,"ALASKA PHANTOM","A Fanciful Saga of a Hunter And a Pastry Chef who must Vanquish a Boy in Australia",Music,26
MCKELLEN,GENE,"GO PURPLE","A Fast-Paced Display of a Car And a Database Administrator who must Battle a Woman in A Baloon",Music,20
MCKELLEN,GENE,"RUNAWAY TENENBAUMS","A Thoughtful Documentary of a Boat And a Man who must Meet a Boat in An Abandoned Fun House",New,8
MCKELLEN,GENE,"EVE RESURRECTION","A Awe-Inspiring Yarn of a Pastry Chef And a Database Administrator who must Challenge a Teacher in A Baloon",New,7
MCKELLEN,GENE,"DIVIDE MONSTER","A Intrepid Saga of a Man And a Forensic Psychologist who must Reach a Squirrel in A Monastery",Sci-Fi,21
MCKELLEN,GENE,"BARBARELLA STREETCAR","A Awe-Inspiring Story of a Feminist And a Cat who must Conquer a Dog in A Monastery",Sci-Fi,25
MCKELLEN,GENE,"ARMAGEDDON LOST","A Fast-Paced Tale of a Boat And a Teacher who must Succumb a Composer in An Abandoned Mine Shaft",Sci-Fi,21
MCKELLEN,GENE,"DIVORCE SHINING","A Unbelieveable Saga of a Crocodile And a Student who must Discover a Cat in Ancient India",Sports,7
MCKELLEN,GENE,"SATURDAY LAMBS","A Thoughtful Reflection of a Mad Scientist And a Moose who must Kill a Husband in A Baloon",Sports,28
MCKELLEN,GENE,"SATISFACTION CONFIDENTIAL","A Lacklusture Yarn of a Dentist And a Butler who must Meet a Secret Agent in Ancient China",Sports,17
MCKELLEN,GENE,"MADIGAN DORADO","A Astounding Character Study of a A Shark And a A Shark who must Discover a Crocodile in The Outback",Travel,10
MCKELLEN,TOM,"KISSING DOLLS","A Insightful Reflection of a Pioneer And a Teacher who must Build a Composer in The First Manned Space Station",Action,20
MCKELLEN,TOM,"SHRUNK DIVINE","A Fateful Character Study of a Waitress And a Technical Writer who must Battle a Hunter in A Baloon",Action,14
MCKELLEN,TOM,"CADDYSHACK JEDI","A Awe-Inspiring Epistle of a Woman And a Madman who must Fight a Robot in Soviet Georgia",Action,16
MCKELLEN,TOM,"DONNIE ALLEY","A Awe-Inspiring Tale of a Butler And a Frisbee who must Vanquish a Teacher in Ancient Japan",Animation,14
MCKELLEN,TOM,"MISSION ZOOLANDER","A Intrepid Story of a Sumo Wrestler And a Teacher who must Meet a A Shark in An Abandoned Fun House",Animation,18
MCKELLEN,TOM,"CLUB GRAFFITI","A Epic Tale of a Pioneer And a Hunter who must Escape a Girl in A U-Boat",Animation,19
MCKELLEN,TOM,"DESIRE ALIEN","A Fast-Paced Tale of a Dog And a Forensic Psychologist who must Meet a Astronaut in The First Manned Space Station",Animation,8
MCKELLEN,TOM,"STRANGER STRANGERS","A Awe-Inspiring Yarn of a Womanizer And a Explorer who must Fight a Woman in The First Manned Space Station",Children,11
MCKELLEN,TOM,"MAGIC MALLRATS","A Touching Documentary of a Pastry Chef And a Pastry Chef who must Build a Mad Scientist in California",Children,7
MCKELLEN,TOM,"IDOLS SNATCHERS","A Insightful Drama of a Car And a Composer who must Fight a Man in A Monastery",Children,30
MCKELLEN,TOM,"FREEDOM CLEOPATRA","A Emotional Reflection of a Dentist And a Mad Cow who must Face a Squirrel in A Baloon",Comedy,5
MCKELLEN,TOM,"EGG IGBY","A Beautiful Documentary of a Boat And a Sumo Wrestler who must Succumb a Database Administrator in The First Manned Space Station",Documentary,21
MCKELLEN,TOM,"NECKLACE OUTBREAK","A Astounding Epistle of a Database Administrator And a Mad Scientist who must Pursue a Cat in California",Drama,15
MCKELLEN,TOM,"SPICE SORORITY","A Fateful Display of a Pioneer And a Hunter who must Defeat a Husband in An Abandoned Mine Shaft",Drama,20
MCKELLEN,TOM,"INDIAN LOVE","A Insightful Saga of a Mad Scientist And a Mad Scientist who must Kill a Astronaut in An Abandoned Fun House",Family,16
MCKELLEN,TOM,"PURPLE MOVIE","A Boring Display of a Pastry Chef And a Sumo Wrestler who must Discover a Frisbee in An Abandoned Amusement Park",Foreign,13
MCKELLEN,TOM,"GENTLEMEN STAGE","A Awe-Inspiring Reflection of a Monkey And a Student who must Overcome a Dentist in The First Manned Space Station",Foreign,23
MCKELLEN,TOM,"ANALYZE HOOSIERS","A Thoughtful Display of a Explorer And a Pastry Chef who must Overcome a Feminist in The Sahara Desert",Horror,14
MCKELLEN,TOM,"TARZAN VIDEOTAPE","A Fast-Paced Display of a Lumberjack And a Mad Scientist who must Succumb a Sumo Wrestler in The Sahara Desert",Horror,8
MCKELLEN,TOM,"LEGEND JEDI","A Awe-Inspiring Epistle of a Pioneer And a Student who must Outgun a Crocodile in The Outback",Music,9
MCKELLEN,TOM,"IDAHO LOVE","A Fast-Paced Drama of a Student And a Crocodile who must Meet a Database Administrator in The Outback",New,17
MCKELLEN,TOM,"FRISCO FORREST","A Beautiful Documentary of a Woman And a Pioneer who must Pursue a Mad Scientist in A Shark Tank",Sci-Fi,9
MCKELLEN,TOM,"STALLION SUNDANCE","A Fast-Paced Tale of a Car And a Dog who must Outgun a A Shark in Australia",Sci-Fi,7
MCKELLEN,TOM,"NEIGHBORS CHARADE","A Fanciful Reflection of a Crocodile And a Astronaut who must Outrace a Feminist in An Abandoned Amusement Park",Sports,19
MCKELLEN,TOM,"CONGENIALITY QUEST","A Touching Documentary of a Cat And a Pastry Chef who must Find a Lumberjack in A Baloon",Sports,22
MCQUEEN,CATE,"DARN FORRESTER","A Fateful Story of a A Shark And a Explorer who must Succumb a Technical Writer in A Jet Boat",Action,18
MCQUEEN,CATE,"PRIDE ALAMO","A Thoughtful Drama of a A Shark And a Forensic Psychologist who must Vanquish a Student in Ancient India",Animation,16
MCQUEEN,CATE,"MASSAGE IMAGE","A Fateful Drama of a Frisbee And a Crocodile who must Vanquish a Dog in The First Manned Space Station",Animation,12
MCQUEEN,CATE,"FLYING HOOK","A Thrilling Display of a Mad Cow And a Dog who must Challenge a Frisbee in Nigeria",Animation,20
MCQUEEN,CATE,"POTTER CONNECTICUT","A Thrilling Epistle of a Frisbee And a Cat who must Fight a Technical Writer in Berlin",Animation,17
MCQUEEN,CATE,"DOCTOR GRAIL","A Insightful Drama of a Womanizer And a Waitress who must Reach a Forensic Psychologist in The Outback",Children,7
MCQUEEN,CATE,"COMANCHEROS ENEMY","A Boring Saga of a Lumberjack And a Monkey who must Find a Monkey in The Gulf of Mexico",Children,6
MCQUEEN,CATE,"JERSEY SASSY","A Lacklusture Documentary of a Madman And a Mad Cow who must Find a Feminist in Ancient Japan",Children,6
MCQUEEN,CATE,"TOWERS HURRICANE","A Fateful Display of a Monkey And a Car who must Sink a Husband in A MySQL Convention",Classics,11
MCQUEEN,CATE,"SNATCH SLIPPER","A Insightful Panorama of a Woman And a Feminist who must Defeat a Forensic Psychologist in Berlin",Comedy,22
MCQUEEN,CATE,"CAPER MOTIONS","A Fateful Saga of a Moose And a Car who must Pursue a Woman in A MySQL Convention",Comedy,24
MCQUEEN,CATE,"SEARCHERS WAIT","A Fast-Paced Tale of a Car And a Mad Scientist who must Kill a Womanizer in Ancient Japan",Comedy,14
MCQUEEN,CATE,"HAWK CHILL","A Action-Packed Drama of a Mad Scientist And a Composer who must Outgun a Car in Australia",Documentary,7
MCQUEEN,CATE,"FRENCH HOLIDAY","A Thrilling Epistle of a Dog And a Feminist who must Kill a Madman in Berlin",Documentary,17
MCQUEEN,CATE,"PACIFIC AMISTAD","A Thrilling Yarn of a Dog And a Moose who must Kill a Pastry Chef in A Manhattan Penthouse",Documentary,24
MCQUEEN,CATE,"VIRGIN DAISY","A Awe-Inspiring Documentary of a Robot And a Mad Scientist who must Reach a Database Administrator in A Shark Tank",Drama,17
MCQUEEN,CATE,"BLOOD ARGONAUTS","A Boring Drama of a Explorer And a Man who must Kill a Lumberjack in A Manhattan Penthouse",Family,10
MCQUEEN,CATE,"GABLES METROPOLIS","A Fateful Display of a Cat And a Pioneer who must Challenge a Pastry Chef in A Baloon Factory",Family,19
MCQUEEN,CATE,"NAME DETECTIVE","A Touching Saga of a Sumo Wrestler And a Cat who must Pursue a Mad Scientist in Nigeria",Games,23
MCQUEEN,CATE,"VOLCANO TEXAS","A Awe-Inspiring Yarn of a Hunter And a Feminist who must Challenge a Dentist in The Outback",Games,22
MCQUEEN,CATE,"WATERSHIP FRONTIER","A Emotional Yarn of a Boat And a Crocodile who must Meet a Moose in Soviet Georgia",Horror,6
MCQUEEN,CATE,"PATTON INTERVIEW","A Thrilling Documentary of a Composer And a Secret Agent who must Succumb a Cat in Berlin",Horror,23
MCQUEEN,CATE,"LEGEND JEDI","A Awe-Inspiring Epistle of a Pioneer And a Student who must Outgun a Crocodile in The Outback",Music,9
MCQUEEN,CATE,"INSIDER ARIZONA","A Astounding Saga of a Mad Scientist And a Hunter who must Pursue a Robot in A Baloon Factory",Music,20
MCQUEEN,CATE,"SALUTE APOLLO","A Awe-Inspiring Character Study of a Boy And a Feminist who must Sink a Crocodile in Ancient China",New,23
MCQUEEN,CATE,"FIDDLER LOST","A Boring Tale of a Squirrel And a Dog who must Challenge a Madman in The Gulf of Mexico",Sci-Fi,10
MCQUEEN,CATE,"TROJAN TOMORROW","A Astounding Panorama of a Husband And a Sumo Wrestler who must Pursue a Boat in Ancient India",Sci-Fi,19
MCQUEEN,CATE,"ANNIE IDENTITY","A Amazing Panorama of a Pastry Chef And a Boat who must Escape a Woman in An Abandoned Amusement Park",Sci-Fi,22
MCQUEEN,CATE,"FACTORY DRAGON","A Action-Packed Saga of a Teacher And a Frisbee who must Escape a Lumberjack in The Sahara Desert",Travel,17
MCQUEEN,JULIA,"AMADEUS HOLY","A Emotional Display of a Pioneer And a Technical Writer who must Battle a Man in A Baloon",Action,21
MCQUEEN,JULIA,"MOCKINGBIRD HOLLYWOOD","A Thoughtful Panorama of a Man And a Car who must Sink a Composer in Berlin",Action,24
MCQUEEN,JULIA,"SLEEPLESS MONSOON","A Amazing Saga of a Moose And a Pastry Chef who must Escape a Butler in Australia",Animation,20
MCQUEEN,JULIA,"WONKA SEA","A Brilliant Saga of a Boat And a Mad Scientist who must Meet a Moose in Ancient India",Animation,18
MCQUEEN,JULIA,"TELEMARK HEARTBREAKERS","A Action-Packed Panorama of a Technical Writer And a Man who must Build a Forensic Psychologist in A Manhattan Penthouse",Animation,25
MCQUEEN,JULIA,"SWEETHEARTS SUSPECTS","A Brilliant Character Study of a Frisbee And a Sumo Wrestler who must Confront a Woman in The Gulf of Mexico",Children,29
MCQUEEN,JULIA,"TIES HUNGER","A Insightful Saga of a Astronaut And a Explorer who must Pursue a Mad Scientist in A U-Boat",Children,11
MCQUEEN,JULIA,"CIDER DESIRE","A Stunning Character Study of a Composer And a Mad Cow who must Succumb a Cat in Soviet Georgia",Documentary,19
MCQUEEN,JULIA,"BONNIE HOLOCAUST","A Fast-Paced Story of a Crocodile And a Robot who must Find a Moose in Ancient Japan",Documentary,16
MCQUEEN,JULIA,"YOUNG LANGUAGE","A Unbelieveable Yarn of a Boat And a Database Administrator who must Meet a Boy in The First Manned Space Station",Documentary,7
MCQUEEN,JULIA,"SCORPION APOLLO","A Awe-Inspiring Documentary of a Technical Writer And a Husband who must Meet a Monkey in An Abandoned Fun House",Drama,23
MCQUEEN,JULIA,"CONEHEADS SMOOCHY","A Touching Story of a Womanizer And a Composer who must Pursue a Husband in Nigeria",Drama,25
MCQUEEN,JULIA,"EFFECT GLADIATOR","A Beautiful Display of a Pastry Chef And a Pastry Chef who must Outgun a Forensic Psychologist in A Manhattan Penthouse",Family,25
MCQUEEN,JULIA,"PITTSBURGH HUNCHBACK","A Thrilling Epistle of a Boy And a Boat who must Find a Student in Soviet Georgia",Family,12
MCQUEEN,JULIA,"PILOT HOOSIERS","A Awe-Inspiring Reflection of a Crocodile And a Sumo Wrestler who must Meet a Forensic Psychologist in An Abandoned Mine Shaft",Family,16
MCQUEEN,JULIA,"PRESIDENT BANG","A Fateful Panorama of a Technical Writer And a Moose who must Battle a Robot in Soviet Georgia",Family,7
MCQUEEN,JULIA,"KISS GLORY","A Lacklusture Reflection of a Girl And a Husband who must Find a Robot in The Canadian Rockies",Foreign,22
MCQUEEN,JULIA,"MONTEREY LABYRINTH","A Awe-Inspiring Drama of a Monkey And a Composer who must Escape a Feminist in A U-Boat",Horror,13
MCQUEEN,JULIA,"SPIRIT FLINTSTONES","A Brilliant Yarn of a Cat And a Car who must Confront a Explorer in Ancient Japan",Horror,15
MCQUEEN,JULIA,"ARABIA DOGMA","A Touching Epistle of a Madman And a Mad Cow who must Defeat a Student in Nigeria",Horror,13
MCQUEEN,JULIA,"STRANGERS GRAFFITI","A Brilliant Character Study of a Secret Agent And a Man who must Find a Cat in The Gulf of Mexico",Horror,17
MCQUEEN,JULIA,"HIGH ENCINO","A Fateful Saga of a Waitress And a Hunter who must Outrace a Sumo Wrestler in Australia",Horror,22
MCQUEEN,JULIA,"FREDDY STORM","A Intrepid Saga of a Man And a Lumberjack who must Vanquish a Husband in The Outback",Horror,23
MCQUEEN,JULIA,"TRAIN BUNCH","A Thrilling Character Study of a Robot And a Squirrel who must Face a Dog in Ancient India",Horror,4
MCQUEEN,JULIA,"JAWBREAKER BROOKLYN","A Stunning Reflection of a Boat And a Pastry Chef who must Succumb a A Shark in A Jet Boat",Music,10
MCQUEEN,JULIA,"LUCKY FLYING","A Lacklusture Character Study of a A Shark And a Man who must Find a Forensic Psychologist in A U-Boat",Music,13
MCQUEEN,JULIA,"INSIDER ARIZONA","A Astounding Saga of a Mad Scientist And a Hunter who must Pursue a Robot in A Baloon Factory",Music,20
MCQUEEN,JULIA,"HANOVER GALAXY","A Stunning Reflection of a Girl And a Secret Agent who must Succumb a Boy in A MySQL Convention",Music,17
MCQUEEN,JULIA,"OPEN AFRICAN","A Lacklusture Drama of a Secret Agent And a Explorer who must Discover a Car in A U-Boat",Sci-Fi,21
MCQUEEN,JULIA,"WEEKEND PERSONAL","A Fast-Paced Documentary of a Car And a Butler who must Find a Frisbee in A Jet Boat",Sci-Fi,18
MCQUEEN,JULIA,"KRAMER CHOCOLATE","A Amazing Yarn of a Robot And a Pastry Chef who must Redeem a Mad Scientist in The Outback",Sports,9
MCQUEEN,JULIA,"GAMES BOWFINGER","A Astounding Documentary of a Butler And a Explorer who must Challenge a Butler in A Monastery",Travel,14
MIRANDA,TOM,"SUNRISE LEAGUE","A Beautiful Epistle of a Madman And a Butler who must Face a Crocodile in A Manhattan Penthouse",Animation,24
MIRANDA,TOM,"LABYRINTH LEAGUE","A Awe-Inspiring Saga of a Composer And a Frisbee who must Succumb a Pioneer in The Sahara Desert",Children,15
MIRANDA,TOM,"MEMENTO ZOOLANDER","A Touching Epistle of a Squirrel And a Explorer who must Redeem a Pastry Chef in The Sahara Desert",Comedy,13
MIRANDA,TOM,"KNOCK WARLOCK","A Unbelieveable Story of a Teacher And a Boat who must Confront a Moose in A Baloon",Comedy,24
MIRANDA,TOM,"VALLEY PACKER","A Astounding Documentary of a Astronaut And a Boy who must Outrace a Sumo Wrestler in Berlin",Comedy,15
MIRANDA,TOM,"POCUS PULP","A Intrepid Yarn of a Frisbee And a Dog who must Build a Astronaut in A Baloon Factory",Documentary,26
MIRANDA,TOM,"TRANSLATION SUMMER","A Touching Reflection of a Man And a Monkey who must Pursue a Womanizer in A MySQL Convention",Drama,15
MIRANDA,TOM,"FEUD FROGMEN","A Brilliant Reflection of a Database Administrator And a Mad Cow who must Chase a Woman in The Canadian Rockies",Family,25
MIRANDA,TOM,"CHASING FIGHT","A Astounding Saga of a Technical Writer And a Butler who must Battle a Butler in A Shark Tank",Family,20
MIRANDA,TOM,"SUPER WYOMING","A Action-Packed Saga of a Pastry Chef And a Explorer who must Discover a A Shark in The Outback",Family,13
MIRANDA,TOM,"KISS GLORY","A Lacklusture Reflection of a Girl And a Husband who must Find a Robot in The Canadian Rockies",Foreign,22
MIRANDA,TOM,"ROCKETEER MOTHER","A Awe-Inspiring Character Study of a Robot And a Sumo Wrestler who must Discover a Womanizer in A Shark Tank",Foreign,33
MIRANDA,TOM,"SUIT WALLS","A Touching Panorama of a Lumberjack And a Frisbee who must Build a Dog in Australia",Games,21
MIRANDA,TOM,"MADRE GABLES","A Intrepid Panorama of a Sumo Wrestler And a Forensic Psychologist who must Discover a Moose in The First Manned Space Station",Games,14
MIRANDA,TOM,"LOVE SUICIDES","A Brilliant Panorama of a Hunter And a Explorer who must Pursue a Dentist in An Abandoned Fun House",Horror,20
MIRANDA,TOM,"TARZAN VIDEOTAPE","A Fast-Paced Display of a Lumberjack And a Mad Scientist who must Succumb a Sumo Wrestler in The Sahara Desert",Horror,8
MIRANDA,TOM,"PATTON INTERVIEW","A Thrilling Documentary of a Composer And a Secret Agent who must Succumb a Cat in Berlin",Horror,23
MIRANDA,TOM,"LOLA AGENT","A Astounding Tale of a Mad Scientist And a Husband who must Redeem a Database Administrator in Ancient Japan",Horror,24
MIRANDA,TOM,"ANALYZE HOOSIERS","A Thoughtful Display of a Explorer And a Pastry Chef who must Overcome a Feminist in The Sahara Desert",Horror,14
MIRANDA,TOM,"UNDEFEATED DALMATIONS","A Unbelieveable Display of a Crocodile And a Feminist who must Overcome a Moose in An Abandoned Amusement Park",Horror,21
MIRANDA,TOM,"FREAKY POCUS","A Fast-Paced Documentary of a Pastry Chef And a Crocodile who must Chase a Squirrel in The Gulf of Mexico",Music,17
MIRANDA,TOM,"PERSONAL LADYBUGS","A Epic Saga of a Hunter And a Technical Writer who must Conquer a Cat in Ancient Japan",Music,14
MIRANDA,TOM,"FLAMINGOS CONNECTICUT","A Fast-Paced Reflection of a Composer And a Composer who must Meet a Cat in The Sahara Desert",New,23
MIRANDA,TOM,"SILVERADO GOLDFINGER","A Stunning Epistle of a Sumo Wrestler And a Man who must Challenge a Waitress in Ancient India",Sci-Fi,12
MIRANDA,TOM,"TIGHTS DAWN","A Thrilling Epistle of a Boat And a Secret Agent who must Face a Boy in A Baloon",Sports,26
MIRANDA,TOM,"OUTLAW HANKY","A Thoughtful Story of a Astronaut And a Composer who must Conquer a Dog in The Sahara Desert",Travel,14
MONROE,LISA,"CROW GREASE","A Awe-Inspiring Documentary of a Woman And a Husband who must Sink a Database Administrator in The First Manned Space Station",Action,12
MONROE,LISA,"CLUB GRAFFITI","A Epic Tale of a Pioneer And a Hunter who must Escape a Girl in A U-Boat",Animation,19
MONROE,LISA,"LOVER TRUMAN","A Emotional Yarn of a Robot And a Boy who must Outgun a Technical Writer in A U-Boat",Classics,10
MONROE,LISA,"ROOTS REMEMBER","A Brilliant Drama of a Mad Cow And a Hunter who must Escape a Hunter in Berlin",Classics,17
MONROE,LISA,"ZORRO ARK","A Intrepid Panorama of a Mad Scientist And a Boy who must Redeem a Boy in A Monastery",Comedy,31
MONROE,LISA,"COAST RAINBOW","A Astounding Documentary of a Mad Cow And a Pioneer who must Challenge a Butler in The Sahara Desert",Documentary,21
MONROE,LISA,"QUILLS BULL","A Thoughtful Story of a Pioneer And a Woman who must Reach a Moose in Australia",Documentary,16
MONROE,LISA,"MOD SECRETARY","A Boring Documentary of a Mad Cow And a Cat who must Build a Lumberjack in New Orleans",Documentary,11
MONROE,LISA,"CHITTY LOCK","A Boring Epistle of a Boat And a Database Administrator who must Kill a Sumo Wrestler in The First Manned Space Station",Drama,8
MONROE,LISA,"EFFECT GLADIATOR","A Beautiful Display of a Pastry Chef And a Pastry Chef who must Outgun a Forensic Psychologist in A Manhattan Penthouse",Family,25
MONROE,LISA,"FICTION CHRISTMAS","A Emotional Yarn of a A Shark And a Student who must Battle a Robot in An Abandoned Mine Shaft",Foreign,19
MONROE,LISA,"JERICHO MULAN","A Amazing Yarn of a Hunter And a Butler who must Defeat a Boy in A Jet Boat",Games,17
MONROE,LISA,"SASSY PACKER","A Fast-Paced Documentary of a Dog And a Teacher who must Find a Moose in A Manhattan Penthouse",Games,13
MONROE,LISA,"ARABIA DOGMA","A Touching Epistle of a Madman And a Mad Cow who must Defeat a Student in Nigeria",Horror,13
MONROE,LISA,"ANYTHING SAVANNAH","A Epic Story of a Pastry Chef And a Woman who must Chase a Feminist in An Abandoned Fun House",Horror,9
MONROE,LISA,"WON DARES","A Unbelieveable Documentary of a Teacher And a Monkey who must Defeat a Explorer in A U-Boat",Music,9
MONROE,LISA,"WILD APOLLO","A Beautiful Story of a Monkey And a Sumo Wrestler who must Conquer a A Shark in A MySQL Convention",New,6
MONROE,LISA,"BUTTERFLY CHOCOLAT","A Fateful Story of a Girl And a Composer who must Conquer a Husband in A Shark Tank",New,30
MONROE,LISA,"VACATION BOONDOCK","A Fanciful Character Study of a Secret Agent And a Mad Scientist who must Reach a Teacher in Australia",Sci-Fi,21
MONROE,LISA,"HANKY OCTOBER","A Boring Epistle of a Database Administrator And a Explorer who must Pursue a Madman in Soviet Georgia",Sci-Fi,26
MONROE,LISA,"CRUSADE HONEY","A Fast-Paced Reflection of a Explorer And a Butler who must Battle a Madman in An Abandoned Amusement Park",Sports,8
MONROE,LISA,"RIVER OUTLAW","A Thrilling Character Study of a Squirrel And a Lumberjack who must Face a Hunter in A MySQL Convention",Sports,20
MONROE,LISA,"LESSON CLEOPATRA","A Emotional Display of a Man And a Explorer who must Build a Boy in A Manhattan Penthouse",Sports,7
MONROE,PENELOPE,"REAR TRADING","A Awe-Inspiring Reflection of a Forensic Psychologist And a Secret Agent who must Succumb a Pastry Chef in Soviet Georgia",Action,17
MONROE,PENELOPE,"TRIP NEWTON","A Fanciful Character Study of a Lumberjack And a Car who must Discover a Cat in An Abandoned Amusement Park",Action,28
MONROE,PENELOPE,"PARK CITIZEN","A Taut Epistle of a Sumo Wrestler And a Girl who must Face a Husband in Ancient Japan",Action,8
MONROE,PENELOPE,"DARES PLUTO","A Fateful Story of a Robot And a Dentist who must Defeat a Astronaut in New Orleans",Animation,9
MONROE,PENELOPE,"JUGGLER HARDLY","A Epic Story of a Mad Cow And a Astronaut who must Challenge a Car in California",Animation,32
MONROE,PENELOPE,"CHRISTMAS MOONSHINE","A Action-Packed Epistle of a Feminist And a Astronaut who must Conquer a Boat in A Manhattan Penthouse",Children,21
MONROE,PENELOPE,"DOCTOR GRAIL","A Insightful Drama of a Womanizer And a Waitress who must Reach a Forensic Psychologist in The Outback",Children,7
MONROE,PENELOPE,"HOLOCAUST HIGHBALL","A Awe-Inspiring Yarn of a Composer And a Man who must Find a Robot in Soviet Georgia",Children,17
MONROE,PENELOPE,"RANGE MOONWALKER","A Insightful Documentary of a Hunter And a Dentist who must Confront a Crocodile in A Baloon",Family,27
MONROE,PENELOPE,"PITTSBURGH HUNCHBACK","A Thrilling Epistle of a Boy And a Boat who must Find a Student in Soviet Georgia",Family,12
MONROE,PENELOPE,"DINOSAUR SECRETARY","A Action-Packed Drama of a Feminist And a Girl who must Reach a Robot in The Canadian Rockies",Family,20
MONROE,PENELOPE,"BEDAZZLED MARRIED","A Astounding Character Study of a Madman And a Robot who must Meet a Mad Scientist in An Abandoned Fun House",Family,13
MONROE,PENELOPE,"ORANGE GRAPES","A Astounding Documentary of a Butler And a Womanizer who must Face a Dog in A U-Boat",Foreign,24
MONROE,PENELOPE,"HELLFIGHTERS SIERRA","A Taut Reflection of a A Shark And a Dentist who must Battle a Boat in Soviet Georgia",Foreign,20
MONROE,PENELOPE,"ROUGE SQUAD","A Awe-Inspiring Drama of a Astronaut And a Frisbee who must Conquer a Mad Scientist in Australia",Games,18
MONROE,PENELOPE,"REEF SALUTE","A Action-Packed Saga of a Teacher And a Lumberjack who must Battle a Dentist in A Baloon",Horror,11
MONROE,PENELOPE,"SPIRIT FLINTSTONES","A Brilliant Yarn of a Cat And a Car who must Confront a Explorer in Ancient Japan",Horror,15
MONROE,PENELOPE,"DRIVING POLISH","A Action-Packed Yarn of a Feminist And a Technical Writer who must Sink a Boat in An Abandoned Mine Shaft",Music,21
MONROE,PENELOPE,"WYOMING STORM","A Awe-Inspiring Panorama of a Robot And a Boat who must Overcome a Feminist in A U-Boat",New,13
MONROE,PENELOPE,"MONEY HAROLD","A Touching Tale of a Explorer And a Boat who must Defeat a Robot in Australia",New,20
MONROE,PENELOPE,"POSEIDON FOREVER","A Thoughtful Epistle of a Womanizer And a Monkey who must Vanquish a Dentist in A Monastery",Sports,17
MONROE,PENELOPE,"TOURIST PELICAN","A Boring Story of a Butler And a Astronaut who must Outrace a Pioneer in Australia",Sports,22
MONROE,PENELOPE,"TOMATOES HELLFIGHTERS","A Thoughtful Epistle of a Madman And a Astronaut who must Overcome a Monkey in A Shark Tank",Travel,14
MONROE,PENELOPE,"BASIC EASY","A Stunning Epistle of a Man And a Husband who must Reach a Mad Scientist in A Jet Boat",Travel,21
MONROE,PENELOPE,"LEATHERNECKS DWARFS","A Fateful Reflection of a Dog And a Mad Cow who must Outrace a Teacher in An Abandoned Mine Shaft",Travel,7
MOSTEL,GRACE,"BERETS AGENT","A Taut Saga of a Crocodile And a Boy who must Overcome a Technical Writer in Ancient China",Action,21
MOSTEL,GRACE,"EXCITEMENT EVE","A Brilliant Documentary of a Monkey And a Car who must Conquer a Crocodile in A Shark Tank",Action,21
MOSTEL,GRACE,"SLEEPLESS MONSOON","A Amazing Saga of a Moose And a Pastry Chef who must Escape a Butler in Australia",Animation,20
MOSTEL,GRACE,"TRACY CIDER","A Touching Reflection of a Database Administrator And a Madman who must Build a Lumberjack in Nigeria",Animation,26
MOSTEL,GRACE,"WARLOCK WEREWOLF","A Astounding Yarn of a Pioneer And a Crocodile who must Defeat a A Shark in The Outback",Children,6
MOSTEL,GRACE,"OCTOBER SUBMARINE","A Taut Epistle of a Monkey And a Boy who must Confront a Husband in A Jet Boat",Classics,11
MOSTEL,GRACE,"MALKOVICH PET","A Intrepid Reflection of a Waitress And a A Shark who must Kill a Squirrel in The Outback",Classics,26
MOSTEL,GRACE,"CONFESSIONS MAGUIRE","A Insightful Story of a Car And a Boy who must Battle a Technical Writer in A Baloon",Drama,14
MOSTEL,GRACE,"SAVANNAH TOWN","A Awe-Inspiring Tale of a Astronaut And a Database Administrator who must Chase a Secret Agent in The Gulf of Mexico",Drama,12
MOSTEL,GRACE,"DESTINATION JERK","A Beautiful Yarn of a Teacher And a Cat who must Build a Car in A U-Boat",Drama,8
MOSTEL,GRACE,"SAINTS BRIDE","A Fateful Tale of a Technical Writer And a Composer who must Pursue a Explorer in The Gulf of Mexico",Drama,8
MOSTEL,GRACE,"NECKLACE OUTBREAK","A Astounding Epistle of a Database Administrator And a Mad Scientist who must Pursue a Cat in California",Drama,15
MOSTEL,GRACE,"DECEIVER BETRAYED","A Taut Story of a Moose And a Squirrel who must Build a Husband in Ancient India",Drama,21
MOSTEL,GRACE,"TREATMENT JEKYLL","A Boring Story of a Teacher And a Student who must Outgun a Cat in An Abandoned Mine Shaft",Drama,7
MOSTEL,GRACE,"TOWN ARK","A Awe-Inspiring Documentary of a Moose And a Madman who must Meet a Dog in An Abandoned Mine Shaft",Foreign,14
MOSTEL,GRACE,"COMMAND DARLING","A Awe-Inspiring Tale of a Forensic Psychologist And a Woman who must Challenge a Database Administrator in Ancient Japan",Foreign,16
MOSTEL,GRACE,"WAR NOTTING","A Boring Drama of a Teacher And a Sumo Wrestler who must Challenge a Secret Agent in The Canadian Rockies",Foreign,12
MOSTEL,GRACE,"HELLFIGHTERS SIERRA","A Taut Reflection of a A Shark And a Dentist who must Battle a Boat in Soviet Georgia",Foreign,20
MOSTEL,GRACE,"SCISSORHANDS SLUMS","A Awe-Inspiring Drama of a Girl And a Technical Writer who must Meet a Feminist in The Canadian Rockies",Foreign,15
MOSTEL,GRACE,"ARACHNOPHOBIA ROLLERCOASTER","A Action-Packed Reflection of a Pastry Chef And a Composer who must Discover a Mad Scientist in The First Manned Space Station",Horror,24
MOSTEL,GRACE,"GASLIGHT CRUSADE","A Amazing Epistle of a Boy And a Astronaut who must Redeem a Man in The Gulf of Mexico",Horror,16
MOSTEL,GRACE,"SLEEPY JAPANESE","A Emotional Epistle of a Moose And a Composer who must Fight a Technical Writer in The Outback",New,21
MOSTEL,GRACE,"BREAKING HOME","A Beautiful Display of a Secret Agent And a Monkey who must Battle a Sumo Wrestler in An Abandoned Mine Shaft",New,13
MOSTEL,GRACE,"ANGELS LIFE","A Thoughtful Display of a Woman And a Astronaut who must Battle a Robot in Berlin",New,22
MOSTEL,GRACE,"STING PERSONAL","A Fanciful Drama of a Frisbee And a Dog who must Fight a Madman in A Jet Boat",New,21
MOSTEL,GRACE,"OPEN AFRICAN","A Lacklusture Drama of a Secret Agent And a Explorer who must Discover a Car in A U-Boat",Sci-Fi,21
MOSTEL,GRACE,"ANONYMOUS HUMAN","A Amazing Reflection of a Database Administrator And a Astronaut who must Outrace a Database Administrator in A Shark Tank",Sports,13
MOSTEL,GRACE,"INSTINCT AIRPORT","A Touching Documentary of a Mad Cow And a Explorer who must Confront a Butler in A Manhattan Penthouse",Sports,18
MOSTEL,GRACE,"POSEIDON FOREVER","A Thoughtful Epistle of a Womanizer And a Monkey who must Vanquish a Dentist in A Monastery",Sports,17
MOSTEL,JIM,"WOMEN DORADO","A Insightful Documentary of a Waitress And a Butler who must Vanquish a Composer in Australia",Action,23
MOSTEL,JIM,"DRAGON SQUAD","A Taut Reflection of a Boy And a Waitress who must Outgun a Teacher in Ancient China",Action,11
MOSTEL,JIM,"LEAGUE HELLFIGHTERS","A Thoughtful Saga of a A Shark And a Monkey who must Outgun a Student in Ancient China",Classics,17
MOSTEL,JIM,"PERFECT GROOVE","A Thrilling Yarn of a Dog And a Dog who must Build a Husband in A Baloon",Comedy,17
MOSTEL,JIM,"WISDOM WORKER","A Unbelieveable Saga of a Forensic Psychologist And a Student who must Face a Squirrel in The First Manned Space Station",Comedy,9
MOSTEL,JIM,"AIRPLANE SIERRA","A Touching Saga of a Hunter And a Butler who must Discover a Butler in A Jet Boat",Comedy,15
MOSTEL,JIM,"NEWSIES STORY","A Action-Packed Character Study of a Dog And a Lumberjack who must Outrace a Moose in The Gulf of Mexico",Documentary,7
MOSTEL,JIM,"NECKLACE OUTBREAK","A Astounding Epistle of a Database Administrator And a Mad Scientist who must Pursue a Cat in California",Drama,15
MOSTEL,JIM,"HELLFIGHTERS SIERRA","A Taut Reflection of a A Shark And a Dentist who must Battle a Boat in Soviet Georgia",Foreign,20
MOSTEL,JIM,"RESERVOIR ADAPTATION","A Intrepid Drama of a Teacher And a Moose who must Kill a Car in California",Foreign,10
MOSTEL,JIM,"GRINCH MASSAGE","A Intrepid Display of a Madman And a Feminist who must Pursue a Pioneer in The First Manned Space Station",Games,14
MOSTEL,JIM,"SPY MILE","A Thrilling Documentary of a Feminist And a Feminist who must Confront a Feminist in A Baloon",Games,27
MOSTEL,JIM,"JAPANESE RUN","A Awe-Inspiring Epistle of a Feminist And a Girl who must Sink a Girl in The Outback",Horror,6
MOSTEL,JIM,"MOTIONS DETAILS","A Awe-Inspiring Reflection of a Dog And a Student who must Kill a Car in An Abandoned Fun House",Horror,16
MOSTEL,JIM,"ROMAN PUNK","A Thoughtful Panorama of a Mad Cow And a Student who must Battle a Forensic Psychologist in Berlin",Music,24
MOSTEL,JIM,"OLEANDER CLUE","A Boring Story of a Teacher And a Monkey who must Succumb a Forensic Psychologist in A Jet Boat",Music,10
MOSTEL,JIM,"LUCKY FLYING","A Lacklusture Character Study of a A Shark And a Man who must Find a Forensic Psychologist in A U-Boat",Music,13
MOSTEL,JIM,"JUMANJI BLADE","A Intrepid Yarn of a Husband And a Womanizer who must Pursue a Mad Scientist in New Orleans",New,8
MOSTEL,JIM,"METROPOLIS COMA","A Emotional Saga of a Database Administrator And a Pastry Chef who must Confront a Teacher in A Baloon Factory",Sci-Fi,26
MOSTEL,JIM,"NEMO CAMPUS","A Lacklusture Reflection of a Monkey And a Squirrel who must Outrace a Womanizer in A Manhattan Penthouse",Sci-Fi,14
MOSTEL,JIM,"WEEKEND PERSONAL","A Fast-Paced Documentary of a Car And a Butler who must Find a Frisbee in A Jet Boat",Sci-Fi,18
MOSTEL,JIM,"SIERRA DIVIDE","A Emotional Character Study of a Frisbee And a Mad Scientist who must Build a Madman in California",Sports,15
MOSTEL,JIM,"ANONYMOUS HUMAN","A Amazing Reflection of a Database Administrator And a Astronaut who must Outrace a Database Administrator in A Shark Tank",Sports,13
MOSTEL,JIM,"FLATLINERS KILLER","A Taut Display of a Secret Agent And a Waitress who must Sink a Robot in An Abandoned Mine Shaft",Sports,22
MOSTEL,JIM,"BOILED DARES","A Awe-Inspiring Story of a Waitress And a Dog who must Discover a Dentist in Ancient Japan",Travel,15
NEESON,CHRISTIAN,"OZ LIAISONS","A Epic Yarn of a Mad Scientist And a Cat who must Confront a Womanizer in A Baloon Factory",Animation,24
NEESON,CHRISTIAN,"HORN WORKING","A Stunning Display of a Mad Scientist And a Technical Writer who must Succumb a Monkey in A Shark Tank",Animation,24
NEESON,CHRISTIAN,"PUNK DIVORCE","A Fast-Paced Tale of a Pastry Chef And a Boat who must Face a Frisbee in The Canadian Rockies",Animation,8
NEESON,CHRISTIAN,"HOLLYWOOD ANONYMOUS","A Fast-Paced Epistle of a Boy And a Explorer who must Escape a Dog in A U-Boat",Children,13
NEESON,CHRISTIAN,"LOVER TRUMAN","A Emotional Yarn of a Robot And a Boy who must Outgun a Technical Writer in A U-Boat",Classics,10
NEESON,CHRISTIAN,"SAVANNAH TOWN","A Awe-Inspiring Tale of a Astronaut And a Database Administrator who must Chase a Secret Agent in The Gulf of Mexico",Drama,12
NEESON,CHRISTIAN,"MOB DUFFEL","A Unbelieveable Documentary of a Frisbee And a Boat who must Meet a Boy in The Canadian Rockies",Drama,12
NEESON,CHRISTIAN,"OPPOSITE NECKLACE","A Fateful Epistle of a Crocodile And a Moose who must Kill a Explorer in Nigeria",Family,13
NEESON,CHRISTIAN,"SENSIBILITY REAR","A Emotional Tale of a Robot And a Sumo Wrestler who must Redeem a Pastry Chef in A Baloon Factory",Family,10
NEESON,CHRISTIAN,"SPLASH GUMP","A Taut Saga of a Crocodile And a Boat who must Conquer a Hunter in A Shark Tank",Family,14
NEESON,CHRISTIAN,"GLORY TRACY","A Amazing Saga of a Woman And a Womanizer who must Discover a Cat in The First Manned Space Station",Games,5
NEESON,CHRISTIAN,"LAMBS CINCINATTI","A Insightful Story of a Man And a Feminist who must Fight a Composer in Australia",Games,10
NEESON,CHRISTIAN,"WORLD LEATHERNECKS","A Unbelieveable Tale of a Pioneer And a Astronaut who must Overcome a Robot in An Abandoned Amusement Park",Horror,8
NEESON,CHRISTIAN,"LOVE SUICIDES","A Brilliant Panorama of a Hunter And a Explorer who must Pursue a Dentist in An Abandoned Fun House",Horror,20
NEESON,CHRISTIAN,"RUNNER MADIGAN","A Thoughtful Documentary of a Crocodile And a Robot who must Outrace a Womanizer in The Outback",Music,8
NEESON,CHRISTIAN,"SCALAWAG DUCK","A Fateful Reflection of a Car And a Teacher who must Confront a Waitress in A Monastery",Music,32
NEESON,CHRISTIAN,"SPIRITED CASUALTIES","A Taut Story of a Waitress And a Man who must Face a Car in A Baloon Factory",Sci-Fi,11
NEESON,CHRISTIAN,"GRAFFITI LOVE","A Unbelieveable Epistle of a Sumo Wrestler And a Hunter who must Build a Composer in Berlin",Sci-Fi,30
NEESON,CHRISTIAN,"DIVIDE MONSTER","A Intrepid Saga of a Man And a Forensic Psychologist who must Reach a Squirrel in A Monastery",Sci-Fi,21
NEESON,CHRISTIAN,"LIBERTY MAGNIFICENT","A Boring Drama of a Student And a Cat who must Sink a Technical Writer in A Baloon",Sports,12
NEESON,CHRISTIAN,"DIVORCE SHINING","A Unbelieveable Saga of a Crocodile And a Student who must Discover a Cat in Ancient India",Sports,7
NEESON,CHRISTIAN,"GRACELAND DYNAMITE","A Taut Display of a Cat And a Girl who must Overcome a Database Administrator in New Orleans",Sports,6
NEESON,CHRISTIAN,"LIAISONS SWEET","A Boring Drama of a A Shark And a Explorer who must Redeem a Waitress in The Canadian Rockies",Travel,22
NEESON,CHRISTIAN,"OUTLAW HANKY","A Thoughtful Story of a Astronaut And a Composer who must Conquer a Dog in The Sahara Desert",Travel,14
NEESON,CHRISTIAN,"FELLOWSHIP AUTUMN","A Lacklusture Reflection of a Dentist And a Hunter who must Meet a Teacher in A Baloon",Travel,26
NEESON,JAYNE,"GRAIL FRANKENSTEIN","A Unbelieveable Saga of a Teacher And a Monkey who must Fight a Girl in An Abandoned Mine Shaft",Action,10
NEESON,JAYNE,"QUEST MUSSOLINI","A Fateful Drama of a Husband And a Sumo Wrestler who must Battle a Pastry Chef in A Baloon Factory",Action,20
NEESON,JAYNE,"POLISH BROOKLYN","A Boring Character Study of a Database Administrator And a Lumberjack who must Reach a Madman in The Outback",Children,18
NEESON,JAYNE,"HYDE DOCTOR","A Fanciful Documentary of a Boy And a Woman who must Redeem a Womanizer in A Jet Boat",Classics,26
NEESON,JAYNE,"VOYAGE LEGALLY","A Epic Tale of a Squirrel And a Hunter who must Conquer a Boy in An Abandoned Mine Shaft",Classics,28
NEESON,JAYNE,"GROUNDHOG UNCUT","A Brilliant Panorama of a Astronaut And a Technical Writer who must Discover a Butler in A Manhattan Penthouse",Comedy,18
NEESON,JAYNE,"HEDWIG ALTER","A Action-Packed Yarn of a Womanizer And a Lumberjack who must Chase a Sumo Wrestler in A Monastery",Comedy,12
NEESON,JAYNE,"EXPENDABLE STALLION","A Amazing Character Study of a Mad Cow And a Squirrel who must Discover a Hunter in A U-Boat",Documentary,28
NEESON,JAYNE,"BROTHERHOOD BLANKET","A Fateful Character Study of a Butler And a Technical Writer who must Sink a Astronaut in Ancient Japan",Documentary,26
NEESON,JAYNE,"INDEPENDENCE HOTEL","A Thrilling Tale of a Technical Writer And a Boy who must Face a Pioneer in A Monastery",Documentary,19
NEESON,JAYNE,"CAUSE DATE","A Taut Tale of a Explorer And a Pastry Chef who must Conquer a Hunter in A MySQL Convention",Documentary,21
NEESON,JAYNE,"HALLOWEEN NUTS","A Amazing Panorama of a Forensic Psychologist And a Technical Writer who must Fight a Dentist in A U-Boat",Documentary,10
NEESON,JAYNE,"EDGE KISSING","A Beautiful Yarn of a Composer And a Mad Cow who must Redeem a Mad Scientist in A Jet Boat",Drama,15
NEESON,JAYNE,"DINOSAUR SECRETARY","A Action-Packed Drama of a Feminist And a Girl who must Reach a Robot in The Canadian Rockies",Family,20
NEESON,JAYNE,"HOMICIDE PEACH","A Astounding Documentary of a Hunter And a Boy who must Confront a Boy in A MySQL Convention",Family,22
NEESON,JAYNE,"AGENT TRUMAN","A Intrepid Panorama of a Robot And a Boy who must Escape a Sumo Wrestler in Ancient China",Foreign,21
NEESON,JAYNE,"BROOKLYN DESERT","A Beautiful Drama of a Dentist And a Composer who must Battle a Sumo Wrestler in The First Manned Space Station",Foreign,21
NEESON,JAYNE,"FRIDA SLIPPER","A Fateful Story of a Lumberjack And a Car who must Escape a Boat in An Abandoned Mine Shaft",Foreign,11
NEESON,JAYNE,"HAUNTING PIANIST","A Fast-Paced Story of a Database Administrator And a Composer who must Defeat a Squirrel in An Abandoned Amusement Park",Games,22
NEESON,JAYNE,"DARLING BREAKING","A Brilliant Documentary of a Astronaut And a Squirrel who must Succumb a Student in The Gulf of Mexico",Games,9
NEESON,JAYNE,"WORLD LEATHERNECKS","A Unbelieveable Tale of a Pioneer And a Astronaut who must Overcome a Robot in An Abandoned Amusement Park",Horror,8
NEESON,JAYNE,"BANGER PINOCCHIO","A Awe-Inspiring Drama of a Car And a Pastry Chef who must Chase a Crocodile in The First Manned Space Station",Music,22
NEESON,JAYNE,"HANOVER GALAXY","A Stunning Reflection of a Girl And a Secret Agent who must Succumb a Boy in A MySQL Convention",Music,17
NEESON,JAYNE,"INTERVIEW LIAISONS","A Action-Packed Reflection of a Student And a Butler who must Discover a Database Administrator in A Manhattan Penthouse",New,20
NEESON,JAYNE,"RECORDS ZORRO","A Amazing Drama of a Mad Scientist And a Composer who must Build a Husband in The Outback",Sports,8
NEESON,JAYNE,"ARTIST COLDBLOODED","A Stunning Reflection of a Robot And a Moose who must Challenge a Woman in California",Sports,16
NEESON,JAYNE,"WORKER TARZAN","A Action-Packed Yarn of a Secret Agent And a Technical Writer who must Battle a Sumo Wrestler in The First Manned Space Station",Travel,15
NEESON,JAYNE,"WOLVES DESIRE","A Fast-Paced Drama of a Squirrel And a Robot who must Succumb a Technical Writer in A Manhattan Penthouse",Travel,21
NICHOLSON,BETTE,"ANTITRUST TOMATOES","A Fateful Yarn of a Womanizer And a Feminist who must Succumb a Database Administrator in Ancient India",Action,10
NICHOLSON,BETTE,"CROSSROADS CASUALTIES","A Intrepid Documentary of a Sumo Wrestler And a Astronaut who must Battle a Composer in The Outback",Animation,21
NICHOLSON,BETTE,"TITANIC BOONDOCK","A Brilliant Reflection of a Feminist And a Dog who must Fight a Boy in A Baloon Factory",Animation,23
NICHOLSON,BETTE,"POTLUCK MIXED","A Beautiful Story of a Dog And a Technical Writer who must Outgun a Student in A Baloon",Animation,11
NICHOLSON,BETTE,"BIKINI BORROWERS","A Astounding Drama of a Astronaut And a Cat who must Discover a Woman in The First Manned Space Station",Animation,17
NICHOLSON,BETTE,"LANGUAGE COWBOY","A Epic Yarn of a Cat And a Madman who must Vanquish a Dentist in An Abandoned Amusement Park",Children,11
NICHOLSON,BETTE,"BEAST HUNCHBACK","A Awe-Inspiring Epistle of a Student And a Squirrel who must Defeat a Boy in Ancient China",Classics,11
NICHOLSON,BETTE,"COAST RAINBOW","A Astounding Documentary of a Mad Cow And a Pioneer who must Challenge a Butler in The Sahara Desert",Documentary,21
NICHOLSON,BETTE,"BANG KWAI","A Epic Drama of a Madman And a Cat who must Face a A Shark in An Abandoned Amusement Park",Family,7
NICHOLSON,BETTE,"CALENDAR GUNFIGHT","A Thrilling Drama of a Frisbee And a Lumberjack who must Sink a Man in Nigeria",Foreign,21
NICHOLSON,BETTE,"MULHOLLAND BEAST","A Awe-Inspiring Display of a Husband And a Squirrel who must Battle a Sumo Wrestler in A Jet Boat",Foreign,7
NICHOLSON,BETTE,"WYOMING STORM","A Awe-Inspiring Panorama of a Robot And a Boat who must Overcome a Feminist in A U-Boat",New,13
NICHOLSON,BETTE,"COLDBLOODED DARLING","A Brilliant Panorama of a Dentist And a Moose who must Find a Student in The Gulf of Mexico",Sci-Fi,16
NICHOLSON,BETTE,"KRAMER CHOCOLATE","A Amazing Yarn of a Robot And a Pastry Chef who must Redeem a Mad Scientist in The Outback",Sports,9
NICHOLSON,BETTE,"LESSON CLEOPATRA","A Emotional Display of a Man And a Explorer who must Build a Boy in A Manhattan Penthouse",Sports,7
NICHOLSON,BETTE,"DROP WATERFRONT","A Fanciful Documentary of a Husband And a Explorer who must Reach a Madman in Ancient China",Sports,9
NICHOLSON,BETTE,"LIBERTY MAGNIFICENT","A Boring Drama of a Student And a Cat who must Sink a Technical Writer in A Baloon",Sports,12
NICHOLSON,BETTE,"TRADING PINOCCHIO","A Emotional Character Study of a Student And a Explorer who must Discover a Frisbee in The First Manned Space Station",Sports,25
NICHOLSON,BETTE,"SPEED SUIT","A Brilliant Display of a Frisbee And a Mad Scientist who must Succumb a Robot in Ancient China",Travel,9
NICHOLSON,BETTE,"IGBY MAKER","A Epic Documentary of a Hunter And a Dog who must Outgun a Dog in A Baloon Factory",Travel,19
NOLTE,ALBERT,"PATRIOT ROMAN","A Taut Saga of a Robot And a Database Administrator who must Challenge a Astronaut in California",Action,16
NOLTE,ALBERT,"HANDICAP BOONDOCK","A Beautiful Display of a Pioneer And a Squirrel who must Vanquish a Sumo Wrestler in Soviet Georgia",Action,28
NOLTE,ALBERT,"DRAGON SQUAD","A Taut Reflection of a Boy And a Waitress who must Outgun a Teacher in Ancient China",Action,11
NOLTE,ALBERT,"IDOLS SNATCHERS","A Insightful Drama of a Car And a Composer who must Fight a Man in A Monastery",Children,30
NOLTE,ALBERT,"DOCTOR GRAIL","A Insightful Drama of a Womanizer And a Waitress who must Reach a Forensic Psychologist in The Outback",Children,7
NOLTE,ALBERT,"CRAZY HOME","A Fanciful Panorama of a Boy And a Woman who must Vanquish a Database Administrator in The Outback",Comedy,9
NOLTE,ALBERT,"FLINTSTONES HAPPINESS","A Fateful Story of a Husband And a Moose who must Vanquish a Boy in California",Comedy,17
NOLTE,ALBERT,"MEMENTO ZOOLANDER","A Touching Epistle of a Squirrel And a Explorer who must Redeem a Pastry Chef in The Sahara Desert",Comedy,13
NOLTE,ALBERT,"BED HIGHBALL","A Astounding Panorama of a Lumberjack And a Dog who must Redeem a Woman in An Abandoned Fun House",Documentary,6
NOLTE,ALBERT,"PITY BOUND","A Boring Panorama of a Feminist And a Moose who must Defeat a Database Administrator in Nigeria",Drama,26
NOLTE,ALBERT,"DALMATIONS SWEDEN","A Emotional Epistle of a Moose And a Hunter who must Overcome a Robot in A Manhattan Penthouse",Drama,20
NOLTE,ALBERT,"BRIGHT ENCOUNTERS","A Fateful Yarn of a Lumberjack And a Feminist who must Conquer a Student in A Jet Boat",Drama,13
NOLTE,ALBERT,"CONFUSED CANDLES","A Stunning Epistle of a Cat And a Forensic Psychologist who must Confront a Pioneer in A Baloon",Family,17
NOLTE,ALBERT,"HOMICIDE PEACH","A Astounding Documentary of a Hunter And a Boy who must Confront a Boy in A MySQL Convention",Family,22
NOLTE,ALBERT,"MANCHURIAN CURTAIN","A Stunning Tale of a Mad Cow And a Boy who must Battle a Boy in Berlin",Family,15
NOLTE,ALBERT,"RAGE GAMES","A Fast-Paced Saga of a Astronaut And a Secret Agent who must Escape a Hunter in An Abandoned Amusement Park",Family,19
NOLTE,ALBERT,"NEWTON LABYRINTH","A Intrepid Character Study of a Moose And a Waitress who must Find a A Shark in Ancient India",Foreign,17
NOLTE,ALBERT,"MIXED DOORS","A Taut Drama of a Womanizer And a Lumberjack who must Succumb a Pioneer in Ancient India",Foreign,4
NOLTE,ALBERT,"BROOKLYN DESERT","A Beautiful Drama of a Dentist And a Composer who must Battle a Sumo Wrestler in The First Manned Space Station",Foreign,21
NOLTE,ALBERT,"HELLFIGHTERS SIERRA","A Taut Reflection of a A Shark And a Dentist who must Battle a Boat in Soviet Georgia",Foreign,20
NOLTE,ALBERT,"TRAP GUYS","A Unbelieveable Story of a Boy And a Mad Cow who must Challenge a Database Administrator in The Sahara Desert",Foreign,16
NOLTE,ALBERT,"VOLCANO TEXAS","A Awe-Inspiring Yarn of a Hunter And a Feminist who must Challenge a Dentist in The Outback",Games,22
NOLTE,ALBERT,"WATERSHIP FRONTIER","A Emotional Yarn of a Boat And a Crocodile who must Meet a Moose in Soviet Georgia",Horror,6
NOLTE,ALBERT,"TAXI KICK","A Amazing Epistle of a Girl And a Woman who must Outrace a Waitress in Soviet Georgia",Music,17
NOLTE,ALBERT,"MOURNING PURPLE","A Lacklusture Display of a Waitress And a Lumberjack who must Chase a Pioneer in New Orleans",Sci-Fi,21
NOLTE,ALBERT,"FRISCO FORREST","A Beautiful Documentary of a Woman And a Pioneer who must Pursue a Mad Scientist in A Shark Tank",Sci-Fi,9
NOLTE,ALBERT,"CAMELOT VACATION","A Touching Character Study of a Woman And a Waitress who must Battle a Pastry Chef in A MySQL Convention",Sci-Fi,27
NOLTE,ALBERT,"GOLDMINE TYCOON","A Brilliant Epistle of a Composer And a Frisbee who must Conquer a Husband in The Outback",Sci-Fi,27
NOLTE,ALBERT,"HONEY TIES","A Taut Story of a Waitress And a Crocodile who must Outrace a Lumberjack in A Shark Tank",Sports,19
NOLTE,ALBERT,"GLEAMING JAWBREAKER","A Amazing Display of a Composer And a Forensic Psychologist who must Discover a Car in The Canadian Rockies",Sports,29
NOLTE,JAYNE,"LUST LOCK","A Fanciful Panorama of a Hunter And a Dentist who must Meet a Secret Agent in The Sahara Desert",Action,15
NOLTE,JAYNE,"PRIMARY GLASS","A Fateful Documentary of a Pastry Chef And a Butler who must Build a Dog in The Canadian Rockies",Action,27
NOLTE,JAYNE,"BULL SHAWSHANK","A Fanciful Drama of a Moose And a Squirrel who must Conquer a Pioneer in The Canadian Rockies",Action,16
NOLTE,JAYNE,"THIEF PELICAN","A Touching Documentary of a Madman And a Mad Scientist who must Outrace a Feminist in An Abandoned Mine Shaft",Animation,19
NOLTE,JAYNE,"TITANIC BOONDOCK","A Brilliant Reflection of a Feminist And a Dog who must Fight a Boy in A Baloon Factory",Animation,23
NOLTE,JAYNE,"HORN WORKING","A Stunning Display of a Mad Scientist And a Technical Writer who must Succumb a Monkey in A Shark Tank",Animation,24
NOLTE,JAYNE,"TELEMARK HEARTBREAKERS","A Action-Packed Panorama of a Technical Writer And a Man who must Build a Forensic Psychologist in A Manhattan Penthouse",Animation,25
NOLTE,JAYNE,"ANACONDA CONFESSIONS","A Lacklusture Display of a Dentist And a Dentist who must Fight a Girl in Australia",Animation,21
NOLTE,JAYNE,"WAIT CIDER","A Intrepid Epistle of a Woman And a Forensic Psychologist who must Succumb a Astronaut in A Manhattan Penthouse",Animation,21
NOLTE,JAYNE,"TIES HUNGER","A Insightful Saga of a Astronaut And a Explorer who must Pursue a Mad Scientist in A U-Boat",Children,11
NOLTE,JAYNE,"SWEETHEARTS SUSPECTS","A Brilliant Character Study of a Frisbee And a Sumo Wrestler who must Confront a Woman in The Gulf of Mexico",Children,29
NOLTE,JAYNE,"INVASION CYCLONE","A Lacklusture Character Study of a Mad Scientist And a Womanizer who must Outrace a Explorer in A Monastery",Children,27
NOLTE,JAYNE,"COMANCHEROS ENEMY","A Boring Saga of a Lumberjack And a Monkey who must Find a Monkey in The Gulf of Mexico",Children,6
NOLTE,JAYNE,"CREEPERS KANE","A Awe-Inspiring Reflection of a Squirrel And a Boat who must Outrace a Car in A Jet Boat",Classics,14
NOLTE,JAYNE,"WASTELAND DIVINE","A Fanciful Story of a Database Administrator And a Womanizer who must Fight a Database Administrator in Ancient China",Classics,15
NOLTE,JAYNE,"PERFECT GROOVE","A Thrilling Yarn of a Dog And a Dog who must Build a Husband in A Baloon",Comedy,17
NOLTE,JAYNE,"DANCING FEVER","A Stunning Story of a Explorer And a Forensic Psychologist who must Face a Crocodile in A Shark Tank",Documentary,27
NOLTE,JAYNE,"NOTORIOUS REUNION","A Amazing Epistle of a Woman And a Squirrel who must Fight a Hunter in A Baloon",Documentary,14
NOLTE,JAYNE,"REUNION WITCHES","A Unbelieveable Documentary of a Database Administrator And a Frisbee who must Redeem a Mad Scientist in A Baloon Factory",Drama,20
NOLTE,JAYNE,"BEDAZZLED MARRIED","A Astounding Character Study of a Madman And a Robot who must Meet a Mad Scientist in An Abandoned Fun House",Family,13
NOLTE,JAYNE,"BRAVEHEART HUMAN","A Insightful Story of a Dog And a Pastry Chef who must Battle a Girl in Berlin",Family,5
NOLTE,JAYNE,"FEATHERS METAL","A Thoughtful Yarn of a Monkey And a Teacher who must Find a Dog in Australia",Games,11
NOLTE,JAYNE,"LAMBS CINCINATTI","A Insightful Story of a Man And a Feminist who must Fight a Composer in Australia",Games,10
NOLTE,JAYNE,"ICE CROSSING","A Fast-Paced Tale of a Butler And a Moose who must Overcome a Pioneer in A Manhattan Penthouse",Games,24
NOLTE,JAYNE,"STRANGERS GRAFFITI","A Brilliant Character Study of a Secret Agent And a Man who must Find a Cat in The Gulf of Mexico",Horror,17
NOLTE,JAYNE,"OUTFIELD MASSACRE","A Thoughtful Drama of a Husband And a Secret Agent who must Pursue a Database Administrator in Ancient India",Music,20
NOLTE,JAYNE,"EARTH VISION","A Stunning Drama of a Butler And a Madman who must Outrace a Womanizer in Ancient India",New,23
NOLTE,JAYNE,"MAIDEN HOME","A Lacklusture Saga of a Moose And a Teacher who must Kill a Forensic Psychologist in A MySQL Convention",New,24
NOLTE,JAYNE,"ENGLISH BULWORTH","A Intrepid Epistle of a Pastry Chef And a Pastry Chef who must Pursue a Crocodile in Ancient China",Sci-Fi,30
NOLTE,JAYNE,"SECRETARY ROUGE","A Action-Packed Panorama of a Mad Cow And a Composer who must Discover a Robot in A Baloon Factory",Sports,18
NOLTE,JAYNE,"HYSTERICAL GRAIL","A Amazing Saga of a Madman And a Dentist who must Build a Car in A Manhattan Penthouse",Sports,15
NOLTE,JAYNE,"BIRD INDEPENDENCE","A Thrilling Documentary of a Car And a Student who must Sink a Hunter in The Canadian Rockies",Travel,11
NOLTE,JAYNE,"DISCIPLE MOTHER","A Touching Reflection of a Mad Scientist And a Boat who must Face a Moose in A Shark Tank",Travel,19
NOLTE,SALMA,"LUST LOCK","A Fanciful Panorama of a Hunter And a Dentist who must Meet a Secret Agent in The Sahara Desert",Action,15
NOLTE,SALMA,"ANTITRUST TOMATOES","A Fateful Yarn of a Womanizer And a Feminist who must Succumb a Database Administrator in Ancient India",Action,10
NOLTE,SALMA,"OZ LIAISONS","A Epic Yarn of a Mad Scientist And a Cat who must Confront a Womanizer in A Baloon Factory",Animation,24
NOLTE,SALMA,"JUGGLER HARDLY","A Epic Story of a Mad Cow And a Astronaut who must Challenge a Car in California",Animation,32
NOLTE,SALMA,"FALCON VOLUME","A Fateful Saga of a Sumo Wrestler And a Hunter who must Redeem a A Shark in New Orleans",Animation,22
NOLTE,SALMA,"ISHTAR ROCKETEER","A Astounding Saga of a Dog And a Squirrel who must Conquer a Dog in An Abandoned Fun House",Animation,7
NOLTE,SALMA,"DOCTOR GRAIL","A Insightful Drama of a Womanizer And a Waitress who must Reach a Forensic Psychologist in The Outback",Children,7
NOLTE,SALMA,"JUMPING WRATH","A Touching Epistle of a Monkey And a Feminist who must Discover a Boat in Berlin",Children,24
NOLTE,SALMA,"CLOCKWORK PARADISE","A Insightful Documentary of a Technical Writer And a Feminist who must Challenge a Cat in A Baloon",Children,10
NOLTE,SALMA,"COLOR PHILADELPHIA","A Thoughtful Panorama of a Car And a Crocodile who must Sink a Monkey in The Sahara Desert",Classics,24
NOLTE,SALMA,"BLUES INSTINCT","A Insightful Documentary of a Boat And a Composer who must Meet a Forensic Psychologist in An Abandoned Fun House",Family,21
NOLTE,SALMA,"SIEGE MADRE","A Boring Tale of a Frisbee And a Crocodile who must Vanquish a Moose in An Abandoned Mine Shaft",Family,15
NOLTE,SALMA,"WASH HEAVENLY","A Awe-Inspiring Reflection of a Cat And a Pioneer who must Escape a Hunter in Ancient China",Foreign,23
NOLTE,SALMA,"WAR NOTTING","A Boring Drama of a Teacher And a Sumo Wrestler who must Challenge a Secret Agent in The Canadian Rockies",Foreign,12
NOLTE,SALMA,"DETAILS PACKER","A Epic Saga of a Waitress And a Composer who must Face a Boat in A U-Boat",Games,19
NOLTE,SALMA,"PANKY SUBMARINE","A Touching Documentary of a Dentist And a Sumo Wrestler who must Overcome a Boy in The Gulf of Mexico",Games,15
NOLTE,SALMA,"ZHIVAGO CORE","A Fateful Yarn of a Composer And a Man who must Face a Boy in The Canadian Rockies",Horror,9
NOLTE,SALMA,"BIRDCAGE CASPER","A Fast-Paced Saga of a Frisbee And a Astronaut who must Overcome a Feminist in Ancient India",Music,9
NOLTE,SALMA,"CLONES PINOCCHIO","A Amazing Drama of a Car And a Robot who must Pursue a Dentist in New Orleans",Music,19
NOLTE,SALMA,"PERSONAL LADYBUGS","A Epic Saga of a Hunter And a Technical Writer who must Conquer a Cat in Ancient Japan",Music,14
NOLTE,SALMA,"GO PURPLE","A Fast-Paced Display of a Car And a Database Administrator who must Battle a Woman in A Baloon",Music,20
NOLTE,SALMA,"REBEL AIRPORT","A Intrepid Yarn of a Database Administrator And a Boat who must Outrace a Husband in Ancient India",Music,8
NOLTE,SALMA,"AMISTAD MIDSUMMER","A Emotional Character Study of a Dentist And a Crocodile who must Meet a Sumo Wrestler in California",New,21
NOLTE,SALMA,"NEMO CAMPUS","A Lacklusture Reflection of a Monkey And a Squirrel who must Outrace a Womanizer in A Manhattan Penthouse",Sci-Fi,14
NOLTE,SALMA,"FELLOWSHIP AUTUMN","A Lacklusture Reflection of a Dentist And a Hunter who must Meet a Teacher in A Baloon",Travel,26
NOLTE,WARREN,"PRIDE ALAMO","A Thoughtful Drama of a A Shark And a Forensic Psychologist who must Vanquish a Student in Ancient India",Animation,16
NOLTE,WARREN,"POTTER CONNECTICUT","A Thrilling Epistle of a Frisbee And a Cat who must Fight a Technical Writer in Berlin",Animation,17
NOLTE,WARREN,"THIEF PELICAN","A Touching Documentary of a Madman And a Mad Scientist who must Outrace a Feminist in An Abandoned Mine Shaft",Animation,19
NOLTE,WARREN,"DARES PLUTO","A Fateful Story of a Robot And a Dentist who must Defeat a Astronaut in New Orleans",Animation,9
NOLTE,WARREN,"TITANIC BOONDOCK","A Brilliant Reflection of a Feminist And a Dog who must Fight a Boy in A Baloon Factory",Animation,23
NOLTE,WARREN,"PAJAMA JAWBREAKER","A Emotional Drama of a Boy And a Technical Writer who must Redeem a Sumo Wrestler in California",Classics,14
NOLTE,WARREN,"ROOTS REMEMBER","A Brilliant Drama of a Mad Cow And a Hunter who must Escape a Hunter in Berlin",Classics,17
NOLTE,WARREN,"DOOM DANCING","A Astounding Panorama of a Car And a Mad Scientist who must Battle a Lumberjack in A MySQL Convention",Comedy,21
NOLTE,WARREN,"ACADEMY DINOSAUR","A Epic Drama of a Feminist And a Mad Scientist who must Battle a Teacher in The Canadian Rockies",Documentary,23
NOLTE,WARREN,"DEEP CRUSADE","A Amazing Tale of a Crocodile And a Squirrel who must Discover a Composer in Australia",Documentary,14
NOLTE,WARREN,"WEDDING APOLLO","A Action-Packed Tale of a Student And a Waitress who must Conquer a Lumberjack in An Abandoned Mine Shaft",Documentary,24
NOLTE,WARREN,"WARDROBE PHANTOM","A Action-Packed Display of a Mad Cow And a Astronaut who must Kill a Car in Ancient India",Drama,27
NOLTE,WARREN,"GREEDY ROOTS","A Amazing Reflection of a A Shark And a Butler who must Chase a Hunter in The Canadian Rockies",Drama,14
NOLTE,WARREN,"AGENT TRUMAN","A Intrepid Panorama of a Robot And a Boy who must Escape a Sumo Wrestler in Ancient China",Foreign,21
NOLTE,WARREN,"MEET CHOCOLATE","A Boring Documentary of a Dentist And a Butler who must Confront a Monkey in A MySQL Convention",Foreign,12
NOLTE,WARREN,"LADYBUGS ARMAGEDDON","A Fateful Reflection of a Dog And a Mad Scientist who must Meet a Mad Scientist in New Orleans",Games,6
NOLTE,WARREN,"FANTASIA PARK","A Thoughtful Documentary of a Mad Scientist And a A Shark who must Outrace a Feminist in Australia",Games,19
NOLTE,WARREN,"ALABAMA DEVIL","A Thoughtful Panorama of a Database Administrator And a Mad Scientist who must Outgun a Mad Scientist in A Jet Boat",Horror,12
NOLTE,WARREN,"PULP BEVERLY","A Unbelieveable Display of a Dog And a Crocodile who must Outrace a Man in Nigeria",Horror,30
NOLTE,WARREN,"ELF MURDER","A Action-Packed Story of a Frisbee And a Woman who must Reach a Girl in An Abandoned Mine Shaft",Music,7
NOLTE,WARREN,"ROMAN PUNK","A Thoughtful Panorama of a Mad Cow And a Student who must Battle a Forensic Psychologist in Berlin",Music,24
NOLTE,WARREN,"REDS POCUS","A Lacklusture Yarn of a Sumo Wrestler And a Squirrel who must Redeem a Monkey in Soviet Georgia",Music,9
NOLTE,WARREN,"PERSONAL LADYBUGS","A Epic Saga of a Hunter And a Technical Writer who must Conquer a Cat in Ancient Japan",Music,14
NOLTE,WARREN,"GREATEST NORTH","A Astounding Character Study of a Secret Agent And a Robot who must Build a A Shark in Berlin",Music,29
NOLTE,WARREN,"UNBREAKABLE KARATE","A Amazing Character Study of a Robot And a Student who must Chase a Robot in Australia",New,21
NOLTE,WARREN,"MASK PEACH","A Boring Character Study of a Student And a Robot who must Meet a Woman in California",New,17
NOLTE,WARREN,"GARDEN ISLAND","A Unbelieveable Character Study of a Womanizer And a Madman who must Reach a Man in The Outback",Sci-Fi,20
NOLTE,WARREN,"CHARADE DUFFEL","A Action-Packed Display of a Man And a Waitress who must Build a Dog in A MySQL Convention",Sci-Fi,15
NOLTE,WARREN,"PANTHER REDS","A Brilliant Panorama of a Moose And a Man who must Reach a Teacher in The Gulf of Mexico",Sci-Fi,15
NOLTE,WARREN,"RIVER OUTLAW","A Thrilling Character Study of a Squirrel And a Lumberjack who must Face a Hunter in A MySQL Convention",Sports,20
NOLTE,WARREN,"LESSON CLEOPATRA","A Emotional Display of a Man And a Explorer who must Build a Boy in A Manhattan Penthouse",Sports,7
NOLTE,WARREN,"OUTLAW HANKY","A Thoughtful Story of a Astronaut And a Composer who must Conquer a Dog in The Sahara Desert",Travel,14
NOLTE,WARREN,"TOMATOES HELLFIGHTERS","A Thoughtful Epistle of a Madman And a Astronaut who must Overcome a Monkey in A Shark Tank",Travel,14
OLIVIER,AUDREY,"SIDE ARK","A Stunning Panorama of a Crocodile And a Womanizer who must Meet a Feminist in The Canadian Rockies",Action,12
OLIVIER,AUDREY,"STRANGER STRANGERS","A Awe-Inspiring Yarn of a Womanizer And a Explorer who must Fight a Woman in The First Manned Space Station",Children,11
OLIVIER,AUDREY,"LOATHING LEGALLY","A Boring Epistle of a Pioneer And a Mad Scientist who must Escape a Frisbee in The Gulf of Mexico",Classics,27
OLIVIER,AUDREY,"CAPER MOTIONS","A Fateful Saga of a Moose And a Car who must Pursue a Woman in A MySQL Convention",Comedy,24
OLIVIER,AUDREY,"CONTROL ANTHEM","A Fateful Documentary of a Robot And a Student who must Battle a Cat in A Monastery",Comedy,7
OLIVIER,AUDREY,"KNOCK WARLOCK","A Unbelieveable Story of a Teacher And a Boat who must Confront a Moose in A Baloon",Comedy,24
OLIVIER,AUDREY,"HALLOWEEN NUTS","A Amazing Panorama of a Forensic Psychologist And a Technical Writer who must Fight a Dentist in A U-Boat",Documentary,10
OLIVIER,AUDREY,"SHIP WONDERLAND","A Thrilling Saga of a Monkey And a Frisbee who must Escape a Explorer in The Outback",Documentary,15
OLIVIER,AUDREY,"FRENCH HOLIDAY","A Thrilling Epistle of a Dog And a Feminist who must Kill a Madman in Berlin",Documentary,17
OLIVIER,AUDREY,"CONEHEADS SMOOCHY","A Touching Story of a Womanizer And a Composer who must Pursue a Husband in Nigeria",Drama,25
OLIVIER,AUDREY,"ATLANTIS CAUSE","A Thrilling Yarn of a Feminist And a Hunter who must Fight a Technical Writer in A Shark Tank",Family,24
OLIVIER,AUDREY,"KANE EXORCIST","A Epic Documentary of a Composer And a Robot who must Overcome a Car in Berlin",Foreign,14
OLIVIER,AUDREY,"USUAL UNTOUCHABLES","A Touching Display of a Explorer And a Lumberjack who must Fight a Forensic Psychologist in A Shark Tank",Foreign,13
OLIVIER,AUDREY,"WHALE BIKINI","A Intrepid Story of a Pastry Chef And a Database Administrator who must Kill a Feminist in A MySQL Convention",Foreign,18
OLIVIER,AUDREY,"HUMAN GRAFFITI","A Beautiful Reflection of a Womanizer And a Sumo Wrestler who must Chase a Database Administrator in The Gulf of Mexico",Games,15
OLIVIER,AUDREY,"DORADO NOTTING","A Action-Packed Tale of a Sumo Wrestler And a A Shark who must Meet a Frisbee in California",Music,27
OLIVIER,AUDREY,"REDEMPTION COMFORTS","A Emotional Documentary of a Dentist And a Woman who must Battle a Mad Scientist in Ancient China",New,20
OLIVIER,AUDREY,"STING PERSONAL","A Fanciful Drama of a Frisbee And a Dog who must Fight a Madman in A Jet Boat",New,21
OLIVIER,AUDREY,"BOULEVARD MOB","A Fateful Epistle of a Moose And a Monkey who must Confront a Lumberjack in Ancient China",New,18
OLIVIER,AUDREY,"SENSE GREEK","A Taut Saga of a Lumberjack And a Pastry Chef who must Escape a Sumo Wrestler in An Abandoned Fun House",Sports,7
OLIVIER,AUDREY,"PEAK FOREVER","A Insightful Reflection of a Boat And a Secret Agent who must Vanquish a Astronaut in An Abandoned Mine Shaft",Sports,20
OLIVIER,AUDREY,"SQUAD FISH","A Fast-Paced Display of a Pastry Chef And a Dog who must Kill a Teacher in Berlin",Sports,7
OLIVIER,AUDREY,"GUNFIGHTER MUSSOLINI","A Touching Saga of a Robot And a Boy who must Kill a Man in Ancient Japan",Sports,12
OLIVIER,AUDREY,"CASSIDY WYOMING","A Intrepid Drama of a Frisbee And a Hunter who must Kill a Secret Agent in New Orleans",Travel,6
OLIVIER,CUBA,"WEREWOLF LOLA","A Fanciful Story of a Man And a Sumo Wrestler who must Outrace a Student in A Monastery",Action,14
OLIVIER,CUBA,"MONTEZUMA COMMAND","A Thrilling Reflection of a Waitress And a Butler who must Battle a Butler in A Jet Boat",Action,9
OLIVIER,CUBA,"BORROWERS BEDAZZLED","A Brilliant Epistle of a Teacher And a Sumo Wrestler who must Defeat a Man in An Abandoned Fun House",Animation,22
OLIVIER,CUBA,"FLYING HOOK","A Thrilling Display of a Mad Cow And a Dog who must Challenge a Frisbee in Nigeria",Animation,20
OLIVIER,CUBA,"THEORY MERMAID","A Fateful Yarn of a Composer And a Monkey who must Vanquish a Womanizer in The First Manned Space Station",Animation,11
OLIVIER,CUBA,"LUKE MUMMY","A Taut Character Study of a Boy And a Robot who must Redeem a Mad Scientist in Ancient India",Animation,7
OLIVIER,CUBA,"MAKER GABLES","A Stunning Display of a Moose And a Database Administrator who must Pursue a Composer in A Jet Boat",Children,10
OLIVIER,CUBA,"NOON PAPI","A Unbelieveable Character Study of a Mad Scientist And a Astronaut who must Find a Pioneer in A Manhattan Penthouse",Children,17
OLIVIER,CUBA,"EMPIRE MALKOVICH","A Amazing Story of a Feminist And a Cat who must Face a Car in An Abandoned Fun House",Children,21
OLIVIER,CUBA,"HYDE DOCTOR","A Fanciful Documentary of a Boy And a Woman who must Redeem a Womanizer in A Jet Boat",Classics,26
OLIVIER,CUBA,"BOUND CHEAPER","A Thrilling Panorama of a Database Administrator And a Astronaut who must Challenge a Lumberjack in A Baloon",Classics,24
OLIVIER,CUBA,"KNOCK WARLOCK","A Unbelieveable Story of a Teacher And a Boat who must Confront a Moose in A Baloon",Comedy,24
OLIVIER,CUBA,"APACHE DIVINE","A Awe-Inspiring Reflection of a Pastry Chef And a Teacher who must Overcome a Sumo Wrestler in A U-Boat",Family,31
OLIVIER,CUBA,"SIEGE MADRE","A Boring Tale of a Frisbee And a Crocodile who must Vanquish a Moose in An Abandoned Mine Shaft",Family,15
OLIVIER,CUBA,"KISS GLORY","A Lacklusture Reflection of a Girl And a Husband who must Find a Robot in The Canadian Rockies",Foreign,22
OLIVIER,CUBA,"HELLFIGHTERS SIERRA","A Taut Reflection of a A Shark And a Dentist who must Battle a Boat in Soviet Georgia",Foreign,20
OLIVIER,CUBA,"DIVINE RESURRECTION","A Boring Character Study of a Man And a Womanizer who must Succumb a Teacher in An Abandoned Amusement Park",Games,15
OLIVIER,CUBA,"VOLCANO TEXAS","A Awe-Inspiring Yarn of a Hunter And a Feminist who must Challenge a Dentist in The Outback",Games,22
OLIVIER,CUBA,"EGYPT TENENBAUMS","A Intrepid Story of a Madman And a Secret Agent who must Outrace a Astronaut in An Abandoned Amusement Park",Horror,17
OLIVIER,CUBA,"OKLAHOMA JUMANJI","A Thoughtful Drama of a Dentist And a Womanizer who must Meet a Husband in The Sahara Desert",New,6
OLIVIER,CUBA,"SOLDIERS EVOLUTION","A Lacklusture Panorama of a A Shark And a Pioneer who must Confront a Student in The First Manned Space Station",Sci-Fi,8
OLIVIER,CUBA,"WONDERLAND CHRISTMAS","A Awe-Inspiring Character Study of a Waitress And a Car who must Pursue a Mad Scientist in The First Manned Space Station",Sci-Fi,22
OLIVIER,CUBA,"UNFORGIVEN ZOOLANDER","A Taut Epistle of a Monkey And a Sumo Wrestler who must Vanquish a A Shark in A Baloon Factory",Sci-Fi,18
OLIVIER,CUBA,"ROSES TREASURE","A Astounding Panorama of a Monkey And a Secret Agent who must Defeat a Woman in The First Manned Space Station",Sports,28
OLIVIER,CUBA,"FUGITIVE MAGUIRE","A Taut Epistle of a Feminist And a Sumo Wrestler who must Battle a Crocodile in Australia",Travel,11
OLIVIER,CUBA,"SHANE DARKNESS","A Action-Packed Saga of a Moose And a Lumberjack who must Find a Woman in Berlin",Travel,14
OLIVIER,CUBA,"CASSIDY WYOMING","A Intrepid Drama of a Frisbee And a Hunter who must Kill a Secret Agent in New Orleans",Travel,6
PALTROW,KENNETH,"EXCITEMENT EVE","A Brilliant Documentary of a Monkey And a Car who must Conquer a Crocodile in A Shark Tank",Action,21
PALTROW,KENNETH,"CADDYSHACK JEDI","A Awe-Inspiring Epistle of a Woman And a Madman who must Fight a Robot in Soviet Georgia",Action,16
PALTROW,KENNETH,"FALCON VOLUME","A Fateful Saga of a Sumo Wrestler And a Hunter who must Redeem a A Shark in New Orleans",Animation,22
PALTROW,KENNETH,"SANTA PARIS","A Emotional Documentary of a Moose And a Car who must Redeem a Mad Cow in A Baloon Factory",Children,11
PALTROW,KENNETH,"SUNDANCE INVASION","A Epic Drama of a Lumberjack And a Explorer who must Confront a Hunter in A Baloon Factory",Children,19
PALTROW,KENNETH,"DADDY PITTSBURGH","A Epic Story of a A Shark And a Student who must Confront a Explorer in The Gulf of Mexico",Comedy,13
PALTROW,KENNETH,"LONELY ELEPHANT","A Intrepid Story of a Student And a Dog who must Challenge a Explorer in Soviet Georgia",Comedy,15
PALTROW,KENNETH,"SHOW LORD","A Fanciful Saga of a Student And a Girl who must Find a Butler in Ancient Japan",Documentary,25
PALTROW,KENNETH,"INTOLERABLE INTENTIONS","A Awe-Inspiring Story of a Monkey And a Pastry Chef who must Succumb a Womanizer in A MySQL Convention",Documentary,9
PALTROW,KENNETH,"HANGING DEEP","A Action-Packed Yarn of a Boat And a Crocodile who must Build a Monkey in Berlin",Drama,19
PALTROW,KENNETH,"ALIEN CENTER","A Brilliant Drama of a Cat And a Mad Scientist who must Battle a Feminist in A MySQL Convention",Foreign,22
PALTROW,KENNETH,"ILLUSION AMELIE","A Emotional Epistle of a Boat And a Mad Scientist who must Outrace a Robot in An Abandoned Mine Shaft",Foreign,15
PALTROW,KENNETH,"FEATHERS METAL","A Thoughtful Yarn of a Monkey And a Teacher who must Find a Dog in Australia",Games,11
PALTROW,KENNETH,"DIVINE RESURRECTION","A Boring Character Study of a Man And a Womanizer who must Succumb a Teacher in An Abandoned Amusement Park",Games,15
PALTROW,KENNETH,"REEF SALUTE","A Action-Packed Saga of a Teacher And a Lumberjack who must Battle a Dentist in A Baloon",Horror,11
PALTROW,KENNETH,"TAXI KICK","A Amazing Epistle of a Girl And a Woman who must Outrace a Waitress in Soviet Georgia",Music,17
PALTROW,KENNETH,"REDEMPTION COMFORTS","A Emotional Documentary of a Dentist And a Woman who must Battle a Mad Scientist in Ancient China",New,20
PALTROW,KENNETH,"GRAFFITI LOVE","A Unbelieveable Epistle of a Sumo Wrestler And a Hunter who must Build a Composer in Berlin",Sci-Fi,30
PALTROW,KENNETH,"MUSSOLINI SPOILERS","A Thrilling Display of a Boat And a Monkey who must Meet a Composer in Ancient China",Sports,5
PALTROW,KENNETH,"TROUBLE DATE","A Lacklusture Panorama of a Forensic Psychologist And a Woman who must Kill a Explorer in Ancient Japan",Travel,23
PALTROW,KENNETH,"BORN SPINAL","A Touching Epistle of a Frisbee And a Husband who must Pursue a Student in Nigeria",Travel,12
PALTROW,KIRSTEN,"LORD ARIZONA","A Action-Packed Display of a Frisbee And a Pastry Chef who must Pursue a Crocodile in A Jet Boat",Action,11
PALTROW,KIRSTEN,"DRIFTER COMMANDMENTS","A Epic Reflection of a Womanizer And a Squirrel who must Discover a Husband in A Jet Boat",Action,24
PALTROW,KIRSTEN,"THIEF PELICAN","A Touching Documentary of a Madman And a Mad Scientist who must Outrace a Feminist in An Abandoned Mine Shaft",Animation,19
PALTROW,KIRSTEN,"CLOSER BANG","A Unbelieveable Panorama of a Frisbee And a Hunter who must Vanquish a Monkey in Ancient India",Comedy,28
PALTROW,KIRSTEN,"PINOCCHIO SIMON","A Action-Packed Reflection of a Mad Scientist And a A Shark who must Find a Feminist in California",Comedy,20
PALTROW,KIRSTEN,"ROAD ROXANNE","A Boring Character Study of a Waitress And a Astronaut who must Fight a Crocodile in Ancient Japan",Documentary,19
PALTROW,KIRSTEN,"CHICKEN HELLFIGHTERS","A Emotional Drama of a Dog And a Explorer who must Outrace a Technical Writer in Australia",Documentary,22
PALTROW,KIRSTEN,"CONQUERER NUTS","A Taut Drama of a Mad Scientist And a Man who must Escape a Pioneer in An Abandoned Mine Shaft",Drama,16
PALTROW,KIRSTEN,"PRIX UNDEFEATED","A Stunning Saga of a Mad Scientist And a Boat who must Overcome a Dentist in Ancient China",Family,11
PALTROW,KIRSTEN,"AGENT TRUMAN","A Intrepid Panorama of a Robot And a Boy who must Escape a Sumo Wrestler in Ancient China",Foreign,21
PALTROW,KIRSTEN,"ENCINO ELF","A Astounding Drama of a Feminist And a Teacher who must Confront a Husband in A Baloon",Games,19
PALTROW,KIRSTEN,"LADYBUGS ARMAGEDDON","A Fateful Reflection of a Dog And a Mad Scientist who must Meet a Mad Scientist in New Orleans",Games,6
PALTROW,KIRSTEN,"PULP BEVERLY","A Unbelieveable Display of a Dog And a Crocodile who must Outrace a Man in Nigeria",Horror,30
PALTROW,KIRSTEN,"SLEEPING SUSPECTS","A Stunning Reflection of a Sumo Wrestler And a Explorer who must Sink a Frisbee in A MySQL Convention",Horror,24
PALTROW,KIRSTEN,"WON DARES","A Unbelieveable Documentary of a Teacher And a Monkey who must Defeat a Explorer in A U-Boat",Music,9
PALTROW,KIRSTEN,"HOME PITY","A Touching Panorama of a Man And a Secret Agent who must Challenge a Teacher in A MySQL Convention",Music,14
PALTROW,KIRSTEN,"HANOVER GALAXY","A Stunning Reflection of a Girl And a Secret Agent who must Succumb a Boy in A MySQL Convention",Music,17
PALTROW,KIRSTEN,"PLUTO OLEANDER","A Action-Packed Reflection of a Car And a Moose who must Outgun a Car in A Shark Tank",New,16
PALTROW,KIRSTEN,"UNBREAKABLE KARATE","A Amazing Character Study of a Robot And a Student who must Chase a Robot in Australia",New,21
PALTROW,KIRSTEN,"FLASH WARS","A Astounding Saga of a Moose And a Pastry Chef who must Chase a Student in The Gulf of Mexico",New,13
PALTROW,KIRSTEN,"TITANS JERK","A Unbelieveable Panorama of a Feminist And a Sumo Wrestler who must Challenge a Technical Writer in Ancient China",Sci-Fi,29
PALTROW,KIRSTEN,"SILVERADO GOLDFINGER","A Stunning Epistle of a Sumo Wrestler And a Man who must Challenge a Waitress in Ancient India",Sci-Fi,12
PALTROW,KIRSTEN,"RIVER OUTLAW","A Thrilling Character Study of a Squirrel And a Lumberjack who must Face a Hunter in A MySQL Convention",Sports,20
PALTROW,KIRSTEN,"HONEY TIES","A Taut Story of a Waitress And a Crocodile who must Outrace a Lumberjack in A Shark Tank",Sports,19
PALTROW,KIRSTEN,"BORN SPINAL","A Touching Epistle of a Frisbee And a Husband who must Pursue a Student in Nigeria",Travel,12
PECK,MILLA,"BAREFOOT MANCHURIAN","A Intrepid Story of a Cat And a Student who must Vanquish a Girl in An Abandoned Amusement Park",Action,18
PECK,MILLA,"DREAM PICKUP","A Epic Display of a Car And a Composer who must Overcome a Forensic Psychologist in The Gulf of Mexico",Action,22
PECK,MILLA,"MIDNIGHT WESTWARD","A Taut Reflection of a Husband And a A Shark who must Redeem a Pastry Chef in A Monastery",Action,17
PECK,MILLA,"JUGGLER HARDLY","A Epic Story of a Mad Cow And a Astronaut who must Challenge a Car in California",Animation,32
PECK,MILLA,"CLASH FREDDY","A Amazing Yarn of a Composer And a Squirrel who must Escape a Astronaut in Australia",Animation,25
PECK,MILLA,"DAUGHTER MADIGAN","A Beautiful Tale of a Hunter And a Mad Scientist who must Confront a Squirrel in The First Manned Space Station",Children,9
PECK,MILLA,"WRONG BEHAVIOR","A Emotional Saga of a Crocodile And a Sumo Wrestler who must Discover a Mad Cow in New Orleans",Children,20
PECK,MILLA,"ROBBERS JOON","A Thoughtful Story of a Mad Scientist And a Waitress who must Confront a Forensic Psychologist in Soviet Georgia",Children,31
PECK,MILLA,"PREJUDICE OLEANDER","A Epic Saga of a Boy And a Dentist who must Outrace a Madman in A U-Boat",Classics,20
PECK,MILLA,"RUSHMORE MERMAID","A Boring Story of a Woman And a Moose who must Reach a Husband in A Shark Tank",Comedy,6
PECK,MILLA,"NECKLACE OUTBREAK","A Astounding Epistle of a Database Administrator And a Mad Scientist who must Pursue a Cat in California",Drama,15
PECK,MILLA,"JACKET FRISCO","A Insightful Reflection of a Womanizer And a Husband who must Conquer a Pastry Chef in A Baloon",Drama,18
PECK,MILLA,"SEATTLE EXPECATIONS","A Insightful Reflection of a Crocodile And a Sumo Wrestler who must Meet a Technical Writer in The Sahara Desert",Drama,24
PECK,MILLA,"CALENDAR GUNFIGHT","A Thrilling Drama of a Frisbee And a Lumberjack who must Sink a Man in Nigeria",Foreign,21
PECK,MILLA,"FEATHERS METAL","A Thoughtful Yarn of a Monkey And a Teacher who must Find a Dog in Australia",Games,11
PECK,MILLA,"WATERSHIP FRONTIER","A Emotional Yarn of a Boat And a Crocodile who must Meet a Moose in Soviet Georgia",Horror,6
PECK,MILLA,"TEMPLE ATTRACTION","A Action-Packed Saga of a Forensic Psychologist And a Woman who must Battle a Womanizer in Soviet Georgia",Horror,12
PECK,MILLA,"ROCK INSTINCT","A Astounding Character Study of a Robot And a Moose who must Overcome a Astronaut in Ancient India",Horror,17
PECK,MILLA,"FATAL HAUNTED","A Beautiful Drama of a Student And a Secret Agent who must Confront a Dentist in Ancient Japan",New,28
PECK,MILLA,"WHISPERER GIANT","A Intrepid Story of a Dentist And a Hunter who must Confront a Monkey in Ancient Japan",Sci-Fi,22
PECK,MILLA,"CHANCE RESURRECTION","A Astounding Story of a Forensic Psychologist And a Forensic Psychologist who must Overcome a Moose in Ancient China",Sports,27
PECK,MILLA,"PEACH INNOCENT","A Action-Packed Drama of a Monkey And a Dentist who must Chase a Butler in Berlin",Sports,14
PECK,MILLA,"TEEN APOLLO","A Awe-Inspiring Drama of a Dog And a Man who must Escape a Robot in A Shark Tank",Travel,17
PECK,SANDRA,"STAGECOACH ARMAGEDDON","A Touching Display of a Pioneer And a Butler who must Chase a Car in California",Action,26
PECK,SANDRA,"EXCITEMENT EVE","A Brilliant Documentary of a Monkey And a Car who must Conquer a Crocodile in A Shark Tank",Action,21
PECK,SANDRA,"RINGS HEARTBREAKERS","A Amazing Yarn of a Sumo Wrestler And a Boat who must Conquer a Waitress in New Orleans",Action,15
PECK,SANDRA,"GILBERT PELICAN","A Fateful Tale of a Man And a Feminist who must Conquer a Crocodile in A Manhattan Penthouse",Classics,9
PECK,SANDRA,"ACADEMY DINOSAUR","A Epic Drama of a Feminist And a Mad Scientist who must Battle a Teacher in The Canadian Rockies",Documentary,23
PECK,SANDRA,"VIRGINIAN PLUTO","A Emotional Panorama of a Dentist And a Crocodile who must Meet a Boy in Berlin",Documentary,29
PECK,SANDRA,"BEETHOVEN EXORCIST","A Epic Display of a Pioneer And a Student who must Challenge a Butler in The Gulf of Mexico",Drama,11
PECK,SANDRA,"BANG KWAI","A Epic Drama of a Madman And a Cat who must Face a A Shark in An Abandoned Amusement Park",Family,7
PECK,SANDRA,"DUMBO LUST","A Touching Display of a Feminist And a Dentist who must Conquer a Husband in The Gulf of Mexico",Family,6
PECK,SANDRA,"MATRIX SNOWMAN","A Action-Packed Saga of a Womanizer And a Woman who must Overcome a Student in California",Foreign,9
PECK,SANDRA,"FAMILY SWEET","A Epic Documentary of a Teacher And a Boy who must Escape a Woman in Berlin",Horror,29
PECK,SANDRA,"SILENCE KANE","A Emotional Drama of a Sumo Wrestler And a Dentist who must Confront a Sumo Wrestler in A Baloon",Music,16
PECK,SANDRA,"FLASH WARS","A Astounding Saga of a Moose And a Pastry Chef who must Chase a Student in The Gulf of Mexico",New,13
PECK,SANDRA,"BIRDS PERDITION","A Boring Story of a Womanizer And a Pioneer who must Face a Dog in California",New,18
PECK,SANDRA,"BEVERLY OUTLAW","A Fanciful Documentary of a Womanizer And a Boat who must Defeat a Madman in The First Manned Space Station",Sci-Fi,21
PECK,SANDRA,"DUDE BLINDNESS","A Stunning Reflection of a Husband And a Lumberjack who must Face a Frisbee in An Abandoned Fun House",Sports,16
PECK,SANDRA,"ENOUGH RAGING","A Astounding Character Study of a Boat And a Secret Agent who must Find a Mad Cow in The Sahara Desert",Travel,18
PECK,SPENCER,"DRIFTER COMMANDMENTS","A Epic Reflection of a Womanizer And a Squirrel who must Discover a Husband in A Jet Boat",Action,24
PECK,SPENCER,"DRAGON SQUAD","A Taut Reflection of a Boy And a Waitress who must Outgun a Teacher in Ancient China",Action,11
PECK,SPENCER,"BACKLASH UNDEFEATED","A Stunning Character Study of a Mad Scientist And a Mad Cow who must Kill a Car in A Monastery",Children,19
PECK,SPENCER,"CLOCKWORK PARADISE","A Insightful Documentary of a Technical Writer And a Feminist who must Challenge a Cat in A Baloon",Children,10
PECK,SPENCER,"WAGON JAWS","A Intrepid Drama of a Moose And a Boat who must Kill a Explorer in A Manhattan Penthouse",Documentary,10
PECK,SPENCER,"CUPBOARD SINNERS","A Emotional Reflection of a Frisbee And a Boat who must Reach a Pastry Chef in An Abandoned Amusement Park",Documentary,23
PECK,SPENCER,"QUEEN LUKE","A Astounding Story of a Girl And a Boy who must Challenge a Composer in New Orleans",Drama,22
PECK,SPENCER,"PILOT HOOSIERS","A Awe-Inspiring Reflection of a Crocodile And a Sumo Wrestler who must Meet a Forensic Psychologist in An Abandoned Mine Shaft",Family,16
PECK,SPENCER,"HOLIDAY GAMES","A Insightful Reflection of a Waitress And a Madman who must Pursue a Boy in Ancient Japan",Foreign,15
PECK,SPENCER,"DANGEROUS UPTOWN","A Unbelieveable Story of a Mad Scientist And a Woman who must Overcome a Dog in California",Foreign,12
PECK,SPENCER,"WASH HEAVENLY","A Awe-Inspiring Reflection of a Cat And a Pioneer who must Escape a Hunter in Ancient China",Foreign,23
PECK,SPENCER,"PANKY SUBMARINE","A Touching Documentary of a Dentist And a Sumo Wrestler who must Overcome a Boy in The Gulf of Mexico",Games,15
PECK,SPENCER,"SPIRIT FLINTSTONES","A Brilliant Yarn of a Cat And a Car who must Confront a Explorer in Ancient Japan",Horror,15
PECK,SPENCER,"SWARM GOLD","A Insightful Panorama of a Crocodile And a Boat who must Conquer a Sumo Wrestler in A MySQL Convention",Horror,27
PECK,SPENCER,"CLUE GRAIL","A Taut Tale of a Butler And a Mad Scientist who must Build a Crocodile in Ancient China",Music,7
PECK,SPENCER,"REDS POCUS","A Lacklusture Yarn of a Sumo Wrestler And a Squirrel who must Redeem a Monkey in Soviet Georgia",Music,9
PECK,SPENCER,"REBEL AIRPORT","A Intrepid Yarn of a Database Administrator And a Boat who must Outrace a Husband in Ancient India",Music,8
PECK,SPENCER,"FIDDLER LOST","A Boring Tale of a Squirrel And a Dog who must Challenge a Madman in The Gulf of Mexico",Sci-Fi,10
PECK,SPENCER,"MOTHER OLEANDER","A Boring Tale of a Husband And a Boy who must Fight a Squirrel in Ancient China",Sports,14
PECK,SPENCER,"MUMMY CREATURES","A Fateful Character Study of a Crocodile And a Monkey who must Meet a Dentist in Australia",Sports,16
PECK,SPENCER,"MERMAID INSECTS","A Lacklusture Drama of a Waitress And a Husband who must Fight a Husband in California",Sports,16
PENN,GARY,"QUEST MUSSOLINI","A Fateful Drama of a Husband And a Sumo Wrestler who must Battle a Pastry Chef in A Baloon Factory",Action,20
PENN,GARY,"SOUTH WAIT","A Amazing Documentary of a Car And a Robot who must Escape a Lumberjack in An Abandoned Amusement Park",Action,22
PENN,GARY,"RUGRATS SHAKESPEARE","A Touching Saga of a Crocodile And a Crocodile who must Discover a Technical Writer in Nigeria",Action,30
PENN,GARY,"DOUBLE WRATH","A Thoughtful Yarn of a Womanizer And a Dog who must Challenge a Madman in The Gulf of Mexico",Animation,25
PENN,GARY,"MAGNIFICENT CHITTY","A Insightful Story of a Teacher And a Hunter who must Face a Mad Cow in California",Classics,8
PENN,GARY,"NORTH TEQUILA","A Beautiful Character Study of a Mad Cow And a Robot who must Reach a Womanizer in New Orleans",Documentary,11
PENN,GARY,"SEA VIRGIN","A Fast-Paced Documentary of a Technical Writer And a Pastry Chef who must Escape a Moose in A U-Boat",Drama,22
PENN,GARY,"GREEDY ROOTS","A Amazing Reflection of a A Shark And a Butler who must Chase a Hunter in The Canadian Rockies",Drama,14
PENN,GARY,"PAYCHECK WAIT","A Awe-Inspiring Reflection of a Boy And a Man who must Discover a Moose in The Sahara Desert",Drama,16
PENN,GARY,"VIRTUAL SPOILERS","A Fateful Tale of a Database Administrator And a Squirrel who must Discover a Student in Soviet Georgia",Family,14
PENN,GARY,"MATRIX SNOWMAN","A Action-Packed Saga of a Womanizer And a Woman who must Overcome a Student in California",Foreign,9
PENN,GARY,"INTRIGUE WORST","A Fanciful Character Study of a Explorer And a Mad Scientist who must Vanquish a Squirrel in A Jet Boat",Foreign,20
PENN,GARY,"EGYPT TENENBAUMS","A Intrepid Story of a Madman And a Secret Agent who must Outrace a Astronaut in An Abandoned Amusement Park",Horror,17
PENN,GARY,"ZHIVAGO CORE","A Fateful Yarn of a Composer And a Man who must Face a Boy in The Canadian Rockies",Horror,9
PENN,GARY,"BALLOON HOMEWARD","A Insightful Panorama of a Forensic Psychologist And a Mad Cow who must Build a Mad Scientist in The First Manned Space Station",Music,23
PENN,GARY,"VANISHING ROCKY","A Brilliant Reflection of a Man And a Woman who must Conquer a Pioneer in A MySQL Convention",Music,18
PENN,GARY,"MASKED BUBBLE","A Fanciful Documentary of a Pioneer And a Boat who must Pursue a Pioneer in An Abandoned Mine Shaft",Music,20
PENN,GARY,"MASK PEACH","A Boring Character Study of a Student And a Robot who must Meet a Woman in California",New,17
PENN,GARY,"ATTRACTION NEWTON","A Astounding Panorama of a Composer And a Frisbee who must Reach a Husband in Ancient Japan",New,24
PENN,GARY,"BIRDS PERDITION","A Boring Story of a Womanizer And a Pioneer who must Face a Dog in California",New,18
PENN,GARY,"GRAFFITI LOVE","A Unbelieveable Epistle of a Sumo Wrestler And a Hunter who must Build a Composer in Berlin",Sci-Fi,30
PENN,GARY,"PEACH INNOCENT","A Action-Packed Drama of a Monkey And a Dentist who must Chase a Butler in Berlin",Sports,14
PENN,GARY,"FLATLINERS KILLER","A Taut Display of a Secret Agent And a Waitress who must Sink a Robot in An Abandoned Mine Shaft",Sports,22
PENN,RICHARD,"DARKO DORADO","A Stunning Reflection of a Frisbee And a Husband who must Redeem a Dog in New Orleans",Action,11
PENN,RICHARD,"MONTEZUMA COMMAND","A Thrilling Reflection of a Waitress And a Butler who must Battle a Butler in A Jet Boat",Action,9
PENN,RICHARD,"EMPIRE MALKOVICH","A Amazing Story of a Feminist And a Cat who must Face a Car in An Abandoned Fun House",Children,21
PENN,RICHARD,"MODEL FISH","A Beautiful Panorama of a Boat And a Crocodile who must Outrace a Dog in Australia",Children,15
PENN,RICHARD,"PAJAMA JAWBREAKER","A Emotional Drama of a Boy And a Technical Writer who must Redeem a Sumo Wrestler in California",Classics,14
PENN,RICHARD,"AIRPLANE SIERRA","A Touching Saga of a Hunter And a Butler who must Discover a Butler in A Jet Boat",Comedy,15
PENN,RICHARD,"HEAVEN FREEDOM","A Intrepid Story of a Butler And a Car who must Vanquish a Man in New Orleans",Comedy,18
PENN,RICHARD,"GROUNDHOG UNCUT","A Brilliant Panorama of a Astronaut And a Technical Writer who must Discover a Butler in A Manhattan Penthouse",Comedy,18
PENN,RICHARD,"WAGON JAWS","A Intrepid Drama of a Moose And a Boat who must Kill a Explorer in A Manhattan Penthouse",Documentary,10
PENN,RICHARD,"CONEHEADS SMOOCHY","A Touching Story of a Womanizer And a Composer who must Pursue a Husband in Nigeria",Drama,25
PENN,RICHARD,"LEBOWSKI SOLDIERS","A Beautiful Epistle of a Secret Agent And a Pioneer who must Chase a Astronaut in Ancient China",Drama,21
PENN,RICHARD,"TENENBAUMS COMMAND","A Taut Display of a Pioneer And a Man who must Reach a Girl in The Gulf of Mexico",Drama,13
PENN,RICHARD,"GONE TROUBLE","A Insightful Character Study of a Mad Cow And a Forensic Psychologist who must Conquer a A Shark in A Manhattan Penthouse",Drama,10
PENN,RICHARD,"RESURRECTION SILVERADO","A Epic Yarn of a Robot And a Explorer who must Challenge a Girl in A MySQL Convention",Family,21
PENN,RICHARD,"ILLUSION AMELIE","A Emotional Epistle of a Boat And a Mad Scientist who must Outrace a Robot in An Abandoned Mine Shaft",Foreign,15
PENN,RICHARD,"GASLIGHT CRUSADE","A Amazing Epistle of a Boy And a Astronaut who must Redeem a Man in The Gulf of Mexico",Horror,16
PENN,RICHARD,"CHAMBER ITALIAN","A Fateful Reflection of a Moose And a Husband who must Overcome a Monkey in Nigeria",Music,13
PENN,RICHARD,"BALLOON HOMEWARD","A Insightful Panorama of a Forensic Psychologist And a Mad Cow who must Build a Mad Scientist in The First Manned Space Station",Music,23
PENN,RICHARD,"EARTH VISION","A Stunning Drama of a Butler And a Madman who must Outrace a Womanizer in Ancient India",New,23
PENN,RICHARD,"VAMPIRE WHALE","A Epic Story of a Lumberjack And a Monkey who must Confront a Pioneer in A MySQL Convention",New,12
PENN,RICHARD,"SLEEPY JAPANESE","A Emotional Epistle of a Moose And a Composer who must Fight a Technical Writer in The Outback",New,21
PENN,RICHARD,"OKLAHOMA JUMANJI","A Thoughtful Drama of a Dentist And a Womanizer who must Meet a Husband in The Sahara Desert",New,6
PENN,RICHARD,"GUYS FALCON","A Boring Story of a Woman And a Feminist who must Redeem a Squirrel in A U-Boat",Sci-Fi,9
PENN,RICHARD,"HANKY OCTOBER","A Boring Epistle of a Database Administrator And a Explorer who must Pursue a Madman in Soviet Georgia",Sci-Fi,26
PENN,RICHARD,"FRISCO FORREST","A Beautiful Documentary of a Woman And a Pioneer who must Pursue a Mad Scientist in A Shark Tank",Sci-Fi,9
PENN,RICHARD,"INSTINCT AIRPORT","A Touching Documentary of a Mad Cow And a Explorer who must Confront a Butler in A Manhattan Penthouse",Sports,18
PENN,RICHARD,"SUPERFLY TRIP","A Beautiful Saga of a Lumberjack And a Teacher who must Build a Technical Writer in An Abandoned Fun House",Travel,10
PENN,RICHARD,"FUGITIVE MAGUIRE","A Taut Epistle of a Feminist And a Sumo Wrestler who must Battle a Crocodile in Australia",Travel,11
PENN,RICHARD,"TOMATOES HELLFIGHTERS","A Thoughtful Epistle of a Madman And a Astronaut who must Overcome a Monkey in A Shark Tank",Travel,14
PENN,RICHARD,"ENOUGH RAGING","A Astounding Character Study of a Boat And a Secret Agent who must Find a Mad Cow in The Sahara Desert",Travel,18
PESCI,KENNETH,"REAR TRADING","A Awe-Inspiring Reflection of a Forensic Psychologist And a Secret Agent who must Succumb a Pastry Chef in Soviet Georgia",Action,17
PESCI,KENNETH,"WEREWOLF LOLA","A Fanciful Story of a Man And a Sumo Wrestler who must Outrace a Student in A Monastery",Action,14
PESCI,KENNETH,"CROSSROADS CASUALTIES","A Intrepid Documentary of a Sumo Wrestler And a Astronaut who must Battle a Composer in The Outback",Animation,21
PESCI,KENNETH,"FARGO GANDHI","A Thrilling Reflection of a Pastry Chef And a Crocodile who must Reach a Teacher in The Outback",Children,24
PESCI,KENNETH,"USUAL UNTOUCHABLES","A Touching Display of a Explorer And a Lumberjack who must Fight a Forensic Psychologist in A Shark Tank",Foreign,13
PESCI,KENNETH,"COMMAND DARLING","A Awe-Inspiring Tale of a Forensic Psychologist And a Woman who must Challenge a Database Administrator in Ancient Japan",Foreign,16
PESCI,KENNETH,"TRAP GUYS","A Unbelieveable Story of a Boy And a Mad Cow who must Challenge a Database Administrator in The Sahara Desert",Foreign,16
PESCI,KENNETH,"AFFAIR PREJUDICE","A Fanciful Documentary of a Frisbee And a Lumberjack who must Chase a Monkey in A Shark Tank",Horror,23
PESCI,KENNETH,"TEMPLE ATTRACTION","A Action-Packed Saga of a Forensic Psychologist And a Woman who must Battle a Womanizer in Soviet Georgia",Horror,12
PESCI,KENNETH,"BIRDCAGE CASPER","A Fast-Paced Saga of a Frisbee And a Astronaut who must Overcome a Feminist in Ancient India",Music,9
PESCI,KENNETH,"SONG HEDWIG","A Amazing Documentary of a Man And a Husband who must Confront a Squirrel in A MySQL Convention",Music,11
PESCI,KENNETH,"MOURNING PURPLE","A Lacklusture Display of a Waitress And a Lumberjack who must Chase a Pioneer in New Orleans",Sci-Fi,21
PESCI,KENNETH,"DISTURBING SCARFACE","A Lacklusture Display of a Crocodile And a Butler who must Overcome a Monkey in A U-Boat",Sci-Fi,26
PESCI,KENNETH,"STALLION SUNDANCE","A Fast-Paced Tale of a Car And a Dog who must Outgun a A Shark in Australia",Sci-Fi,7
PESCI,KENNETH,"NEMO CAMPUS","A Lacklusture Reflection of a Monkey And a Squirrel who must Outrace a Womanizer in A Manhattan Penthouse",Sci-Fi,14
PESCI,KENNETH,"PEAK FOREVER","A Insightful Reflection of a Boat And a Secret Agent who must Vanquish a Astronaut in An Abandoned Mine Shaft",Sports,20
PESCI,KENNETH,"VICTORY ACADEMY","A Insightful Epistle of a Mad Scientist And a Explorer who must Challenge a Cat in The Sahara Desert",Sports,9
PESCI,KENNETH,"SHAWSHANK BUBBLE","A Lacklusture Story of a Moose And a Monkey who must Confront a Butler in An Abandoned Amusement Park",Travel,19
PFEIFFER,OLYMPIA,"MAGNOLIA FORRESTER","A Thoughtful Documentary of a Composer And a Explorer who must Conquer a Dentist in New Orleans",Action,11
PFEIFFER,OLYMPIA,"WAIT CIDER","A Intrepid Epistle of a Woman And a Forensic Psychologist who must Succumb a Astronaut in A Manhattan Penthouse",Animation,21
PFEIFFER,OLYMPIA,"TITANIC BOONDOCK","A Brilliant Reflection of a Feminist And a Dog who must Fight a Boy in A Baloon Factory",Animation,23
PFEIFFER,OLYMPIA,"STORM HAPPINESS","A Insightful Drama of a Feminist And a A Shark who must Vanquish a Boat in A Shark Tank",Animation,29
PFEIFFER,OLYMPIA,"IDOLS SNATCHERS","A Insightful Drama of a Car And a Composer who must Fight a Man in A Monastery",Children,30
PFEIFFER,OLYMPIA,"MURDER ANTITRUST","A Brilliant Yarn of a Car And a Database Administrator who must Escape a Boy in A MySQL Convention",Children,23
PFEIFFER,OLYMPIA,"SANTA PARIS","A Emotional Documentary of a Moose And a Car who must Redeem a Mad Cow in A Baloon Factory",Children,11
PFEIFFER,OLYMPIA,"COLOR PHILADELPHIA","A Thoughtful Panorama of a Car And a Crocodile who must Sink a Monkey in The Sahara Desert",Classics,24
PFEIFFER,OLYMPIA,"INTOLERABLE INTENTIONS","A Awe-Inspiring Story of a Monkey And a Pastry Chef who must Succumb a Womanizer in A MySQL Convention",Documentary,9
PFEIFFER,OLYMPIA,"DEEP CRUSADE","A Amazing Tale of a Crocodile And a Squirrel who must Discover a Composer in Australia",Documentary,14
PFEIFFER,OLYMPIA,"CHITTY LOCK","A Boring Epistle of a Boat And a Database Administrator who must Kill a Sumo Wrestler in The First Manned Space Station",Drama,8
PFEIFFER,OLYMPIA,"EFFECT GLADIATOR","A Beautiful Display of a Pastry Chef And a Pastry Chef who must Outgun a Forensic Psychologist in A Manhattan Penthouse",Family,25
PFEIFFER,OLYMPIA,"MAUDE MOD","A Beautiful Documentary of a Forensic Psychologist And a Cat who must Reach a Astronaut in Nigeria",Foreign,8
PFEIFFER,OLYMPIA,"ICE CROSSING","A Fast-Paced Tale of a Butler And a Moose who must Overcome a Pioneer in A Manhattan Penthouse",Games,24
PFEIFFER,OLYMPIA,"MARS ROMAN","A Boring Drama of a Car And a Dog who must Succumb a Madman in Soviet Georgia",Games,19
PFEIFFER,OLYMPIA,"EXPRESS LONELY","A Boring Drama of a Astronaut And a Boat who must Face a Boat in California",Sci-Fi,13
PFEIFFER,OLYMPIA,"NONE SPIKING","A Boring Reflection of a Secret Agent And a Astronaut who must Face a Composer in A Manhattan Penthouse",Sci-Fi,27
PFEIFFER,OLYMPIA,"HANKY OCTOBER","A Boring Epistle of a Database Administrator And a Explorer who must Pursue a Madman in Soviet Georgia",Sci-Fi,26
PFEIFFER,OLYMPIA,"BADMAN DAWN","A Emotional Panorama of a Pioneer And a Composer who must Escape a Mad Scientist in A Jet Boat",Sci-Fi,21
PFEIFFER,OLYMPIA,"SENSE GREEK","A Taut Saga of a Lumberjack And a Pastry Chef who must Escape a Sumo Wrestler in An Abandoned Fun House",Sports,7
PFEIFFER,OLYMPIA,"TOURIST PELICAN","A Boring Story of a Butler And a Astronaut who must Outrace a Pioneer in Australia",Sports,22
PFEIFFER,OLYMPIA,"OTHERS SOUP","A Lacklusture Documentary of a Mad Cow And a Madman who must Sink a Moose in The Gulf of Mexico",Travel,23
PFEIFFER,OLYMPIA,"FUGITIVE MAGUIRE","A Taut Epistle of a Feminist And a Sumo Wrestler who must Battle a Crocodile in Australia",Travel,11
PFEIFFER,OLYMPIA,"CONTACT ANONYMOUS","A Insightful Display of a A Shark And a Monkey who must Face a Database Administrator in Ancient India",Travel,26
PFEIFFER,OLYMPIA,"SWEET BROTHERHOOD","A Unbelieveable Epistle of a Sumo Wrestler And a Hunter who must Chase a Forensic Psychologist in A Baloon",Travel,15
PFEIFFER,OLYMPIA,"TRAFFIC HOBBIT","A Amazing Epistle of a Squirrel And a Lumberjack who must Succumb a Database Administrator in A U-Boat",Travel,5
PHOENIX,GARY,"HANDICAP BOONDOCK","A Beautiful Display of a Pioneer And a Squirrel who must Vanquish a Sumo Wrestler in Soviet Georgia",Action,28
PHOENIX,GARY,"INSECTS STONE","A Epic Display of a Butler And a Dog who must Vanquish a Crocodile in A Manhattan Penthouse",Animation,18
PHOENIX,GARY,"CAROL TEXAS","A Astounding Character Study of a Composer And a Student who must Overcome a Composer in A Monastery",Animation,18
PHOENIX,GARY,"WRONG BEHAVIOR","A Emotional Saga of a Crocodile And a Sumo Wrestler who must Discover a Mad Cow in New Orleans",Children,20
PHOENIX,GARY,"LOATHING LEGALLY","A Boring Epistle of a Pioneer And a Mad Scientist who must Escape a Frisbee in The Gulf of Mexico",Classics,27
PHOENIX,GARY,"TOMORROW HUSTLER","A Thoughtful Story of a Moose And a Husband who must Face a Secret Agent in The Sahara Desert",Classics,25
PHOENIX,GARY,"TIMBERLAND SKY","A Boring Display of a Man And a Dog who must Redeem a Girl in A U-Boat",Classics,31
PHOENIX,GARY,"NORTH TEQUILA","A Beautiful Character Study of a Mad Cow And a Robot who must Reach a Womanizer in New Orleans",Documentary,11
PHOENIX,GARY,"ROAD ROXANNE","A Boring Character Study of a Waitress And a Astronaut who must Fight a Crocodile in Ancient Japan",Documentary,19
PHOENIX,GARY,"BEDAZZLED MARRIED","A Astounding Character Study of a Madman And a Robot who must Meet a Mad Scientist in An Abandoned Fun House",Family,13
PHOENIX,GARY,"AFRICAN EGG","A Fast-Paced Documentary of a Pastry Chef And a Dentist who must Pursue a Forensic Psychologist in The Gulf of Mexico",Family,12
PHOENIX,GARY,"CALENDAR GUNFIGHT","A Thrilling Drama of a Frisbee And a Lumberjack who must Sink a Man in Nigeria",Foreign,21
PHOENIX,GARY,"HEAD STRANGER","A Thoughtful Saga of a Hunter And a Crocodile who must Confront a Dog in The Gulf of Mexico",Games,22
PHOENIX,GARY,"ROCK INSTINCT","A Astounding Character Study of a Robot And a Moose who must Overcome a Astronaut in Ancient India",Horror,17
PHOENIX,GARY,"WORLD LEATHERNECKS","A Unbelieveable Tale of a Pioneer And a Astronaut who must Overcome a Robot in An Abandoned Amusement Park",Horror,8
PHOENIX,GARY,"JUMANJI BLADE","A Intrepid Yarn of a Husband And a Womanizer who must Pursue a Mad Scientist in New Orleans",New,8
PHOENIX,GARY,"STOCK GLASS","A Boring Epistle of a Crocodile And a Lumberjack who must Outgun a Moose in Ancient China",New,14
PHOENIX,GARY,"WILD APOLLO","A Beautiful Story of a Monkey And a Sumo Wrestler who must Conquer a A Shark in A MySQL Convention",New,6
PHOENIX,GARY,"RUN PACIFIC","A Touching Tale of a Cat And a Pastry Chef who must Conquer a Pastry Chef in A MySQL Convention",New,10
PHOENIX,GARY,"CITIZEN SHREK","A Fanciful Character Study of a Technical Writer And a Husband who must Redeem a Robot in The Outback",Sci-Fi,13
PHOENIX,GARY,"HOLES BRANNIGAN","A Fast-Paced Reflection of a Technical Writer And a Student who must Fight a Boy in The Canadian Rockies",Sports,15
PHOENIX,GARY,"PICKUP DRIVING","A Touching Documentary of a Husband And a Boat who must Meet a Pastry Chef in A Baloon Factory",Sports,16
PHOENIX,GARY,"RIVER OUTLAW","A Thrilling Character Study of a Squirrel And a Lumberjack who must Face a Hunter in A MySQL Convention",Sports,20
PHOENIX,GARY,"VICTORY ACADEMY","A Insightful Epistle of a Mad Scientist And a Explorer who must Challenge a Cat in The Sahara Desert",Sports,9
PHOENIX,GARY,"BUCKET BROTHERHOOD","A Amazing Display of a Girl And a Womanizer who must Succumb a Lumberjack in A Baloon Factory",Travel,34
PINKETT,PENELOPE,"EXCITEMENT EVE","A Brilliant Documentary of a Monkey And a Car who must Conquer a Crocodile in A Shark Tank",Action,21
PINKETT,PENELOPE,"JUGGLER HARDLY","A Epic Story of a Mad Cow And a Astronaut who must Challenge a Car in California",Animation,32
PINKETT,PENELOPE,"LAWLESS VISION","A Insightful Yarn of a Boy And a Sumo Wrestler who must Outgun a Car in The Outback",Animation,17
PINKETT,PENELOPE,"OZ LIAISONS","A Epic Yarn of a Mad Scientist And a Cat who must Confront a Womanizer in A Baloon Factory",Animation,24
PINKETT,PENELOPE,"CORE SUIT","A Unbelieveable Tale of a Car And a Explorer who must Confront a Boat in A Manhattan Penthouse",Classics,18
PINKETT,PENELOPE,"WESTWARD SEABISCUIT","A Lacklusture Tale of a Butler And a Husband who must Face a Boy in Ancient China",Classics,26
PINKETT,PENELOPE,"LION UNCUT","A Intrepid Display of a Pastry Chef And a Cat who must Kill a A Shark in Ancient China",Comedy,18
PINKETT,PENELOPE,"RUSHMORE MERMAID","A Boring Story of a Woman And a Moose who must Reach a Husband in A Shark Tank",Comedy,6
PINKETT,PENELOPE,"SUBMARINE BED","A Amazing Display of a Car And a Monkey who must Fight a Teacher in Soviet Georgia",Comedy,15
PINKETT,PENELOPE,"CIDER DESIRE","A Stunning Character Study of a Composer And a Mad Cow who must Succumb a Cat in Soviet Georgia",Documentary,19
PINKETT,PENELOPE,"CAUSE DATE","A Taut Tale of a Explorer And a Pastry Chef who must Conquer a Hunter in A MySQL Convention",Documentary,21
PINKETT,PENELOPE,"GANDHI KWAI","A Thoughtful Display of a Mad Scientist And a Secret Agent who must Chase a Boat in Berlin",Family,17
PINKETT,PENELOPE,"STATE WASTELAND","A Beautiful Display of a Cat And a Pastry Chef who must Outrace a Mad Cow in A Jet Boat",Games,13
PINKETT,PENELOPE,"MADRE GABLES","A Intrepid Panorama of a Sumo Wrestler And a Forensic Psychologist who must Discover a Moose in The First Manned Space Station",Games,14
PINKETT,PENELOPE,"SUIT WALLS","A Touching Panorama of a Lumberjack And a Frisbee who must Build a Dog in Australia",Games,21
PINKETT,PENELOPE,"MOTIONS DETAILS","A Awe-Inspiring Reflection of a Dog And a Student who must Kill a Car in An Abandoned Fun House",Horror,16
PINKETT,PENELOPE,"FAMILY SWEET","A Epic Documentary of a Teacher And a Boy who must Escape a Woman in Berlin",Horror,29
PINKETT,PENELOPE,"PARIS WEEKEND","A Intrepid Story of a Squirrel And a Crocodile who must Defeat a Monkey in The Outback",Horror,14
PINKETT,PENELOPE,"WORLD LEATHERNECKS","A Unbelieveable Tale of a Pioneer And a Astronaut who must Overcome a Robot in An Abandoned Amusement Park",Horror,8
PINKETT,PENELOPE,"OLEANDER CLUE","A Boring Story of a Teacher And a Monkey who must Succumb a Forensic Psychologist in A Jet Boat",Music,10
PINKETT,PENELOPE,"TROOPERS METAL","A Fanciful Drama of a Monkey And a Feminist who must Sink a Man in Berlin",New,14
PINKETT,PENELOPE,"ENGLISH BULWORTH","A Intrepid Epistle of a Pastry Chef And a Pastry Chef who must Pursue a Crocodile in Ancient China",Sci-Fi,30
PINKETT,PENELOPE,"SATURDAY LAMBS","A Thoughtful Reflection of a Mad Scientist And a Moose who must Kill a Husband in A Baloon",Sports,28
PINKETT,PENELOPE,"BOILED DARES","A Awe-Inspiring Story of a Waitress And a Dog who must Discover a Dentist in Ancient Japan",Travel,15
PINKETT,PENELOPE,"WORKER TARZAN","A Action-Packed Yarn of a Secret Agent And a Technical Writer who must Battle a Sumo Wrestler in The First Manned Space Station",Travel,15
PITT,JAMES,"AMADEUS HOLY","A Emotional Display of a Pioneer And a Technical Writer who must Battle a Man in A Baloon",Action,21
PITT,JAMES,"MIDNIGHT WESTWARD","A Taut Reflection of a Husband And a A Shark who must Redeem a Pastry Chef in A Monastery",Action,17
PITT,JAMES,"PUNK DIVORCE","A Fast-Paced Tale of a Pastry Chef And a Boat who must Face a Frisbee in The Canadian Rockies",Animation,8
PITT,JAMES,"THIEF PELICAN","A Touching Documentary of a Madman And a Mad Scientist who must Outrace a Feminist in An Abandoned Mine Shaft",Animation,19
PITT,JAMES,"DOCTOR GRAIL","A Insightful Drama of a Womanizer And a Waitress who must Reach a Forensic Psychologist in The Outback",Children,7
PITT,JAMES,"JUMPING WRATH","A Touching Epistle of a Monkey And a Feminist who must Discover a Boat in Berlin",Children,24
PITT,JAMES,"STEEL SANTA","A Fast-Paced Yarn of a Composer And a Frisbee who must Face a Moose in Nigeria",Classics,23
PITT,JAMES,"FIREBALL PHILADELPHIA","A Amazing Yarn of a Dentist And a A Shark who must Vanquish a Madman in An Abandoned Mine Shaft",Comedy,21
PITT,JAMES,"LONELY ELEPHANT","A Intrepid Story of a Student And a Dog who must Challenge a Explorer in Soviet Georgia",Comedy,15
PITT,JAMES,"HEDWIG ALTER","A Action-Packed Yarn of a Womanizer And a Lumberjack who must Chase a Sumo Wrestler in A Monastery",Comedy,12
PITT,JAMES,"YOUNG LANGUAGE","A Unbelieveable Yarn of a Boat And a Database Administrator who must Meet a Boy in The First Manned Space Station",Documentary,7
PITT,JAMES,"MODERN DORADO","A Awe-Inspiring Story of a Butler And a Sumo Wrestler who must Redeem a Boy in New Orleans",Documentary,15
PITT,JAMES,"NATIONAL STORY","A Taut Epistle of a Mad Scientist And a Girl who must Escape a Monkey in California",Documentary,19
PITT,JAMES,"CONFUSED CANDLES","A Stunning Epistle of a Cat And a Forensic Psychologist who must Confront a Pioneer in A Baloon",Family,17
PITT,JAMES,"JEDI BENEATH","A Astounding Reflection of a Explorer And a Dentist who must Pursue a Student in Nigeria",Family,19
PITT,JAMES,"WILLOW TRACY","A Brilliant Panorama of a Boat And a Astronaut who must Challenge a Teacher in A Manhattan Penthouse",Family,16
PITT,JAMES,"EVERYONE CRAFT","A Fateful Display of a Waitress And a Dentist who must Reach a Butler in Nigeria",Foreign,13
PITT,JAMES,"INNOCENT USUAL","A Beautiful Drama of a Pioneer And a Crocodile who must Challenge a Student in The Outback",Foreign,26
PITT,JAMES,"MAUDE MOD","A Beautiful Documentary of a Forensic Psychologist And a Cat who must Reach a Astronaut in Nigeria",Foreign,8
PITT,JAMES,"HELLFIGHTERS SIERRA","A Taut Reflection of a A Shark And a Dentist who must Battle a Boat in Soviet Georgia",Foreign,20
PITT,JAMES,"OUTBREAK DIVINE","A Unbelieveable Yarn of a Database Administrator And a Woman who must Succumb a A Shark in A U-Boat",Games,23
PITT,JAMES,"ENCINO ELF","A Astounding Drama of a Feminist And a Teacher who must Confront a Husband in A Baloon",Games,19
PITT,JAMES,"AUTUMN CROW","A Beautiful Tale of a Dentist And a Mad Cow who must Battle a Moose in The Sahara Desert",Games,11
PITT,JAMES,"SPIRIT FLINTSTONES","A Brilliant Yarn of a Cat And a Car who must Confront a Explorer in Ancient Japan",Horror,15
PITT,JAMES,"LUCKY FLYING","A Lacklusture Character Study of a A Shark And a Man who must Find a Forensic Psychologist in A U-Boat",Music,13
PITT,JAMES,"FIDDLER LOST","A Boring Tale of a Squirrel And a Dog who must Challenge a Madman in The Gulf of Mexico",Sci-Fi,10
PITT,JAMES,"ARMAGEDDON LOST","A Fast-Paced Tale of a Boat And a Teacher who must Succumb a Composer in An Abandoned Mine Shaft",Sci-Fi,21
PITT,JAMES,"SHAKESPEARE SADDLE","A Fast-Paced Panorama of a Lumberjack And a Database Administrator who must Defeat a Madman in A MySQL Convention",Sports,22
PITT,JAMES,"RIDER CADDYSHACK","A Taut Reflection of a Monkey And a Womanizer who must Chase a Moose in Nigeria",Sports,11
PITT,JAMES,"SATURDAY LAMBS","A Thoughtful Reflection of a Mad Scientist And a Moose who must Kill a Husband in A Baloon",Sports,28
PITT,JAMES,"SLIPPER FIDELITY","A Taut Reflection of a Secret Agent And a Man who must Redeem a Explorer in A MySQL Convention",Sports,16
POSEY,BURT,"MINDS TRUMAN","A Taut Yarn of a Mad Scientist And a Crocodile who must Outgun a Database Administrator in A Monastery",Action,20
POSEY,BURT,"LUKE MUMMY","A Taut Character Study of a Boy And a Robot who must Redeem a Mad Scientist in Ancient India",Animation,7
POSEY,BURT,"MAGIC MALLRATS","A Touching Documentary of a Pastry Chef And a Pastry Chef who must Build a Mad Scientist in California",Children,7
POSEY,BURT,"HYDE DOCTOR","A Fanciful Documentary of a Boy And a Woman who must Redeem a Womanizer in A Jet Boat",Classics,26
POSEY,BURT,"ROOTS REMEMBER","A Brilliant Drama of a Mad Cow And a Hunter who must Escape a Hunter in Berlin",Classics,17
POSEY,BURT,"CHILL LUCK","A Lacklusture Epistle of a Boat And a Technical Writer who must Fight a A Shark in The Canadian Rockies",Drama,22
POSEY,BURT,"KILLER INNOCENT","A Fanciful Character Study of a Student And a Explorer who must Succumb a Composer in An Abandoned Mine Shaft",Family,6
POSEY,BURT,"SENSIBILITY REAR","A Emotional Tale of a Robot And a Sumo Wrestler who must Redeem a Pastry Chef in A Baloon Factory",Family,10
POSEY,BURT,"COMMAND DARLING","A Awe-Inspiring Tale of a Forensic Psychologist And a Woman who must Challenge a Database Administrator in Ancient Japan",Foreign,16
POSEY,BURT,"LAMBS CINCINATTI","A Insightful Story of a Man And a Feminist who must Fight a Composer in Australia",Games,10
POSEY,BURT,"SWARM GOLD","A Insightful Panorama of a Crocodile And a Boat who must Conquer a Sumo Wrestler in A MySQL Convention",Horror,27
POSEY,BURT,"ARABIA DOGMA","A Touching Epistle of a Madman And a Mad Cow who must Defeat a Student in Nigeria",Horror,13
POSEY,BURT,"FAMILY SWEET","A Epic Documentary of a Teacher And a Boy who must Escape a Woman in Berlin",Horror,29
POSEY,BURT,"DESERT POSEIDON","A Brilliant Documentary of a Butler And a Frisbee who must Build a Astronaut in New Orleans",Horror,19
POSEY,BURT,"ALASKA PHANTOM","A Fanciful Saga of a Hunter And a Pastry Chef who must Vanquish a Boy in Australia",Music,26
POSEY,BURT,"HOURS RAGE","A Fateful Story of a Explorer And a Feminist who must Meet a Technical Writer in Soviet Georgia",New,19
POSEY,BURT,"UNBREAKABLE KARATE","A Amazing Character Study of a Robot And a Student who must Chase a Robot in Australia",New,21
POSEY,BURT,"JUNGLE CLOSER","A Boring Character Study of a Boy And a Woman who must Battle a Astronaut in Australia",New,9
POSEY,BURT,"PEACH INNOCENT","A Action-Packed Drama of a Monkey And a Dentist who must Chase a Butler in Berlin",Sports,14
POSEY,BURT,"GRACELAND DYNAMITE","A Taut Display of a Cat And a Girl who must Overcome a Database Administrator in New Orleans",Sports,6
POSEY,BURT,"SATURDAY LAMBS","A Thoughtful Reflection of a Mad Scientist And a Moose who must Kill a Husband in A Baloon",Sports,28
POSEY,BURT,"HYSTERICAL GRAIL","A Amazing Saga of a Madman And a Dentist who must Build a Car in A Manhattan Penthouse",Sports,15
POSEY,BURT,"GAMES BOWFINGER","A Astounding Documentary of a Butler And a Explorer who must Challenge a Butler in A Monastery",Travel,14
POSEY,BURT,"OTHERS SOUP","A Lacklusture Documentary of a Mad Cow And a Madman who must Sink a Moose in The Gulf of Mexico",Travel,23
PRESLEY,ELLEN,"WOMEN DORADO","A Insightful Documentary of a Waitress And a Butler who must Vanquish a Composer in Australia",Action,23
PRESLEY,ELLEN,"OSCAR GOLD","A Insightful Tale of a Database Administrator And a Dog who must Face a Madman in Soviet Georgia",Animation,25
PRESLEY,ELLEN,"TURN STAR","A Stunning Tale of a Man And a Monkey who must Chase a Student in New Orleans",Animation,14
PRESLEY,ELLEN,"CASPER DRAGONFLY","A Intrepid Documentary of a Boat And a Crocodile who must Chase a Robot in The Sahara Desert",Children,8
PRESLEY,ELLEN,"SCARFACE BANG","A Emotional Yarn of a Teacher And a Girl who must Find a Teacher in A Baloon Factory",Children,18
PRESLEY,ELLEN,"EMPIRE MALKOVICH","A Amazing Story of a Feminist And a Cat who must Face a Car in An Abandoned Fun House",Children,21
PRESLEY,ELLEN,"MICROCOSMOS PARADISE","A Touching Character Study of a Boat And a Student who must Sink a A Shark in Nigeria",Children,13
PRESLEY,ELLEN,"HYDE DOCTOR","A Fanciful Documentary of a Boy And a Woman who must Redeem a Womanizer in A Jet Boat",Classics,26
PRESLEY,ELLEN,"ROOTS REMEMBER","A Brilliant Drama of a Mad Cow And a Hunter who must Escape a Hunter in Berlin",Classics,17
PRESLEY,ELLEN,"PINOCCHIO SIMON","A Action-Packed Reflection of a Mad Scientist And a A Shark who must Find a Feminist in California",Comedy,20
PRESLEY,ELLEN,"HOMEWARD CIDER","A Taut Reflection of a Astronaut And a Squirrel who must Fight a Squirrel in A Manhattan Penthouse",Documentary,16
PRESLEY,ELLEN,"JACKET FRISCO","A Insightful Reflection of a Womanizer And a Husband who must Conquer a Pastry Chef in A Baloon",Drama,18
PRESLEY,ELLEN,"BILKO ANONYMOUS","A Emotional Reflection of a Teacher And a Man who must Meet a Cat in The First Manned Space Station",Family,13
PRESLEY,ELLEN,"NETWORK PEAK","A Unbelieveable Reflection of a Butler And a Boat who must Outgun a Mad Scientist in California",Family,31
PRESLEY,ELLEN,"PRIVATE DROP","A Stunning Story of a Technical Writer And a Hunter who must Succumb a Secret Agent in A Baloon",Games,5
PRESLEY,ELLEN,"SPY MILE","A Thrilling Documentary of a Feminist And a Feminist who must Confront a Feminist in A Baloon",Games,27
PRESLEY,ELLEN,"STREETCAR INTENTIONS","A Insightful Character Study of a Waitress And a Crocodile who must Sink a Waitress in The Gulf of Mexico",Horror,25
PRESLEY,ELLEN,"SECRETARY ROUGE","A Action-Packed Panorama of a Mad Cow And a Composer who must Discover a Robot in A Baloon Factory",Sports,18
PRESLEY,ELLEN,"IMAGE PRINCESS","A Lacklusture Panorama of a Secret Agent And a Crocodile who must Discover a Madman in The Canadian Rockies",Sports,14
PRESLEY,ELLEN,"CARIBBEAN LIBERTY","A Fanciful Tale of a Pioneer And a Technical Writer who must Outgun a Pioneer in A Shark Tank",Sports,9
PRESLEY,ELLEN,"PICKUP DRIVING","A Touching Documentary of a Husband And a Boat who must Meet a Pastry Chef in A Baloon Factory",Sports,16
PRESLEY,ELLEN,"FROGMEN BREAKING","A Unbelieveable Yarn of a Mad Scientist And a Cat who must Chase a Lumberjack in Australia",Travel,10
REYNOLDS,RITA,"LUKE MUMMY","A Taut Character Study of a Boy And a Robot who must Redeem a Mad Scientist in Ancient India",Animation,7
REYNOLDS,RITA,"MAKER GABLES","A Stunning Display of a Moose And a Database Administrator who must Pursue a Composer in A Jet Boat",Children,10
REYNOLDS,RITA,"GILBERT PELICAN","A Fateful Tale of a Man And a Feminist who must Conquer a Crocodile in A Manhattan Penthouse",Classics,9
REYNOLDS,RITA,"JERK PAYCHECK","A Touching Character Study of a Pastry Chef And a Database Administrator who must Reach a A Shark in Ancient Japan",Classics,20
REYNOLDS,RITA,"SNATCH SLIPPER","A Insightful Panorama of a Woman And a Feminist who must Defeat a Forensic Psychologist in Berlin",Comedy,22
REYNOLDS,RITA,"TRAINSPOTTING STRANGERS","A Fast-Paced Drama of a Pioneer And a Mad Cow who must Challenge a Madman in Ancient Japan",Comedy,11
REYNOLDS,RITA,"NATIONAL STORY","A Taut Epistle of a Mad Scientist And a Girl who must Escape a Monkey in California",Documentary,19
REYNOLDS,RITA,"EARRING INSTINCT","A Stunning Character Study of a Dentist And a Mad Cow who must Find a Teacher in Nigeria",Family,19
REYNOLDS,RITA,"INDIAN LOVE","A Insightful Saga of a Mad Scientist And a Mad Scientist who must Kill a Astronaut in An Abandoned Fun House",Family,16
REYNOLDS,RITA,"COMMAND DARLING","A Awe-Inspiring Tale of a Forensic Psychologist And a Woman who must Challenge a Database Administrator in Ancient Japan",Foreign,16
REYNOLDS,RITA,"IMPOSSIBLE PREJUDICE","A Awe-Inspiring Yarn of a Monkey And a Hunter who must Chase a Teacher in Ancient China",Foreign,14
REYNOLDS,RITA,"GENTLEMEN STAGE","A Awe-Inspiring Reflection of a Monkey And a Student who must Overcome a Dentist in The First Manned Space Station",Foreign,23
REYNOLDS,RITA,"BEHAVIOR RUNAWAY","A Unbelieveable Drama of a Student And a Husband who must Outrace a Sumo Wrestler in Berlin",Horror,13
REYNOLDS,RITA,"ARACHNOPHOBIA ROLLERCOASTER","A Action-Packed Reflection of a Pastry Chef And a Composer who must Discover a Mad Scientist in The First Manned Space Station",Horror,24
REYNOLDS,RITA,"GODFATHER DIARY","A Stunning Saga of a Lumberjack And a Squirrel who must Chase a Car in The Outback",New,8
REYNOLDS,RITA,"FLAMINGOS CONNECTICUT","A Fast-Paced Reflection of a Composer And a Composer who must Meet a Cat in The Sahara Desert",New,23
REYNOLDS,RITA,"NORTHWEST POLISH","A Boring Character Study of a Boy And a A Shark who must Outrace a Womanizer in The Outback",Sports,20
REYNOLDS,RITA,"RECORDS ZORRO","A Amazing Drama of a Mad Scientist And a Composer who must Build a Husband in The Outback",Sports,8
REYNOLDS,RITA,"BORN SPINAL","A Touching Epistle of a Frisbee And a Husband who must Pursue a Student in Nigeria",Travel,12
RYDER,JADA,"SIDE ARK","A Stunning Panorama of a Crocodile And a Womanizer who must Meet a Feminist in The Canadian Rockies",Action,12
RYDER,JADA,"KISSING DOLLS","A Insightful Reflection of a Pioneer And a Teacher who must Build a Composer in The First Manned Space Station",Action,20
RYDER,JADA,"GOSFORD DONNIE","A Epic Panorama of a Mad Scientist And a Monkey who must Redeem a Secret Agent in Berlin",Action,8
RYDER,JADA,"ALTER VICTORY","A Thoughtful Drama of a Composer And a Feminist who must Meet a Secret Agent in The Canadian Rockies",Animation,22
RYDER,JADA,"ISHTAR ROCKETEER","A Astounding Saga of a Dog And a Squirrel who must Conquer a Dog in An Abandoned Fun House",Animation,7
RYDER,JADA,"SUGAR WONKA","A Touching Story of a Dentist And a Database Administrator who must Conquer a Astronaut in An Abandoned Amusement Park",Animation,17
RYDER,JADA,"ZOOLANDER FICTION","A Fateful Reflection of a Waitress And a Boat who must Discover a Sumo Wrestler in Ancient China",Children,17
RYDER,JADA,"FOREVER CANDIDATE","A Unbelieveable Panorama of a Technical Writer And a Man who must Pursue a Frisbee in A U-Boat",Children,13
RYDER,JADA,"ROBBERS JOON","A Thoughtful Story of a Mad Scientist And a Waitress who must Confront a Forensic Psychologist in Soviet Georgia",Children,31
RYDER,JADA,"MURDER ANTITRUST","A Brilliant Yarn of a Car And a Database Administrator who must Escape a Boy in A MySQL Convention",Children,23
RYDER,JADA,"MALKOVICH PET","A Intrepid Reflection of a Waitress And a A Shark who must Kill a Squirrel in The Outback",Classics,26
RYDER,JADA,"TRAMP OTHERS","A Brilliant Display of a Composer And a Cat who must Succumb a A Shark in Ancient India",Comedy,20
RYDER,JADA,"CUPBOARD SINNERS","A Emotional Reflection of a Frisbee And a Boat who must Reach a Pastry Chef in An Abandoned Amusement Park",Documentary,23
RYDER,JADA,"MIDSUMMER GROUNDHOG","A Fateful Panorama of a Moose And a Dog who must Chase a Crocodile in Ancient Japan",Documentary,22
RYDER,JADA,"DOZEN LION","A Taut Drama of a Cat And a Girl who must Defeat a Frisbee in The Canadian Rockies",Documentary,7
RYDER,JADA,"BUNCH MINDS","A Emotional Story of a Feminist And a Feminist who must Escape a Pastry Chef in A MySQL Convention",Drama,5
RYDER,JADA,"CRAFT OUTFIELD","A Lacklusture Display of a Explorer And a Hunter who must Succumb a Database Administrator in A Baloon Factory",Drama,16
RYDER,JADA,"KWAI HOMEWARD","A Amazing Drama of a Car And a Squirrel who must Pursue a Car in Soviet Georgia",Drama,23
RYDER,JADA,"CHASING FIGHT","A Astounding Saga of a Technical Writer And a Butler who must Battle a Butler in A Shark Tank",Family,20
RYDER,JADA,"RAGE GAMES","A Fast-Paced Saga of a Astronaut And a Secret Agent who must Escape a Hunter in An Abandoned Amusement Park",Family,19
RYDER,JADA,"STATE WASTELAND","A Beautiful Display of a Cat And a Pastry Chef who must Outrace a Mad Cow in A Jet Boat",Games,13
RYDER,JADA,"KARATE MOON","A Astounding Yarn of a Womanizer And a Dog who must Reach a Waitress in A MySQL Convention",Horror,23
RYDER,JADA,"LUCKY FLYING","A Lacklusture Character Study of a A Shark And a Man who must Find a Forensic Psychologist in A U-Boat",Music,13
RYDER,JADA,"SALUTE APOLLO","A Awe-Inspiring Character Study of a Boy And a Feminist who must Sink a Crocodile in Ancient China",New,23
RYDER,JADA,"JEKYLL FROGMEN","A Fanciful Epistle of a Student And a Astronaut who must Kill a Waitress in A Shark Tank",New,17
RYDER,JADA,"SUN CONFESSIONS","A Beautiful Display of a Mad Cow And a Dog who must Redeem a Waitress in An Abandoned Amusement Park",Sci-Fi,25
RYDER,JADA,"GARDEN ISLAND","A Unbelieveable Character Study of a Womanizer And a Madman who must Reach a Man in The Outback",Sci-Fi,20
RYDER,JADA,"TALENTED HOMICIDE","A Lacklusture Panorama of a Dentist And a Forensic Psychologist who must Outrace a Pioneer in A U-Boat",Sports,29
RYDER,JADA,"ALADDIN CALENDAR","A Action-Packed Tale of a Man And a Lumberjack who must Reach a Feminist in Ancient China",Sports,23
RYDER,JADA,"TROUBLE DATE","A Lacklusture Panorama of a Forensic Psychologist And a Woman who must Kill a Explorer in Ancient Japan",Travel,23
SILVERSTONE,JAYNE,"SIDE ARK","A Stunning Panorama of a Crocodile And a Womanizer who must Meet a Feminist in The Canadian Rockies",Action,12
SILVERSTONE,JAYNE,"SUSPECTS QUILLS","A Emotional Epistle of a Pioneer And a Crocodile who must Battle a Man in A Manhattan Penthouse",Action,30
SILVERSTONE,JAYNE,"CELEBRITY HORN","A Amazing Documentary of a Secret Agent And a Astronaut who must Vanquish a Hunter in A Shark Tank",Action,24
SILVERSTONE,JAYNE,"OZ LIAISONS","A Epic Yarn of a Mad Scientist And a Cat who must Confront a Womanizer in A Baloon Factory",Animation,24
SILVERSTONE,JAYNE,"HALL CASSIDY","A Beautiful Panorama of a Pastry Chef And a A Shark who must Battle a Pioneer in Soviet Georgia",Children,16
SILVERSTONE,JAYNE,"WASTELAND DIVINE","A Fanciful Story of a Database Administrator And a Womanizer who must Fight a Database Administrator in Ancient China",Classics,15
SILVERSTONE,JAYNE,"CAUSE DATE","A Taut Tale of a Explorer And a Pastry Chef who must Conquer a Hunter in A MySQL Convention",Documentary,21
SILVERSTONE,JAYNE,"QUEEN LUKE","A Astounding Story of a Girl And a Boy who must Challenge a Composer in New Orleans",Drama,22
SILVERSTONE,JAYNE,"HARRY IDAHO","A Taut Yarn of a Technical Writer And a Feminist who must Outrace a Dog in California",Drama,30
SILVERSTONE,JAYNE,"LOUISIANA HARRY","A Lacklusture Drama of a Girl And a Technical Writer who must Redeem a Monkey in A Shark Tank",Family,17
SILVERSTONE,JAYNE,"ROCKETEER MOTHER","A Awe-Inspiring Character Study of a Robot And a Sumo Wrestler who must Discover a Womanizer in A Shark Tank",Foreign,33
SILVERSTONE,JAYNE,"SCHOOL JACKET","A Intrepid Yarn of a Monkey And a Boy who must Fight a Composer in A Manhattan Penthouse",Foreign,6
SILVERSTONE,JAYNE,"MARS ROMAN","A Boring Drama of a Car And a Dog who must Succumb a Madman in Soviet Georgia",Games,19
SILVERSTONE,JAYNE,"CHICAGO NORTH","A Fateful Yarn of a Mad Cow And a Waitress who must Battle a Student in California",Games,16
SILVERSTONE,JAYNE,"SEVEN SWARM","A Unbelieveable Character Study of a Dog And a Mad Cow who must Kill a Monkey in Berlin",Games,5
SILVERSTONE,JAYNE,"PARIS WEEKEND","A Intrepid Story of a Squirrel And a Crocodile who must Defeat a Monkey in The Outback",Horror,14
SILVERSTONE,JAYNE,"TEXAS WATCH","A Awe-Inspiring Yarn of a Student And a Teacher who must Fight a Teacher in An Abandoned Amusement Park",Horror,6
SILVERSTONE,JAYNE,"KARATE MOON","A Astounding Yarn of a Womanizer And a Dog who must Reach a Waitress in A MySQL Convention",Horror,23
SILVERSTONE,JAYNE,"PERSONAL LADYBUGS","A Epic Saga of a Hunter And a Technical Writer who must Conquer a Cat in Ancient Japan",Music,14
SILVERSTONE,JAYNE,"MONSTER SPARTACUS","A Fast-Paced Story of a Waitress And a Cat who must Fight a Girl in Australia",Music,15
SILVERSTONE,JAYNE,"PIANIST OUTFIELD","A Intrepid Story of a Boy And a Technical Writer who must Pursue a Lumberjack in A Monastery",New,21
SILVERSTONE,JAYNE,"LICENSE WEEKEND","A Insightful Story of a Man And a Husband who must Overcome a Madman in A Monastery",Sci-Fi,7
SILVERSTONE,JAYNE,"EYES DRIVING","A Thrilling Story of a Cat And a Waitress who must Fight a Explorer in The Outback",Sci-Fi,19
SILVERSTONE,JAYNE,"SMOOCHY CONTROL","A Thrilling Documentary of a Husband And a Feminist who must Face a Mad Scientist in Ancient China",Sports,12
SILVERSTONE,JAYNE,"GLEAMING JAWBREAKER","A Amazing Display of a Composer And a Forensic Psychologist who must Discover a Car in The Canadian Rockies",Sports,29
SILVERSTONE,JEFF,"SUSPECTS QUILLS","A Emotional Epistle of a Pioneer And a Crocodile who must Battle a Man in A Manhattan Penthouse",Action,30
SILVERSTONE,JEFF,"RINGS HEARTBREAKERS","A Amazing Yarn of a Sumo Wrestler And a Boat who must Conquer a Waitress in New Orleans",Action,15
SILVERSTONE,JEFF,"WATCH TRACY","A Fast-Paced Yarn of a Dog And a Frisbee who must Conquer a Hunter in Nigeria",Animation,16
SILVERSTONE,JEFF,"SONS INTERVIEW","A Taut Character Study of a Explorer And a Mad Cow who must Battle a Hunter in Ancient China",Animation,15
SILVERSTONE,JEFF,"PARADISE SABRINA","A Intrepid Yarn of a Car And a Moose who must Outrace a Crocodile in A Manhattan Penthouse",Comedy,18
SILVERSTONE,JEFF,"NEWSIES STORY","A Action-Packed Character Study of a Dog And a Lumberjack who must Outrace a Moose in The Gulf of Mexico",Documentary,7
SILVERSTONE,JEFF,"HUNTER ALTER","A Emotional Drama of a Mad Cow And a Boat who must Redeem a Secret Agent in A Shark Tank",Documentary,5
SILVERSTONE,JEFF,"REMEMBER DIARY","A Insightful Tale of a Technical Writer And a Waitress who must Conquer a Monkey in Ancient India",Family,18
SILVERSTONE,JEFF,"SPARTACUS CHEAPER","A Thrilling Panorama of a Pastry Chef And a Secret Agent who must Overcome a Student in A Manhattan Penthouse",Family,9
SILVERSTONE,JEFF,"DRUMS DYNAMITE","A Epic Display of a Crocodile And a Crocodile who must Confront a Dog in An Abandoned Amusement Park",Horror,13
SILVERSTONE,JEFF,"LADY STAGE","A Beautiful Character Study of a Woman And a Man who must Pursue a Explorer in A U-Boat",Horror,17
SILVERSTONE,JEFF,"ALASKA PHANTOM","A Fanciful Saga of a Hunter And a Pastry Chef who must Vanquish a Boy in Australia",Music,26
SILVERSTONE,JEFF,"MASK PEACH","A Boring Character Study of a Student And a Robot who must Meet a Woman in California",New,17
SILVERSTONE,JEFF,"STOCK GLASS","A Boring Epistle of a Crocodile And a Lumberjack who must Outgun a Moose in Ancient China",New,14
SILVERSTONE,JEFF,"NORTHWEST POLISH","A Boring Character Study of a Boy And a A Shark who must Outrace a Womanizer in The Outback",Sports,20
SILVERSTONE,JEFF,"SECRETARY ROUGE","A Action-Packed Panorama of a Mad Cow And a Composer who must Discover a Robot in A Baloon Factory",Sports,18
SILVERSTONE,JEFF,"RIDER CADDYSHACK","A Taut Reflection of a Monkey And a Womanizer who must Chase a Moose in Nigeria",Sports,11
SILVERSTONE,JEFF,"SLIPPER FIDELITY","A Taut Reflection of a Secret Agent And a Man who must Redeem a Explorer in A MySQL Convention",Sports,16
SILVERSTONE,JEFF,"MUSCLE BRIGHT","A Stunning Panorama of a Sumo Wrestler And a Husband who must Redeem a Madman in Ancient India",Travel,30
SILVERSTONE,JEFF,"SMILE EARRING","A Intrepid Drama of a Teacher And a Butler who must Build a Pastry Chef in Berlin",Travel,10
SINATRA,GROUCHO,"WEREWOLF LOLA","A Fanciful Story of a Man And a Sumo Wrestler who must Outrace a Student in A Monastery",Action,14
SINATRA,GROUCHO,"LORD ARIZONA","A Action-Packed Display of a Frisbee And a Pastry Chef who must Pursue a Crocodile in A Jet Boat",Action,11
SINATRA,GROUCHO,"MAGNOLIA FORRESTER","A Thoughtful Documentary of a Composer And a Explorer who must Conquer a Dentist in New Orleans",Action,11
SINATRA,GROUCHO,"WATCH TRACY","A Fast-Paced Yarn of a Dog And a Frisbee who must Conquer a Hunter in Nigeria",Animation,16
SINATRA,GROUCHO,"TELEMARK HEARTBREAKERS","A Action-Packed Panorama of a Technical Writer And a Man who must Build a Forensic Psychologist in A Manhattan Penthouse",Animation,25
SINATRA,GROUCHO,"DOGMA FAMILY","A Brilliant Character Study of a Database Administrator And a Monkey who must Succumb a Astronaut in New Orleans",Animation,30
SINATRA,GROUCHO,"LABYRINTH LEAGUE","A Awe-Inspiring Saga of a Composer And a Frisbee who must Succumb a Pioneer in The Sahara Desert",Children,15
SINATRA,GROUCHO,"STRANGELOVE DESIRE","A Awe-Inspiring Panorama of a Lumberjack And a Waitress who must Defeat a Crocodile in An Abandoned Amusement Park",Children,24
SINATRA,GROUCHO,"DYING MAKER","A Intrepid Tale of a Boat And a Monkey who must Kill a Cat in California",Comedy,17
SINATRA,GROUCHO,"DUFFEL APOCALYPSE","A Emotional Display of a Boat And a Explorer who must Challenge a Madman in A MySQL Convention",Documentary,7
SINATRA,GROUCHO,"PELICAN COMFORTS","A Epic Documentary of a Boy And a Monkey who must Pursue a Astronaut in Berlin",Documentary,26
SINATRA,GROUCHO,"INDEPENDENCE HOTEL","A Thrilling Tale of a Technical Writer And a Boy who must Face a Pioneer in A Monastery",Documentary,19
SINATRA,GROUCHO,"MAJESTIC FLOATS","A Thrilling Character Study of a Moose And a Student who must Escape a Butler in The First Manned Space Station",Documentary,17
SINATRA,GROUCHO,"HALLOWEEN NUTS","A Amazing Panorama of a Forensic Psychologist And a Technical Writer who must Fight a Dentist in A U-Boat",Documentary,10
SINATRA,GROUCHO,"HOMICIDE PEACH","A Astounding Documentary of a Hunter And a Boy who must Confront a Boy in A MySQL Convention",Family,22
SINATRA,GROUCHO,"PET HAUNTING","A Unbelieveable Reflection of a Explorer And a Boat who must Conquer a Woman in California",Foreign,8
SINATRA,GROUCHO,"POLLOCK DELIVERANCE","A Intrepid Story of a Madman And a Frisbee who must Outgun a Boat in The Sahara Desert",Foreign,18
SINATRA,GROUCHO,"SASSY PACKER","A Fast-Paced Documentary of a Dog And a Teacher who must Find a Moose in A Manhattan Penthouse",Games,13
SINATRA,GROUCHO,"GUN BONNIE","A Boring Display of a Sumo Wrestler And a Husband who must Build a Waitress in The Gulf of Mexico",Games,25
SINATRA,GROUCHO,"FAMILY SWEET","A Epic Documentary of a Teacher And a Boy who must Escape a Woman in Berlin",Horror,29
SINATRA,GROUCHO,"BOOGIE AMELIE","A Lacklusture Character Study of a Husband And a Sumo Wrestler who must Succumb a Technical Writer in The Gulf of Mexico",Music,29
SINATRA,GROUCHO,"SCALAWAG DUCK","A Fateful Reflection of a Car And a Teacher who must Confront a Waitress in A Monastery",Music,32
SINATRA,GROUCHO,"LICENSE WEEKEND","A Insightful Story of a Man And a Husband who must Overcome a Madman in A Monastery",Sci-Fi,7
SINATRA,GROUCHO,"MOTHER OLEANDER","A Boring Tale of a Husband And a Boy who must Fight a Squirrel in Ancient China",Sports,14
SINATRA,GROUCHO,"DUDE BLINDNESS","A Stunning Reflection of a Husband And a Lumberjack who must Face a Frisbee in An Abandoned Fun House",Sports,16
SINATRA,GROUCHO,"SMILE EARRING","A Intrepid Drama of a Teacher And a Butler who must Build a Pastry Chef in Berlin",Travel,10
SOBIESKI,SISSY,"SHRUNK DIVINE","A Fateful Character Study of a Waitress And a Technical Writer who must Battle a Hunter in A Baloon",Action,14
SOBIESKI,SISSY,"TELEMARK HEARTBREAKERS","A Action-Packed Panorama of a Technical Writer And a Man who must Build a Forensic Psychologist in A Manhattan Penthouse",Animation,25
SOBIESKI,SISSY,"CRAZY HOME","A Fanciful Panorama of a Boy And a Woman who must Vanquish a Database Administrator in The Outback",Comedy,9
SOBIESKI,SISSY,"WISDOM WORKER","A Unbelieveable Saga of a Forensic Psychologist And a Student who must Face a Squirrel in The First Manned Space Station",Comedy,9
SOBIESKI,SISSY,"FERRIS MOTHER","A Touching Display of a Frisbee And a Frisbee who must Kill a Girl in The Gulf of Mexico",Comedy,17
SOBIESKI,SISSY,"COAST RAINBOW","A Astounding Documentary of a Mad Cow And a Pioneer who must Challenge a Butler in The Sahara Desert",Documentary,21
SOBIESKI,SISSY,"ROCKY WAR","A Fast-Paced Display of a Squirrel And a Explorer who must Outgun a Mad Scientist in Nigeria",Drama,16
SOBIESKI,SISSY,"MOB DUFFEL","A Unbelieveable Documentary of a Frisbee And a Boat who must Meet a Boy in The Canadian Rockies",Drama,12
SOBIESKI,SISSY,"CHITTY LOCK","A Boring Epistle of a Boat And a Database Administrator who must Kill a Sumo Wrestler in The First Manned Space Station",Drama,8
SOBIESKI,SISSY,"GONE TROUBLE","A Insightful Character Study of a Mad Cow And a Forensic Psychologist who must Conquer a A Shark in A Manhattan Penthouse",Drama,10
SOBIESKI,SISSY,"PRIX UNDEFEATED","A Stunning Saga of a Mad Scientist And a Boat who must Overcome a Dentist in Ancient China",Family,11
SOBIESKI,SISSY,"GREEK EVERYONE","A Stunning Display of a Butler And a Teacher who must Confront a A Shark in The First Manned Space Station",Foreign,17
SOBIESKI,SISSY,"HOOSIERS BIRDCAGE","A Astounding Display of a Explorer And a Boat who must Vanquish a Car in The First Manned Space Station",Foreign,8
SOBIESKI,SISSY,"CLYDE THEORY","A Beautiful Yarn of a Astronaut And a Frisbee who must Overcome a Explorer in A Jet Boat",New,8
SOBIESKI,SISSY,"OPEN AFRICAN","A Lacklusture Drama of a Secret Agent And a Explorer who must Discover a Car in A U-Boat",Sci-Fi,21
SOBIESKI,SISSY,"BORN SPINAL","A Touching Epistle of a Frisbee And a Husband who must Pursue a Student in Nigeria",Travel,12
SOBIESKI,SISSY,"FACTORY DRAGON","A Action-Packed Saga of a Teacher And a Frisbee who must Escape a Lumberjack in The Sahara Desert",Travel,17
STALLONE,NICK,"SPEAKEASY DATE","A Lacklusture Drama of a Forensic Psychologist And a Car who must Redeem a Man in A Manhattan Penthouse",Action,12
STALLONE,NICK,"WOMEN DORADO","A Insightful Documentary of a Waitress And a Butler who must Vanquish a Composer in Australia",Action,23
STALLONE,NICK,"TOOTSIE PILOT","A Awe-Inspiring Documentary of a Womanizer And a Pastry Chef who must Kill a Lumberjack in Berlin",Children,15
STALLONE,NICK,"TEQUILA PAST","A Action-Packed Panorama of a Mad Scientist And a Robot who must Challenge a Student in Nigeria",Children,6
STALLONE,NICK,"MULAN MOON","A Emotional Saga of a Womanizer And a Pioneer who must Overcome a Dentist in A Baloon",Comedy,13
STALLONE,NICK,"DOOM DANCING","A Astounding Panorama of a Car And a Mad Scientist who must Battle a Lumberjack in A MySQL Convention",Comedy,21
STALLONE,NICK,"WAGON JAWS","A Intrepid Drama of a Moose And a Boat who must Kill a Explorer in A Manhattan Penthouse",Documentary,10
STALLONE,NICK,"BEACH HEARTBREAKERS","A Fateful Display of a Womanizer And a Mad Scientist who must Outgun a A Shark in Soviet Georgia",Documentary,17
STALLONE,NICK,"VIRGIN DAISY","A Awe-Inspiring Documentary of a Robot And a Mad Scientist who must Reach a Database Administrator in A Shark Tank",Drama,17
STALLONE,NICK,"BRAVEHEART HUMAN","A Insightful Story of a Dog And a Pastry Chef who must Battle a Girl in Berlin",Family,5
STALLONE,NICK,"EFFECT GLADIATOR","A Beautiful Display of a Pastry Chef And a Pastry Chef who must Outgun a Forensic Psychologist in A Manhattan Penthouse",Family,25
STALLONE,NICK,"MONSOON CAUSE","A Astounding Tale of a Crocodile And a Car who must Outrace a Squirrel in A U-Boat",Games,9
STALLONE,NICK,"PRIVATE DROP","A Stunning Story of a Technical Writer And a Hunter who must Succumb a Secret Agent in A Baloon",Games,5
STALLONE,NICK,"ZHIVAGO CORE","A Fateful Yarn of a Composer And a Man who must Face a Boy in The Canadian Rockies",Horror,9
STALLONE,NICK,"STRANGERS GRAFFITI","A Brilliant Character Study of a Secret Agent And a Man who must Find a Cat in The Gulf of Mexico",Horror,17
STALLONE,NICK,"VARSITY TRIP","A Action-Packed Character Study of a Astronaut And a Explorer who must Reach a Monkey in A MySQL Convention",New,16
STALLONE,NICK,"JUMANJI BLADE","A Intrepid Yarn of a Husband And a Womanizer who must Pursue a Mad Scientist in New Orleans",New,8
STALLONE,NICK,"RUNAWAY TENENBAUMS","A Thoughtful Documentary of a Boat And a Man who must Meet a Boat in An Abandoned Fun House",New,8
STALLONE,NICK,"BUTTERFLY CHOCOLAT","A Fateful Story of a Girl And a Composer who must Conquer a Husband in A Shark Tank",New,30
STALLONE,NICK,"TALENTED HOMICIDE","A Lacklusture Panorama of a Dentist And a Forensic Psychologist who must Outrace a Pioneer in A U-Boat",Sports,29
STALLONE,NICK,"MOSQUITO ARMAGEDDON","A Thoughtful Character Study of a Waitress And a Feminist who must Build a Teacher in Ancient Japan",Sports,15
STALLONE,NICK,"HOLES BRANNIGAN","A Fast-Paced Reflection of a Technical Writer And a Student who must Fight a Boy in The Canadian Rockies",Sports,15
STALLONE,NICK,"CONGENIALITY QUEST","A Touching Documentary of a Cat And a Pastry Chef who must Find a Lumberjack in A Baloon",Sports,22
STALLONE,NICK,"FLATLINERS KILLER","A Taut Display of a Secret Agent And a Waitress who must Sink a Robot in An Abandoned Mine Shaft",Sports,22
STALLONE,NICK,"TRADING PINOCCHIO","A Emotional Character Study of a Student And a Explorer who must Discover a Frisbee in The First Manned Space Station",Sports,25
STALLONE,NICK,"SHANGHAI TYCOON","A Fast-Paced Character Study of a Crocodile And a Lumberjack who must Build a Husband in An Abandoned Fun House",Travel,14
STALLONE,NICK,"TEEN APOLLO","A Awe-Inspiring Drama of a Dog And a Man who must Escape a Robot in A Shark Tank",Travel,17
STALLONE,NICK,"HORROR REIGN","A Touching Documentary of a A Shark And a Car who must Build a Husband in Nigeria",Travel,27
STALLONE,NICK,"BOILED DARES","A Awe-Inspiring Story of a Waitress And a Dog who must Discover a Dentist in Ancient Japan",Travel,15
STALLONE,NICK,"BORN SPINAL","A Touching Epistle of a Frisbee And a Husband who must Pursue a Student in Nigeria",Travel,12
STREEP,CAMERON,"CASUALTIES ENCINO","A Insightful Yarn of a A Shark And a Pastry Chef who must Face a Boy in A Monastery",Action,9
STREEP,CAMERON,"CROW GREASE","A Awe-Inspiring Documentary of a Woman And a Husband who must Sink a Database Administrator in The First Manned Space Station",Action,12
STREEP,CAMERON,"LEGALLY SECRETARY","A Astounding Tale of a A Shark And a Moose who must Meet a Womanizer in The Sahara Desert",Children,9
STREEP,CAMERON,"FREEDOM CLEOPATRA","A Emotional Reflection of a Dentist And a Mad Cow who must Face a Squirrel in A Baloon",Comedy,5
STREEP,CAMERON,"PURE RUNNER","A Thoughtful Documentary of a Student And a Madman who must Challenge a Squirrel in A Manhattan Penthouse",Comedy,16
STREEP,CAMERON,"DOOM DANCING","A Astounding Panorama of a Car And a Mad Scientist who must Battle a Lumberjack in A MySQL Convention",Comedy,21
STREEP,CAMERON,"CONNECTION MICROCOSMOS","A Fateful Documentary of a Crocodile And a Husband who must Face a Husband in The First Manned Space Station",Comedy,7
STREEP,CAMERON,"COAST RAINBOW","A Astounding Documentary of a Mad Cow And a Pioneer who must Challenge a Butler in The Sahara Desert",Documentary,21
STREEP,CAMERON,"ADAPTATION HOLES","A Astounding Reflection of a Lumberjack And a Car who must Sink a Lumberjack in A Baloon Factory",Documentary,12
STREEP,CAMERON,"CUPBOARD SINNERS","A Emotional Reflection of a Frisbee And a Boat who must Reach a Pastry Chef in An Abandoned Amusement Park",Documentary,23
STREEP,CAMERON,"WEST LION","A Intrepid Drama of a Butler And a Lumberjack who must Challenge a Database Administrator in A Manhattan Penthouse",Drama,16
STREEP,CAMERON,"MOB DUFFEL","A Unbelieveable Documentary of a Frisbee And a Boat who must Meet a Boy in The Canadian Rockies",Drama,12
STREEP,CAMERON,"BLUES INSTINCT","A Insightful Documentary of a Boat And a Composer who must Meet a Forensic Psychologist in An Abandoned Fun House",Family,21
STREEP,CAMERON,"SPINAL ROCKY","A Lacklusture Epistle of a Sumo Wrestler And a Squirrel who must Defeat a Explorer in California",Family,13
STREEP,CAMERON,"SPLASH GUMP","A Taut Saga of a Crocodile And a Boat who must Conquer a Hunter in A Shark Tank",Family,14
STREEP,CAMERON,"MOVIE SHAKESPEARE","A Insightful Display of a Database Administrator And a Student who must Build a Hunter in Berlin",Family,27
STREEP,CAMERON,"CALENDAR GUNFIGHT","A Thrilling Drama of a Frisbee And a Lumberjack who must Sink a Man in Nigeria",Foreign,21
STREEP,CAMERON,"SEVEN SWARM","A Unbelieveable Character Study of a Dog And a Mad Cow who must Kill a Monkey in Berlin",Games,5
STREEP,CAMERON,"PANIC CLUB","A Fanciful Display of a Teacher And a Crocodile who must Succumb a Girl in A Baloon",Horror,7
STREEP,CAMERON,"ELEPHANT TROJAN","A Beautiful Panorama of a Lumberjack And a Forensic Psychologist who must Overcome a Frisbee in A Baloon",Horror,14
STREEP,CAMERON,"DROP WATERFRONT","A Fanciful Documentary of a Husband And a Explorer who must Reach a Madman in Ancient China",Sports,9
STREEP,CAMERON,"INSTINCT AIRPORT","A Touching Documentary of a Mad Cow And a Explorer who must Confront a Butler in A Manhattan Penthouse",Sports,18
STREEP,CAMERON,"HAUNTED ANTITRUST","A Amazing Saga of a Man And a Dentist who must Reach a Technical Writer in Ancient India",Travel,6
STREEP,DAN,"BULL SHAWSHANK","A Fanciful Drama of a Moose And a Squirrel who must Conquer a Pioneer in The Canadian Rockies",Action,16
STREEP,DAN,"BACKLASH UNDEFEATED","A Stunning Character Study of a Mad Scientist And a Mad Cow who must Kill a Car in A Monastery",Children,19
STREEP,DAN,"VERTIGO NORTHWEST","A Unbelieveable Display of a Mad Scientist And a Mad Scientist who must Outgun a Mad Cow in Ancient Japan",Comedy,8
STREEP,DAN,"FRENCH HOLIDAY","A Thrilling Epistle of a Dog And a Feminist who must Kill a Madman in Berlin",Documentary,17
STREEP,DAN,"NEWSIES STORY","A Action-Packed Character Study of a Dog And a Lumberjack who must Outrace a Moose in The Gulf of Mexico",Documentary,7
STREEP,DAN,"HEAVYWEIGHTS BEAST","A Unbelieveable Story of a Composer And a Dog who must Overcome a Womanizer in An Abandoned Amusement Park",Documentary,23
STREEP,DAN,"MIXED DOORS","A Taut Drama of a Womanizer And a Lumberjack who must Succumb a Pioneer in Ancient India",Foreign,4
STREEP,DAN,"WANDA CHAMBER","A Insightful Drama of a A Shark And a Pioneer who must Find a Womanizer in The Outback",Games,16
STREEP,DAN,"PANIC CLUB","A Fanciful Display of a Teacher And a Crocodile who must Succumb a Girl in A Baloon",Horror,7
STREEP,DAN,"GROSSE WONDERFUL","A Epic Drama of a Cat And a Explorer who must Redeem a Moose in Australia",Music,8
STREEP,DAN,"OUTFIELD MASSACRE","A Thoughtful Drama of a Husband And a Secret Agent who must Pursue a Database Administrator in Ancient India",Music,20
STREEP,DAN,"JEKYLL FROGMEN","A Fanciful Epistle of a Student And a Astronaut who must Kill a Waitress in A Shark Tank",New,17
STREEP,DAN,"BOULEVARD MOB","A Fateful Epistle of a Moose And a Monkey who must Confront a Lumberjack in Ancient China",New,18
STREEP,DAN,"JUNGLE CLOSER","A Boring Character Study of a Boy And a Woman who must Battle a Astronaut in Australia",New,9
STREEP,DAN,"FRISCO FORREST","A Beautiful Documentary of a Woman And a Pioneer who must Pursue a Mad Scientist in A Shark Tank",Sci-Fi,9
STREEP,DAN,"STEERS ARMAGEDDON","A Stunning Character Study of a Car And a Girl who must Succumb a Car in A MySQL Convention",Sports,15
STREEP,DAN,"HOLES BRANNIGAN","A Fast-Paced Reflection of a Technical Writer And a Student who must Fight a Boy in The Canadian Rockies",Sports,15
STREEP,DAN,"MUMMY CREATURES","A Fateful Character Study of a Crocodile And a Monkey who must Meet a Dentist in Australia",Sports,16
STREEP,DAN,"BORN SPINAL","A Touching Epistle of a Frisbee And a Husband who must Pursue a Student in Nigeria",Travel,12
STREEP,DAN,"SHANGHAI TYCOON","A Fast-Paced Character Study of a Crocodile And a Lumberjack who must Build a Husband in An Abandoned Fun House",Travel,14
STREEP,DAN,"IGBY MAKER","A Epic Documentary of a Hunter And a Dog who must Outgun a Dog in A Baloon Factory",Travel,19
SUVARI,JOHN,"ISHTAR ROCKETEER","A Astounding Saga of a Dog And a Squirrel who must Conquer a Dog in An Abandoned Fun House",Animation,7
SUVARI,JOHN,"LUKE MUMMY","A Taut Character Study of a Boy And a Robot who must Redeem a Mad Scientist in Ancient India",Animation,7
SUVARI,JOHN,"JERSEY SASSY","A Lacklusture Documentary of a Madman And a Mad Cow who must Find a Feminist in Ancient Japan",Children,6
SUVARI,JOHN,"DAUGHTER MADIGAN","A Beautiful Tale of a Hunter And a Mad Scientist who must Confront a Squirrel in The First Manned Space Station",Children,9
SUVARI,JOHN,"COLOR PHILADELPHIA","A Thoughtful Panorama of a Car And a Crocodile who must Sink a Monkey in The Sahara Desert",Classics,24
SUVARI,JOHN,"MILLION ACE","A Brilliant Documentary of a Womanizer And a Squirrel who must Find a Technical Writer in The Sahara Desert",Classics,20
SUVARI,JOHN,"PINOCCHIO SIMON","A Action-Packed Reflection of a Mad Scientist And a A Shark who must Find a Feminist in California",Comedy,20
SUVARI,JOHN,"NEWSIES STORY","A Action-Packed Character Study of a Dog And a Lumberjack who must Outrace a Moose in The Gulf of Mexico",Documentary,7
SUVARI,JOHN,"QUILLS BULL","A Thoughtful Story of a Pioneer And a Woman who must Reach a Moose in Australia",Documentary,16
SUVARI,JOHN,"CONQUERER NUTS","A Taut Drama of a Mad Scientist And a Man who must Escape a Pioneer in An Abandoned Mine Shaft",Drama,16
SUVARI,JOHN,"NECKLACE OUTBREAK","A Astounding Epistle of a Database Administrator And a Mad Scientist who must Pursue a Cat in California",Drama,15
SUVARI,JOHN,"PITTSBURGH HUNCHBACK","A Thrilling Epistle of a Boy And a Boat who must Find a Student in Soviet Georgia",Family,12
SUVARI,JOHN,"ALLEY EVOLUTION","A Fast-Paced Drama of a Robot And a Composer who must Battle a Astronaut in New Orleans",Foreign,14
SUVARI,JOHN,"PET HAUNTING","A Unbelieveable Reflection of a Explorer And a Boat who must Conquer a Woman in California",Foreign,8
SUVARI,JOHN,"NAME DETECTIVE","A Touching Saga of a Sumo Wrestler And a Cat who must Pursue a Mad Scientist in Nigeria",Games,23
SUVARI,JOHN,"CANDLES GRAPES","A Fanciful Character Study of a Monkey And a Explorer who must Build a Astronaut in An Abandoned Fun House",Games,23
SUVARI,JOHN,"ROXANNE REBEL","A Astounding Story of a Pastry Chef And a Database Administrator who must Fight a Man in The Outback",Games,19
SUVARI,JOHN,"JAPANESE RUN","A Awe-Inspiring Epistle of a Feminist And a Girl who must Sink a Girl in The Outback",Horror,6
SUVARI,JOHN,"SONG HEDWIG","A Amazing Documentary of a Man And a Husband who must Confront a Squirrel in A MySQL Convention",Music,11
SUVARI,JOHN,"MONSTER SPARTACUS","A Fast-Paced Story of a Waitress And a Cat who must Fight a Girl in Australia",Music,15
SUVARI,JOHN,"HOME PITY","A Touching Panorama of a Man And a Secret Agent who must Challenge a Teacher in A MySQL Convention",Music,14
SUVARI,JOHN,"INTERVIEW LIAISONS","A Action-Packed Reflection of a Student And a Butler who must Discover a Database Administrator in A Manhattan Penthouse",New,20
SUVARI,JOHN,"PIANIST OUTFIELD","A Intrepid Story of a Boy And a Technical Writer who must Pursue a Lumberjack in A Monastery",New,21
SUVARI,JOHN,"CLEOPATRA DEVIL","A Fanciful Documentary of a Crocodile And a Technical Writer who must Fight a A Shark in A Baloon",New,18
SUVARI,JOHN,"RAGING AIRPLANE","A Astounding Display of a Secret Agent And a Technical Writer who must Escape a Mad Scientist in A Jet Boat",Sci-Fi,13
SUVARI,JOHN,"GOLDMINE TYCOON","A Brilliant Epistle of a Composer And a Frisbee who must Conquer a Husband in The Outback",Sci-Fi,27
SUVARI,JOHN,"BEVERLY OUTLAW","A Fanciful Documentary of a Womanizer And a Boat who must Defeat a Madman in The First Manned Space Station",Sci-Fi,21
SUVARI,JOHN,"SATISFACTION CONFIDENTIAL","A Lacklusture Yarn of a Dentist And a Butler who must Meet a Secret Agent in Ancient China",Sports,17
SUVARI,JOHN,"GLEAMING JAWBREAKER","A Amazing Display of a Composer And a Forensic Psychologist who must Discover a Car in The Canadian Rockies",Sports,29
SWANK,JOE,"WATERFRONT DELIVERANCE","A Unbelieveable Documentary of a Dentist And a Technical Writer who must Build a Womanizer in Nigeria",Action,17
SWANK,JOE,"PRIMARY GLASS","A Fateful Documentary of a Pastry Chef And a Butler who must Build a Dog in The Canadian Rockies",Action,27
SWANK,JOE,"SUNRISE LEAGUE","A Beautiful Epistle of a Madman And a Butler who must Face a Crocodile in A Manhattan Penthouse",Animation,24
SWANK,JOE,"LAWLESS VISION","A Insightful Yarn of a Boy And a Sumo Wrestler who must Outgun a Car in The Outback",Animation,17
SWANK,JOE,"TIES HUNGER","A Insightful Saga of a Astronaut And a Explorer who must Pursue a Mad Scientist in A U-Boat",Children,11
SWANK,JOE,"CROOKED FROGMEN","A Unbelieveable Drama of a Hunter And a Database Administrator who must Battle a Crocodile in An Abandoned Amusement Park",Children,23
SWANK,JOE,"SWEETHEARTS SUSPECTS","A Brilliant Character Study of a Frisbee And a Sumo Wrestler who must Confront a Woman in The Gulf of Mexico",Children,29
SWANK,JOE,"SNATCHERS MONTEZUMA","A Boring Epistle of a Sumo Wrestler And a Woman who must Escape a Man in The Canadian Rockies",Classics,9
SWANK,JOE,"UNTOUCHABLES SUNRISE","A Amazing Documentary of a Woman And a Astronaut who must Outrace a Teacher in An Abandoned Fun House",Documentary,8
SWANK,JOE,"PACIFIC AMISTAD","A Thrilling Yarn of a Dog And a Moose who must Kill a Pastry Chef in A Manhattan Penthouse",Documentary,24
SWANK,JOE,"MAJESTIC FLOATS","A Thrilling Character Study of a Moose And a Student who must Escape a Butler in The First Manned Space Station",Documentary,17
SWANK,JOE,"LEBOWSKI SOLDIERS","A Beautiful Epistle of a Secret Agent And a Pioneer who must Chase a Astronaut in Ancient China",Drama,21
SWANK,JOE,"DALMATIONS SWEDEN","A Emotional Epistle of a Moose And a Hunter who must Overcome a Robot in A Manhattan Penthouse",Drama,20
SWANK,JOE,"CHOCOLAT HARRY","A Action-Packed Epistle of a Dentist And a Moose who must Meet a Mad Cow in Ancient Japan",Family,20
SWANK,JOE,"CURTAIN VIDEOTAPE","A Boring Reflection of a Dentist And a Mad Cow who must Chase a Secret Agent in A Shark Tank",Games,27
SWANK,JOE,"REEF SALUTE","A Action-Packed Saga of a Teacher And a Lumberjack who must Battle a Dentist in A Baloon",Horror,11
SWANK,JOE,"ANYTHING SAVANNAH","A Epic Story of a Pastry Chef And a Woman who must Chase a Feminist in An Abandoned Fun House",Horror,9
SWANK,JOE,"BIRCH ANTITRUST","A Fanciful Panorama of a Husband And a Pioneer who must Outgun a Dog in A Baloon",Music,11
SWANK,JOE,"RUNNER MADIGAN","A Thoughtful Documentary of a Crocodile And a Robot who must Outrace a Womanizer in The Outback",Music,8
SWANK,JOE,"WILD APOLLO","A Beautiful Story of a Monkey And a Sumo Wrestler who must Conquer a A Shark in A MySQL Convention",New,6
SWANK,JOE,"HORROR REIGN","A Touching Documentary of a A Shark And a Car who must Build a Husband in Nigeria",Travel,27
SWANK,JOE,"SMILE EARRING","A Intrepid Drama of a Teacher And a Butler who must Build a Pastry Chef in Berlin",Travel,10
SWANK,JOE,"TRAFFIC HOBBIT","A Amazing Epistle of a Squirrel And a Lumberjack who must Succumb a Database Administrator in A U-Boat",Travel,5
TANDY,IAN,"BERETS AGENT","A Taut Saga of a Crocodile And a Boy who must Overcome a Technical Writer in Ancient China",Action,21
TANDY,IAN,"FANTASY TROOPERS","A Touching Saga of a Teacher And a Monkey who must Overcome a Secret Agent in A MySQL Convention",Action,26
TANDY,IAN,"STORM HAPPINESS","A Insightful Drama of a Feminist And a A Shark who must Vanquish a Boat in A Shark Tank",Animation,29
TANDY,IAN,"POLISH BROOKLYN","A Boring Character Study of a Database Administrator And a Lumberjack who must Reach a Madman in The Outback",Children,18
TANDY,IAN,"SCARFACE BANG","A Emotional Yarn of a Teacher And a Girl who must Find a Teacher in A Baloon Factory",Children,18
TANDY,IAN,"DRACULA CRYSTAL","A Thrilling Reflection of a Feminist And a Cat who must Find a Frisbee in An Abandoned Fun House",Classics,21
TANDY,IAN,"ZORRO ARK","A Intrepid Panorama of a Mad Scientist And a Boy who must Redeem a Boy in A Monastery",Comedy,31
TANDY,IAN,"HOMEWARD CIDER","A Taut Reflection of a Astronaut And a Squirrel who must Fight a Squirrel in A Manhattan Penthouse",Documentary,16
TANDY,IAN,"HAWK CHILL","A Action-Packed Drama of a Mad Scientist And a Composer who must Outgun a Car in Australia",Documentary,7
TANDY,IAN,"SAGEBRUSH CLUELESS","A Insightful Story of a Lumberjack And a Hunter who must Kill a Boy in Ancient Japan",Documentary,16
TANDY,IAN,"WEDDING APOLLO","A Action-Packed Tale of a Student And a Waitress who must Conquer a Lumberjack in An Abandoned Mine Shaft",Documentary,24
TANDY,IAN,"NOTTING SPEAKEASY","A Thoughtful Display of a Butler And a Womanizer who must Find a Waitress in The Canadian Rockies",Drama,10
TANDY,IAN,"INFORMER DOUBLE","A Action-Packed Display of a Woman And a Dentist who must Redeem a Forensic Psychologist in The Canadian Rockies",Foreign,5
TANDY,IAN,"MIXED DOORS","A Taut Drama of a Womanizer And a Lumberjack who must Succumb a Pioneer in Ancient India",Foreign,4
TANDY,IAN,"VIDEOTAPE ARSENIC","A Lacklusture Display of a Girl And a Astronaut who must Succumb a Student in Australia",Games,29
TANDY,IAN,"GUN BONNIE","A Boring Display of a Sumo Wrestler And a Husband who must Build a Waitress in The Gulf of Mexico",Games,25
TANDY,IAN,"TEXAS WATCH","A Awe-Inspiring Yarn of a Student And a Teacher who must Fight a Teacher in An Abandoned Amusement Park",Horror,6
TANDY,IAN,"AMELIE HELLFIGHTERS","A Boring Drama of a Woman And a Squirrel who must Conquer a Student in A Baloon",Music,10
TANDY,IAN,"DEER VIRGINIAN","A Thoughtful Story of a Mad Cow And a Womanizer who must Overcome a Mad Scientist in Soviet Georgia",Music,29
TANDY,IAN,"WORDS HUNTER","A Action-Packed Reflection of a Composer And a Mad Scientist who must Face a Pioneer in A MySQL Convention",Music,16
TANDY,IAN,"YOUTH KICK","A Touching Drama of a Teacher And a Cat who must Challenge a Technical Writer in A U-Boat",Music,6
TANDY,IAN,"MONEY HAROLD","A Touching Tale of a Explorer And a Boat who must Defeat a Robot in Australia",New,20
TANDY,IAN,"CITIZEN SHREK","A Fanciful Character Study of a Technical Writer And a Husband who must Redeem a Robot in The Outback",Sci-Fi,13
TANDY,IAN,"FIDDLER LOST","A Boring Tale of a Squirrel And a Dog who must Challenge a Madman in The Gulf of Mexico",Sci-Fi,10
TANDY,IAN,"GROOVE FICTION","A Unbelieveable Reflection of a Moose And a A Shark who must Defeat a Lumberjack in An Abandoned Mine Shaft",Sports,18
TANDY,IAN,"GLEAMING JAWBREAKER","A Amazing Display of a Composer And a Forensic Psychologist who must Discover a Car in The Canadian Rockies",Sports,29
TANDY,IAN,"TIGHTS DAWN","A Thrilling Epistle of a Boat And a Secret Agent who must Face a Boy in A Baloon",Sports,26
TANDY,IAN,"LEATHERNECKS DWARFS","A Fateful Reflection of a Dog And a Mad Cow who must Outrace a Teacher in An Abandoned Mine Shaft",Travel,7
TANDY,IAN,"SHAWSHANK BUBBLE","A Lacklusture Story of a Moose And a Monkey who must Confront a Butler in An Abandoned Amusement Park",Travel,19
TANDY,MARY,"PRIMARY GLASS","A Fateful Documentary of a Pastry Chef And a Butler who must Build a Dog in The Canadian Rockies",Action,27
TANDY,MARY,"SHRUNK DIVINE","A Fateful Character Study of a Waitress And a Technical Writer who must Battle a Hunter in A Baloon",Action,14
TANDY,MARY,"DEVIL DESIRE","A Beautiful Reflection of a Monkey And a Dentist who must Face a Database Administrator in Ancient Japan",Action,15
TANDY,MARY,"TRUMAN CRAZY","A Thrilling Epistle of a Moose And a Boy who must Meet a Database Administrator in A Monastery",Action,23
TANDY,MARY,"FALCON VOLUME","A Fateful Saga of a Sumo Wrestler And a Hunter who must Redeem a A Shark in New Orleans",Animation,22
TANDY,MARY,"UPTOWN YOUNG","A Fateful Documentary of a Dog And a Hunter who must Pursue a Teacher in An Abandoned Amusement Park",Children,12
TANDY,MARY,"ZOOLANDER FICTION","A Fateful Reflection of a Waitress And a Boat who must Discover a Sumo Wrestler in Ancient China",Children,17
TANDY,MARY,"MAKER GABLES","A Stunning Display of a Moose And a Database Administrator who must Pursue a Composer in A Jet Boat",Children,10
TANDY,MARY,"MURDER ANTITRUST","A Brilliant Yarn of a Car And a Database Administrator who must Escape a Boy in A MySQL Convention",Children,23
TANDY,MARY,"HOLOCAUST HIGHBALL","A Awe-Inspiring Yarn of a Composer And a Man who must Find a Robot in Soviet Georgia",Children,17
TANDY,MARY,"VOYAGE LEGALLY","A Epic Tale of a Squirrel And a Hunter who must Conquer a Boy in An Abandoned Mine Shaft",Classics,28
TANDY,MARY,"REQUIEM TYCOON","A Unbelieveable Character Study of a Cat And a Database Administrator who must Pursue a Teacher in A Monastery",Classics,19
TANDY,MARY,"SWEDEN SHINING","A Taut Documentary of a Car And a Robot who must Conquer a Boy in The Canadian Rockies",Comedy,18
TANDY,MARY,"WARS PLUTO","A Taut Reflection of a Teacher And a Database Administrator who must Chase a Madman in The Sahara Desert",Documentary,10
TANDY,MARY,"QUEEN LUKE","A Astounding Story of a Girl And a Boy who must Challenge a Composer in New Orleans",Drama,22
TANDY,MARY,"DIARY PANIC","A Thoughtful Character Study of a Frisbee And a Mad Cow who must Outgun a Man in Ancient India",Drama,9
TANDY,MARY,"CHILL LUCK","A Lacklusture Epistle of a Boat And a Technical Writer who must Fight a A Shark in The Canadian Rockies",Drama,22
TANDY,MARY,"SPINAL ROCKY","A Lacklusture Epistle of a Sumo Wrestler And a Squirrel who must Defeat a Explorer in California",Family,13
TANDY,MARY,"SCHOOL JACKET","A Intrepid Yarn of a Monkey And a Boy who must Fight a Composer in A Manhattan Penthouse",Foreign,6
TANDY,MARY,"DANGEROUS UPTOWN","A Unbelieveable Story of a Mad Scientist And a Woman who must Overcome a Dog in California",Foreign,12
TANDY,MARY,"WAR NOTTING","A Boring Drama of a Teacher And a Sumo Wrestler who must Challenge a Secret Agent in The Canadian Rockies",Foreign,12
TANDY,MARY,"GRAPES FURY","A Boring Yarn of a Mad Cow And a Sumo Wrestler who must Meet a Robot in Australia",Foreign,22
TANDY,MARY,"DESTINY SATURDAY","A Touching Drama of a Crocodile And a Crocodile who must Conquer a Explorer in Soviet Georgia",New,16
TANDY,MARY,"ENDING CROWDS","A Unbelieveable Display of a Dentist And a Madman who must Vanquish a Squirrel in Berlin",New,11
TANDY,MARY,"BARBARELLA STREETCAR","A Awe-Inspiring Story of a Feminist And a Cat who must Conquer a Dog in A Monastery",Sci-Fi,25
TANDY,MARY,"GARDEN ISLAND","A Unbelieveable Character Study of a Womanizer And a Madman who must Reach a Man in The Outback",Sci-Fi,20
TANDY,MARY,"GLEAMING JAWBREAKER","A Amazing Display of a Composer And a Forensic Psychologist who must Discover a Car in The Canadian Rockies",Sports,29
TANDY,MARY,"PHILADELPHIA WIFE","A Taut Yarn of a Hunter And a Astronaut who must Conquer a Database Administrator in The Sahara Desert",Sports,23
TANDY,MARY,"HORROR REIGN","A Touching Documentary of a A Shark And a Car who must Build a Husband in Nigeria",Travel,27
TANDY,MARY,"FUGITIVE MAGUIRE","A Taut Epistle of a Feminist And a Sumo Wrestler who must Battle a Crocodile in Australia",Travel,11
TAUTOU,DUSTIN,"DARKO DORADO","A Stunning Reflection of a Frisbee And a Husband who must Redeem a Dog in New Orleans",Action,11
TAUTOU,DUSTIN,"CELEBRITY HORN","A Amazing Documentary of a Secret Agent And a Astronaut who must Vanquish a Hunter in A Shark Tank",Action,24
TAUTOU,DUSTIN,"CAROL TEXAS","A Astounding Character Study of a Composer And a Student who must Overcome a Composer in A Monastery",Animation,18
TAUTOU,DUSTIN,"OSCAR GOLD","A Insightful Tale of a Database Administrator And a Dog who must Face a Madman in Soviet Georgia",Animation,25
TAUTOU,DUSTIN,"DONNIE ALLEY","A Awe-Inspiring Tale of a Butler And a Frisbee who must Vanquish a Teacher in Ancient Japan",Animation,14
TAUTOU,DUSTIN,"STRANGER STRANGERS","A Awe-Inspiring Yarn of a Womanizer And a Explorer who must Fight a Woman in The First Manned Space Station",Children,11
TAUTOU,DUSTIN,"SUMMER SCARFACE","A Emotional Panorama of a Lumberjack And a Hunter who must Meet a Girl in A Shark Tank",Classics,16
TAUTOU,DUSTIN,"PREJUDICE OLEANDER","A Epic Saga of a Boy And a Dentist who must Outrace a Madman in A U-Boat",Classics,20
TAUTOU,DUSTIN,"PACIFIC AMISTAD","A Thrilling Yarn of a Dog And a Moose who must Kill a Pastry Chef in A Manhattan Penthouse",Documentary,24
TAUTOU,DUSTIN,"BILL OTHERS","A Stunning Saga of a Mad Scientist And a Forensic Psychologist who must Challenge a Squirrel in A MySQL Convention",Documentary,19
TAUTOU,DUSTIN,"CAUSE DATE","A Taut Tale of a Explorer And a Pastry Chef who must Conquer a Hunter in A MySQL Convention",Documentary,21
TAUTOU,DUSTIN,"EXPENDABLE STALLION","A Amazing Character Study of a Mad Cow And a Squirrel who must Discover a Hunter in A U-Boat",Documentary,28
TAUTOU,DUSTIN,"HOBBIT ALIEN","A Emotional Drama of a Husband And a Girl who must Outgun a Composer in The First Manned Space Station",Drama,31
TAUTOU,DUSTIN,"SEA VIRGIN","A Fast-Paced Documentary of a Technical Writer And a Pastry Chef who must Escape a Moose in A U-Boat",Drama,22
TAUTOU,DUSTIN,"CONVERSATION DOWNHILL","A Taut Character Study of a Husband And a Waitress who must Sink a Squirrel in A MySQL Convention",Family,17
TAUTOU,DUSTIN,"AFRICAN EGG","A Fast-Paced Documentary of a Pastry Chef And a Dentist who must Pursue a Forensic Psychologist in The Gulf of Mexico",Family,12
TAUTOU,DUSTIN,"VIRTUAL SPOILERS","A Fateful Tale of a Database Administrator And a Squirrel who must Discover a Student in Soviet Georgia",Family,14
TAUTOU,DUSTIN,"POLLOCK DELIVERANCE","A Intrepid Story of a Madman And a Frisbee who must Outgun a Boat in The Sahara Desert",Foreign,18
TAUTOU,DUSTIN,"WONDERFUL DROP","A Boring Panorama of a Woman And a Madman who must Overcome a Butler in A U-Boat",Foreign,9
TAUTOU,DUSTIN,"AUTUMN CROW","A Beautiful Tale of a Dentist And a Mad Cow who must Battle a Moose in The Sahara Desert",Games,11
TAUTOU,DUSTIN,"RULES HUMAN","A Beautiful Epistle of a Astronaut And a Student who must Confront a Monkey in An Abandoned Fun House",Horror,16
TAUTOU,DUSTIN,"PULP BEVERLY","A Unbelieveable Display of a Dog And a Crocodile who must Outrace a Man in Nigeria",Horror,30
TAUTOU,DUSTIN,"BANGER PINOCCHIO","A Awe-Inspiring Drama of a Car And a Pastry Chef who must Chase a Crocodile in The First Manned Space Station",Music,22
TAUTOU,DUSTIN,"METROPOLIS COMA","A Emotional Saga of a Database Administrator And a Pastry Chef who must Confront a Teacher in A Baloon Factory",Sci-Fi,26
TAUTOU,DUSTIN,"BORN SPINAL","A Touching Epistle of a Frisbee And a Husband who must Pursue a Student in Nigeria",Travel,12
TEMPLE,BURT,"WAIT CIDER","A Intrepid Epistle of a Woman And a Forensic Psychologist who must Succumb a Astronaut in A Manhattan Penthouse",Animation,21
TEMPLE,BURT,"GILMORE BOILED","A Unbelieveable Documentary of a Boat And a Husband who must Succumb a Student in A U-Boat",Classics,28
TEMPLE,BURT,"SPIKING ELEMENT","A Lacklusture Epistle of a Dentist And a Technical Writer who must Find a Dog in A Monastery",Classics,13
TEMPLE,BURT,"CAPER MOTIONS","A Fateful Saga of a Moose And a Car who must Pursue a Woman in A MySQL Convention",Comedy,24
TEMPLE,BURT,"WARS PLUTO","A Taut Reflection of a Teacher And a Database Administrator who must Chase a Madman in The Sahara Desert",Documentary,10
TEMPLE,BURT,"SPOILERS HELLFIGHTERS","A Fanciful Story of a Technical Writer And a Squirrel who must Defeat a Dog in The Gulf of Mexico",Documentary,10
TEMPLE,BURT,"COAST RAINBOW","A Astounding Documentary of a Mad Cow And a Pioneer who must Challenge a Butler in The Sahara Desert",Documentary,21
TEMPLE,BURT,"HEAVYWEIGHTS BEAST","A Unbelieveable Story of a Composer And a Dog who must Overcome a Womanizer in An Abandoned Amusement Park",Documentary,23
TEMPLE,BURT,"RACER EGG","A Emotional Display of a Monkey And a Waitress who must Reach a Secret Agent in California",Drama,18
TEMPLE,BURT,"BLANKET BEVERLY","A Emotional Documentary of a Student And a Girl who must Build a Boat in Nigeria",Family,12
TEMPLE,BURT,"POLLOCK DELIVERANCE","A Intrepid Story of a Madman And a Frisbee who must Outgun a Boat in The Sahara Desert",Foreign,18
TEMPLE,BURT,"GRAPES FURY","A Boring Yarn of a Mad Cow And a Sumo Wrestler who must Meet a Robot in Australia",Foreign,22
TEMPLE,BURT,"SLEUTH ORIENT","A Fateful Character Study of a Husband And a Dog who must Find a Feminist in Ancient India",Games,21
TEMPLE,BURT,"GATHERING CALENDAR","A Intrepid Tale of a Pioneer And a Moose who must Conquer a Frisbee in A MySQL Convention",Games,11
TEMPLE,BURT,"CHICAGO NORTH","A Fateful Yarn of a Mad Cow And a Waitress who must Battle a Student in California",Games,16
TEMPLE,BURT,"INSIDER ARIZONA","A Astounding Saga of a Mad Scientist And a Hunter who must Pursue a Robot in A Baloon Factory",Music,20
TEMPLE,BURT,"VARSITY TRIP","A Action-Packed Character Study of a Astronaut And a Explorer who must Reach a Monkey in A MySQL Convention",New,16
TEMPLE,BURT,"BUTTERFLY CHOCOLAT","A Fateful Story of a Girl And a Composer who must Conquer a Husband in A Shark Tank",New,30
TEMPLE,BURT,"ATTACKS HATE","A Fast-Paced Panorama of a Technical Writer And a Mad Scientist who must Find a Feminist in An Abandoned Mine Shaft",Sci-Fi,16
TEMPLE,BURT,"ROSES TREASURE","A Astounding Panorama of a Monkey And a Secret Agent who must Defeat a Woman in The First Manned Space Station",Sports,28
TEMPLE,BURT,"STRAIGHT HOURS","A Boring Panorama of a Secret Agent And a Girl who must Sink a Waitress in The Outback",Sports,20
TEMPLE,BURT,"EVOLUTION ALTER","A Fanciful Character Study of a Feminist And a Madman who must Find a Explorer in A Baloon Factory",Sports,12
TEMPLE,BURT,"BUCKET BROTHERHOOD","A Amazing Display of a Girl And a Womanizer who must Succumb a Lumberjack in A Baloon Factory",Travel,34
TEMPLE,MENA,"CASUALTIES ENCINO","A Insightful Yarn of a A Shark And a Pastry Chef who must Face a Boy in A Monastery",Action,9
TEMPLE,MENA,"PRIMARY GLASS","A Fateful Documentary of a Pastry Chef And a Butler who must Build a Dog in The Canadian Rockies",Action,27
TEMPLE,MENA,"EARLY HOME","A Amazing Panorama of a Mad Scientist And a Husband who must Meet a Woman in The Outback",Animation,7
TEMPLE,MENA,"MICROCOSMOS PARADISE","A Touching Character Study of a Boat And a Student who must Sink a A Shark in Nigeria",Children,13
TEMPLE,MENA,"GILMORE BOILED","A Unbelieveable Documentary of a Boat And a Husband who must Succumb a Student in A U-Boat",Classics,28
TEMPLE,MENA,"REQUIEM TYCOON","A Unbelieveable Character Study of a Cat And a Database Administrator who must Pursue a Teacher in A Monastery",Classics,19
TEMPLE,MENA,"ACADEMY DINOSAUR","A Epic Drama of a Feminist And a Mad Scientist who must Battle a Teacher in The Canadian Rockies",Documentary,23
TEMPLE,MENA,"BEACH HEARTBREAKERS","A Fateful Display of a Womanizer And a Mad Scientist who must Outgun a A Shark in Soviet Georgia",Documentary,17
TEMPLE,MENA,"MIGHTY LUCK","A Astounding Epistle of a Mad Scientist And a Pioneer who must Escape a Database Administrator in A MySQL Convention",Documentary,12
TEMPLE,MENA,"RESURRECTION SILVERADO","A Epic Yarn of a Robot And a Explorer who must Challenge a Girl in A MySQL Convention",Family,21
TEMPLE,MENA,"VISION TORQUE","A Thoughtful Documentary of a Dog And a Man who must Sink a Man in A Shark Tank",Foreign,7
TEMPLE,MENA,"WASH HEAVENLY","A Awe-Inspiring Reflection of a Cat And a Pioneer who must Escape a Hunter in Ancient China",Foreign,23
TEMPLE,MENA,"ICE CROSSING","A Fast-Paced Tale of a Butler And a Moose who must Overcome a Pioneer in A Manhattan Penthouse",Games,24
TEMPLE,MENA,"LAMBS CINCINATTI","A Insightful Story of a Man And a Feminist who must Fight a Composer in Australia",Games,10
TEMPLE,MENA,"ALABAMA DEVIL","A Thoughtful Panorama of a Database Administrator And a Mad Scientist who must Outgun a Mad Scientist in A Jet Boat",Horror,12
TEMPLE,MENA,"CARRIE BUNCH","A Amazing Epistle of a Student And a Astronaut who must Discover a Frisbee in The Canadian Rockies",Horror,23
TEMPLE,MENA,"BALLOON HOMEWARD","A Insightful Panorama of a Forensic Psychologist And a Mad Cow who must Build a Mad Scientist in The First Manned Space Station",Music,23
TEMPLE,MENA,"WIZARD COLDBLOODED","A Lacklusture Display of a Robot And a Girl who must Defeat a Sumo Wrestler in A MySQL Convention",Music,16
TEMPLE,MENA,"BUTTERFLY CHOCOLAT","A Fateful Story of a Girl And a Composer who must Conquer a Husband in A Shark Tank",New,30
TEMPLE,MENA,"INTERVIEW LIAISONS","A Action-Packed Reflection of a Student And a Butler who must Discover a Database Administrator in A Manhattan Penthouse",New,20
TEMPLE,MENA,"JUMANJI BLADE","A Intrepid Yarn of a Husband And a Womanizer who must Pursue a Mad Scientist in New Orleans",New,8
TEMPLE,MENA,"JUNGLE CLOSER","A Boring Character Study of a Boy And a Woman who must Battle a Astronaut in Australia",New,9
TEMPLE,MENA,"VARSITY TRIP","A Action-Packed Character Study of a Astronaut And a Explorer who must Reach a Monkey in A MySQL Convention",New,16
TEMPLE,MENA,"ENGLISH BULWORTH","A Intrepid Epistle of a Pastry Chef And a Pastry Chef who must Pursue a Crocodile in Ancient China",Sci-Fi,30
TEMPLE,MENA,"MILE MULAN","A Lacklusture Epistle of a Cat And a Husband who must Confront a Boy in A MySQL Convention",Sports,13
TEMPLE,MENA,"DROP WATERFRONT","A Fanciful Documentary of a Husband And a Explorer who must Reach a Madman in Ancient China",Sports,9
TEMPLE,MENA,"FELLOWSHIP AUTUMN","A Lacklusture Reflection of a Dentist And a Hunter who must Meet a Teacher in A Baloon",Travel,26
TEMPLE,MENA,"LIAISONS SWEET","A Boring Drama of a A Shark And a Explorer who must Redeem a Waitress in The Canadian Rockies",Travel,22
TEMPLE,MENA,"CONTACT ANONYMOUS","A Insightful Display of a A Shark And a Monkey who must Face a Database Administrator in Ancient India",Travel,26
TEMPLE,RUSSELL,"CROSSROADS CASUALTIES","A Intrepid Documentary of a Sumo Wrestler And a Astronaut who must Battle a Composer in The Outback",Animation,21
TEMPLE,RUSSELL,"CANYON STOCK","A Thoughtful Reflection of a Waitress And a Feminist who must Escape a Squirrel in A Manhattan Penthouse",Animation,19
TEMPLE,RUSSELL,"SANTA PARIS","A Emotional Documentary of a Moose And a Car who must Redeem a Mad Cow in A Baloon Factory",Children,11
TEMPLE,RUSSELL,"GHOST GROUNDHOG","A Brilliant Panorama of a Madman And a Composer who must Succumb a Car in Ancient India",Children,21
TEMPLE,RUSSELL,"TOWERS HURRICANE","A Fateful Display of a Monkey And a Car who must Sink a Husband in A MySQL Convention",Classics,11
TEMPLE,RUSSELL,"TRAINSPOTTING STRANGERS","A Fast-Paced Drama of a Pioneer And a Mad Cow who must Challenge a Madman in Ancient Japan",Comedy,11
TEMPLE,RUSSELL,"CONNECTION MICROCOSMOS","A Fateful Documentary of a Crocodile And a Husband who must Face a Husband in The First Manned Space Station",Comedy,7
TEMPLE,RUSSELL,"CLOSER BANG","A Unbelieveable Panorama of a Frisbee And a Hunter who must Vanquish a Monkey in Ancient India",Comedy,28
TEMPLE,RUSSELL,"GOLD RIVER","A Taut Documentary of a Database Administrator And a Waitress who must Reach a Mad Scientist in A Baloon Factory",Comedy,14
TEMPLE,RUSSELL,"CRAZY HOME","A Fanciful Panorama of a Boy And a Woman who must Vanquish a Database Administrator in The Outback",Comedy,9
TEMPLE,RUSSELL,"BILL OTHERS","A Stunning Saga of a Mad Scientist And a Forensic Psychologist who must Challenge a Squirrel in A MySQL Convention",Documentary,19
TEMPLE,RUSSELL,"WRATH MILE","A Intrepid Reflection of a Technical Writer And a Hunter who must Defeat a Sumo Wrestler in A Monastery",Documentary,14
TEMPLE,RUSSELL,"PELICAN COMFORTS","A Epic Documentary of a Boy And a Monkey who must Pursue a Astronaut in Berlin",Documentary,26
TEMPLE,RUSSELL,"CHITTY LOCK","A Boring Epistle of a Boat And a Database Administrator who must Kill a Sumo Wrestler in The First Manned Space Station",Drama,8
TEMPLE,RUSSELL,"BANG KWAI","A Epic Drama of a Madman And a Cat who must Face a A Shark in An Abandoned Amusement Park",Family,7
TEMPLE,RUSSELL,"CHASING FIGHT","A Astounding Saga of a Technical Writer And a Butler who must Battle a Butler in A Shark Tank",Family,20
TEMPLE,RUSSELL,"SLUMS DUCK","A Amazing Character Study of a Teacher And a Database Administrator who must Defeat a Waitress in A Jet Boat",Family,24
TEMPLE,RUSSELL,"INDIAN LOVE","A Insightful Saga of a Mad Scientist And a Mad Scientist who must Kill a Astronaut in An Abandoned Fun House",Family,16
TEMPLE,RUSSELL,"VISION TORQUE","A Thoughtful Documentary of a Dog And a Man who must Sink a Man in A Shark Tank",Foreign,7
TEMPLE,RUSSELL,"VOLCANO TEXAS","A Awe-Inspiring Yarn of a Hunter And a Feminist who must Challenge a Dentist in The Outback",Games,22
TEMPLE,RUSSELL,"GLORY TRACY","A Amazing Saga of a Woman And a Womanizer who must Discover a Cat in The First Manned Space Station",Games,5
TEMPLE,RUSSELL,"UNCUT SUICIDES","A Intrepid Yarn of a Explorer And a Pastry Chef who must Pursue a Mad Cow in A U-Boat",Music,14
TEMPLE,RUSSELL,"TROOPERS METAL","A Fanciful Drama of a Monkey And a Feminist who must Sink a Man in Berlin",New,14
TEMPLE,RUSSELL,"BREAKFAST GOLDFINGER","A Beautiful Reflection of a Student And a Student who must Fight a Moose in Berlin",New,17
TEMPLE,RUSSELL,"PLATOON INSTINCT","A Thrilling Panorama of a Man And a Woman who must Reach a Woman in Australia",New,9
TEMPLE,RUSSELL,"CITIZEN SHREK","A Fanciful Character Study of a Technical Writer And a Husband who must Redeem a Robot in The Outback",Sci-Fi,13
TEMPLE,RUSSELL,"NOVOCAINE FLIGHT","A Fanciful Display of a Student And a Teacher who must Outgun a Crocodile in Nigeria",Sports,19
TEMPLE,RUSSELL,"SHAKESPEARE SADDLE","A Fast-Paced Panorama of a Lumberjack And a Database Administrator who must Defeat a Madman in A MySQL Convention",Sports,22
TEMPLE,RUSSELL,"SMILE EARRING","A Intrepid Drama of a Teacher And a Butler who must Build a Pastry Chef in Berlin",Travel,10
TEMPLE,RUSSELL,"COMFORTS RUSH","A Unbelieveable Panorama of a Pioneer And a Husband who must Meet a Mad Cow in An Abandoned Mine Shaft",Travel,17
TEMPLE,RUSSELL,"FROGMEN BREAKING","A Unbelieveable Yarn of a Mad Scientist And a Cat who must Chase a Lumberjack in Australia",Travel,10
TEMPLE,THORA,"CAROL TEXAS","A Astounding Character Study of a Composer And a Student who must Overcome a Composer in A Monastery",Animation,18
TEMPLE,THORA,"WRONG BEHAVIOR","A Emotional Saga of a Crocodile And a Sumo Wrestler who must Discover a Mad Cow in New Orleans",Children,20
TEMPLE,THORA,"CHRISTMAS MOONSHINE","A Action-Packed Epistle of a Feminist And a Astronaut who must Conquer a Boat in A Manhattan Penthouse",Children,21
TEMPLE,THORA,"LOVER TRUMAN","A Emotional Yarn of a Robot And a Boy who must Outgun a Technical Writer in A U-Boat",Classics,10
TEMPLE,THORA,"CANDIDATE PERDITION","A Brilliant Epistle of a Composer And a Database Administrator who must Vanquish a Mad Scientist in The First Manned Space Station",Classics,18
TEMPLE,THORA,"GALAXY SWEETHEARTS","A Emotional Reflection of a Womanizer And a Pioneer who must Face a Squirrel in Berlin",Classics,18
TEMPLE,THORA,"VIRGINIAN PLUTO","A Emotional Panorama of a Dentist And a Crocodile who must Meet a Boy in Berlin",Documentary,29
TEMPLE,THORA,"MADISON TRAP","A Awe-Inspiring Reflection of a Monkey And a Dentist who must Overcome a Pioneer in A U-Boat",Documentary,15
TEMPLE,THORA,"WARDROBE PHANTOM","A Action-Packed Display of a Mad Cow And a Astronaut who must Kill a Car in Ancient India",Drama,27
TEMPLE,THORA,"AFRICAN EGG","A Fast-Paced Documentary of a Pastry Chef And a Dentist who must Pursue a Forensic Psychologist in The Gulf of Mexico",Family,12
TEMPLE,THORA,"BLANKET BEVERLY","A Emotional Documentary of a Student And a Girl who must Build a Boat in Nigeria",Family,12
TEMPLE,THORA,"INSIDER ARIZONA","A Astounding Saga of a Mad Scientist And a Hunter who must Pursue a Robot in A Baloon Factory",Music,20
TEMPLE,THORA,"TELEGRAPH VOYAGE","A Fateful Yarn of a Husband And a Dog who must Battle a Waitress in A Jet Boat",Music,27
TEMPLE,THORA,"INTERVIEW LIAISONS","A Action-Packed Reflection of a Student And a Butler who must Discover a Database Administrator in A Manhattan Penthouse",New,20
TEMPLE,THORA,"LOVERBOY ATTACKS","A Boring Story of a Car And a Butler who must Build a Girl in Soviet Georgia",New,12
TEMPLE,THORA,"TROJAN TOMORROW","A Astounding Panorama of a Husband And a Sumo Wrestler who must Pursue a Boat in Ancient India",Sci-Fi,19
TEMPLE,THORA,"RANDOM GO","A Fateful Drama of a Frisbee And a Student who must Confront a Cat in A Shark Tank",Sci-Fi,9
TEMPLE,THORA,"BADMAN DAWN","A Emotional Panorama of a Pioneer And a Composer who must Escape a Mad Scientist in A Jet Boat",Sci-Fi,21
TEMPLE,THORA,"JADE BUNCH","A Insightful Panorama of a Squirrel And a Mad Cow who must Confront a Student in The First Manned Space Station",Sports,18
TOMEI,FRANCES,"AMERICAN CIRCUS","A Insightful Drama of a Girl And a Astronaut who must Face a Database Administrator in A Shark Tank",Action,22
TOMEI,FRANCES,"CROW GREASE","A Awe-Inspiring Documentary of a Woman And a Husband who must Sink a Database Administrator in The First Manned Space Station",Action,12
TOMEI,FRANCES,"CROSSROADS CASUALTIES","A Intrepid Documentary of a Sumo Wrestler And a Astronaut who must Battle a Composer in The Outback",Animation,21
TOMEI,FRANCES,"GORGEOUS BINGO","A Action-Packed Display of a Sumo Wrestler And a Car who must Overcome a Waitress in A Baloon Factory",Children,19
TOMEI,FRANCES,"INVASION CYCLONE","A Lacklusture Character Study of a Mad Scientist And a Womanizer who must Outrace a Explorer in A Monastery",Children,27
TOMEI,FRANCES,"IRON MOON","A Fast-Paced Documentary of a Mad Cow And a Boy who must Pursue a Dentist in A Baloon",Classics,11
TOMEI,FRANCES,"FIREBALL PHILADELPHIA","A Amazing Yarn of a Dentist And a A Shark who must Vanquish a Madman in An Abandoned Mine Shaft",Comedy,21
TOMEI,FRANCES,"BONNIE HOLOCAUST","A Fast-Paced Story of a Crocodile And a Robot who must Find a Moose in Ancient Japan",Documentary,16
TOMEI,FRANCES,"CUPBOARD SINNERS","A Emotional Reflection of a Frisbee And a Boat who must Reach a Pastry Chef in An Abandoned Amusement Park",Documentary,23
TOMEI,FRANCES,"BEACH HEARTBREAKERS","A Fateful Display of a Womanizer And a Mad Scientist who must Outgun a A Shark in Soviet Georgia",Documentary,17
TOMEI,FRANCES,"ATLANTIS CAUSE","A Thrilling Yarn of a Feminist And a Hunter who must Fight a Technical Writer in A Shark Tank",Family,24
TOMEI,FRANCES,"MADNESS ATTACKS","A Fanciful Tale of a Squirrel And a Boat who must Defeat a Crocodile in The Gulf of Mexico",Foreign,25
TOMEI,FRANCES,"ARABIA DOGMA","A Touching Epistle of a Madman And a Mad Cow who must Defeat a Student in Nigeria",Horror,13
TOMEI,FRANCES,"PLATOON INSTINCT","A Thrilling Panorama of a Man And a Woman who must Reach a Woman in Australia",New,9
TOMEI,FRANCES,"BREAKING HOME","A Beautiful Display of a Secret Agent And a Monkey who must Battle a Sumo Wrestler in An Abandoned Mine Shaft",New,13
TOMEI,FRANCES,"GOODFELLAS SALUTE","A Unbelieveable Tale of a Dog And a Explorer who must Sink a Mad Cow in A Baloon Factory",Sci-Fi,31
TOMEI,FRANCES,"DURHAM PANKY","A Brilliant Panorama of a Girl And a Boy who must Face a Mad Scientist in An Abandoned Mine Shaft",Sports,26
TOMEI,FRANCES,"DROP WATERFRONT","A Fanciful Documentary of a Husband And a Explorer who must Reach a Madman in Ancient China",Sports,9
TOMEI,FRANCES,"SQUAD FISH","A Fast-Paced Display of a Pastry Chef And a Dog who must Kill a Teacher in Berlin",Sports,7
TOMEI,FRANCES,"ESCAPE METROPOLIS","A Taut Yarn of a Astronaut And a Technical Writer who must Outgun a Boat in New Orleans",Travel,25
TOMEI,FRANCES,"GAMES BOWFINGER","A Astounding Documentary of a Butler And a Explorer who must Challenge a Butler in A Monastery",Travel,14
TORN,DAN,"REAR TRADING","A Awe-Inspiring Reflection of a Forensic Psychologist And a Secret Agent who must Succumb a Pastry Chef in Soviet Georgia",Action,17
TORN,DAN,"EARLY HOME","A Amazing Panorama of a Mad Scientist And a Husband who must Meet a Woman in The Outback",Animation,7
TORN,DAN,"TEQUILA PAST","A Action-Packed Panorama of a Mad Scientist And a Robot who must Challenge a Student in Nigeria",Children,6
TORN,DAN,"EMPIRE MALKOVICH","A Amazing Story of a Feminist And a Cat who must Face a Car in An Abandoned Fun House",Children,21
TORN,DAN,"LOVELY JINGLE","A Fanciful Yarn of a Crocodile And a Forensic Psychologist who must Discover a Crocodile in The Outback",Classics,14
TORN,DAN,"JERK PAYCHECK","A Touching Character Study of a Pastry Chef And a Database Administrator who must Reach a A Shark in Ancient Japan",Classics,20
TORN,DAN,"SLING LUKE","A Intrepid Character Study of a Robot And a Monkey who must Reach a Secret Agent in An Abandoned Amusement Park",Classics,6
TORN,DAN,"CONEHEADS SMOOCHY","A Touching Story of a Womanizer And a Composer who must Pursue a Husband in Nigeria",Drama,25
TORN,DAN,"VIRGIN DAISY","A Awe-Inspiring Documentary of a Robot And a Mad Scientist who must Reach a Database Administrator in A Shark Tank",Drama,17
TORN,DAN,"INNOCENT USUAL","A Beautiful Drama of a Pioneer And a Crocodile who must Challenge a Student in The Outback",Foreign,26
TORN,DAN,"STATE WASTELAND","A Beautiful Display of a Cat And a Pastry Chef who must Outrace a Mad Cow in A Jet Boat",Games,13
TORN,DAN,"INSIDER ARIZONA","A Astounding Saga of a Mad Scientist And a Hunter who must Pursue a Robot in A Baloon Factory",Music,20
TORN,DAN,"MASK PEACH","A Boring Character Study of a Student And a Robot who must Meet a Woman in California",New,17
TORN,DAN,"FLASH WARS","A Astounding Saga of a Moose And a Pastry Chef who must Chase a Student in The Gulf of Mexico",New,13
TORN,DAN,"ATTACKS HATE","A Fast-Paced Panorama of a Technical Writer And a Mad Scientist who must Find a Feminist in An Abandoned Mine Shaft",Sci-Fi,16
TORN,DAN,"SUN CONFESSIONS","A Beautiful Display of a Mad Cow And a Dog who must Redeem a Waitress in An Abandoned Amusement Park",Sci-Fi,25
TORN,DAN,"ELIZABETH SHANE","A Lacklusture Display of a Womanizer And a Dog who must Face a Sumo Wrestler in Ancient Japan",Sports,10
TORN,DAN,"MUSSOLINI SPOILERS","A Thrilling Display of a Boat And a Monkey who must Meet a Composer in Ancient China",Sports,5
TORN,DAN,"TUXEDO MILE","A Boring Drama of a Man And a Forensic Psychologist who must Face a Frisbee in Ancient India",Sports,13
TORN,DAN,"BOILED DARES","A Awe-Inspiring Story of a Waitress And a Dog who must Discover a Dentist in Ancient Japan",Travel,15
TORN,KENNETH,"CROSSROADS CASUALTIES","A Intrepid Documentary of a Sumo Wrestler And a Astronaut who must Battle a Composer in The Outback",Animation,21
TORN,KENNETH,"HARPER DYING","A Awe-Inspiring Reflection of a Woman And a Cat who must Confront a Feminist in The Sahara Desert",Animation,20
TORN,KENNETH,"GHOST GROUNDHOG","A Brilliant Panorama of a Madman And a Composer who must Succumb a Car in Ancient India",Children,21
TORN,KENNETH,"MAGNIFICENT CHITTY","A Insightful Story of a Teacher And a Hunter who must Face a Mad Cow in California",Classics,8
TORN,KENNETH,"LEAGUE HELLFIGHTERS","A Thoughtful Saga of a A Shark And a Monkey who must Outgun a Student in Ancient China",Classics,17
TORN,KENNETH,"BEAST HUNCHBACK","A Awe-Inspiring Epistle of a Student And a Squirrel who must Defeat a Boy in Ancient China",Classics,11
TORN,KENNETH,"DETECTIVE VISION","A Fanciful Documentary of a Pioneer And a Woman who must Redeem a Hunter in Ancient Japan",Classics,27
TORN,KENNETH,"DANCING FEVER","A Stunning Story of a Explorer And a Forensic Psychologist who must Face a Crocodile in A Shark Tank",Documentary,27
TORN,KENNETH,"INDEPENDENCE HOTEL","A Thrilling Tale of a Technical Writer And a Boy who must Face a Pioneer in A Monastery",Documentary,19
TORN,KENNETH,"SHIP WONDERLAND","A Thrilling Saga of a Monkey And a Frisbee who must Escape a Explorer in The Outback",Documentary,15
TORN,KENNETH,"LIES TREATMENT","A Fast-Paced Character Study of a Dentist And a Moose who must Defeat a Composer in The First Manned Space Station",Drama,27
TORN,KENNETH,"JACKET FRISCO","A Insightful Reflection of a Womanizer And a Husband who must Conquer a Pastry Chef in A Baloon",Drama,18
TORN,KENNETH,"SEATTLE EXPECATIONS","A Insightful Reflection of a Crocodile And a Sumo Wrestler who must Meet a Technical Writer in The Sahara Desert",Drama,24
TORN,KENNETH,"HOMICIDE PEACH","A Astounding Documentary of a Hunter And a Boy who must Confront a Boy in A MySQL Convention",Family,22
TORN,KENNETH,"REMEMBER DIARY","A Insightful Tale of a Technical Writer And a Waitress who must Conquer a Monkey in Ancient India",Family,18
TORN,KENNETH,"LOST BIRD","A Emotional Character Study of a Robot And a A Shark who must Defeat a Technical Writer in A Manhattan Penthouse",Foreign,12
TORN,KENNETH,"FRIDA SLIPPER","A Fateful Story of a Lumberjack And a Car who must Escape a Boat in An Abandoned Mine Shaft",Foreign,11
TORN,KENNETH,"ALI FOREVER","A Action-Packed Drama of a Dentist And a Crocodile who must Battle a Feminist in The Canadian Rockies",Horror,9
TORN,KENNETH,"JAPANESE RUN","A Awe-Inspiring Epistle of a Feminist And a Girl who must Sink a Girl in The Outback",Horror,6
TORN,KENNETH,"EGYPT TENENBAUMS","A Intrepid Story of a Madman And a Secret Agent who must Outrace a Astronaut in An Abandoned Amusement Park",Horror,17
TORN,KENNETH,"CARRIE BUNCH","A Amazing Epistle of a Student And a Astronaut who must Discover a Frisbee in The Canadian Rockies",Horror,23
TORN,KENNETH,"BIRDCAGE CASPER","A Fast-Paced Saga of a Frisbee And a Astronaut who must Overcome a Feminist in Ancient India",Music,9
TORN,KENNETH,"LUCKY FLYING","A Lacklusture Character Study of a A Shark And a Man who must Find a Forensic Psychologist in A U-Boat",Music,13
TORN,KENNETH,"FLAMINGOS CONNECTICUT","A Fast-Paced Reflection of a Composer And a Composer who must Meet a Cat in The Sahara Desert",New,23
TORN,KENNETH,"MAIDEN HOME","A Lacklusture Saga of a Moose And a Teacher who must Kill a Forensic Psychologist in A MySQL Convention",New,24
TORN,KENNETH,"EARTH VISION","A Stunning Drama of a Butler And a Madman who must Outrace a Womanizer in Ancient India",New,23
TORN,KENNETH,"CITIZEN SHREK","A Fanciful Character Study of a Technical Writer And a Husband who must Redeem a Robot in The Outback",Sci-Fi,13
TORN,KENNETH,"FLATLINERS KILLER","A Taut Display of a Secret Agent And a Waitress who must Sink a Robot in An Abandoned Mine Shaft",Sports,22
TORN,KENNETH,"LESSON CLEOPATRA","A Emotional Display of a Man And a Explorer who must Build a Boy in A Manhattan Penthouse",Sports,7
TORN,KENNETH,"WORKING MICROCOSMOS","A Stunning Epistle of a Dentist And a Dog who must Kill a Madman in Ancient China",Travel,25
TORN,WALTER,"CROW GREASE","A Awe-Inspiring Documentary of a Woman And a Husband who must Sink a Database Administrator in The First Manned Space Station",Action,12
TORN,WALTER,"FORREST SONS","A Thrilling Documentary of a Forensic Psychologist And a Butler who must Defeat a Explorer in A Jet Boat",Action,18
TORN,WALTER,"DANCES NONE","A Insightful Reflection of a A Shark And a Dog who must Kill a Butler in An Abandoned Amusement Park",Action,14
TORN,WALTER,"FLYING HOOK","A Thrilling Display of a Mad Cow And a Dog who must Challenge a Frisbee in Nigeria",Animation,20
TORN,WALTER,"EARLY HOME","A Amazing Panorama of a Mad Scientist And a Husband who must Meet a Woman in The Outback",Animation,7
TORN,WALTER,"JERSEY SASSY","A Lacklusture Documentary of a Madman And a Mad Cow who must Find a Feminist in Ancient Japan",Children,6
TORN,WALTER,"STRANGELOVE DESIRE","A Awe-Inspiring Panorama of a Lumberjack And a Waitress who must Defeat a Crocodile in An Abandoned Amusement Park",Children,24
TORN,WALTER,"CASPER DRAGONFLY","A Intrepid Documentary of a Boat And a Crocodile who must Chase a Robot in The Sahara Desert",Children,8
TORN,WALTER,"SPIKING ELEMENT","A Lacklusture Epistle of a Dentist And a Technical Writer who must Find a Dog in A Monastery",Classics,13
TORN,WALTER,"ROOTS REMEMBER","A Brilliant Drama of a Mad Cow And a Hunter who must Escape a Hunter in Berlin",Classics,17
TORN,WALTER,"LONELY ELEPHANT","A Intrepid Story of a Student And a Dog who must Challenge a Explorer in Soviet Georgia",Comedy,15
TORN,WALTER,"STAGE WORLD","A Lacklusture Panorama of a Woman And a Frisbee who must Chase a Crocodile in A Jet Boat",Comedy,10
TORN,WALTER,"MADISON TRAP","A Awe-Inspiring Reflection of a Monkey And a Dentist who must Overcome a Pioneer in A U-Boat",Documentary,15
TORN,WALTER,"WITCHES PANIC","A Awe-Inspiring Drama of a Secret Agent And a Hunter who must Fight a Moose in Nigeria",Drama,30
TORN,WALTER,"WARDROBE PHANTOM","A Action-Packed Display of a Mad Cow And a Astronaut who must Kill a Car in Ancient India",Drama,27
TORN,WALTER,"LIES TREATMENT","A Fast-Paced Character Study of a Dentist And a Moose who must Defeat a Composer in The First Manned Space Station",Drama,27
TORN,WALTER,"HOBBIT ALIEN","A Emotional Drama of a Husband And a Girl who must Outgun a Composer in The First Manned Space Station",Drama,31
TORN,WALTER,"REUNION WITCHES","A Unbelieveable Documentary of a Database Administrator And a Frisbee who must Redeem a Mad Scientist in A Baloon Factory",Drama,20
TORN,WALTER,"BANG KWAI","A Epic Drama of a Madman And a Cat who must Face a A Shark in An Abandoned Amusement Park",Family,7
TORN,WALTER,"SLUMS DUCK","A Amazing Character Study of a Teacher And a Database Administrator who must Defeat a Waitress in A Jet Boat",Family,24
TORN,WALTER,"MULHOLLAND BEAST","A Awe-Inspiring Display of a Husband And a Squirrel who must Battle a Sumo Wrestler in A Jet Boat",Foreign,7
TORN,WALTER,"STEPMOM DREAM","A Touching Epistle of a Crocodile And a Teacher who must Build a Forensic Psychologist in A MySQL Convention",Foreign,20
TORN,WALTER,"HOOSIERS BIRDCAGE","A Astounding Display of a Explorer And a Boat who must Vanquish a Car in The First Manned Space Station",Foreign,8
TORN,WALTER,"LAMBS CINCINATTI","A Insightful Story of a Man And a Feminist who must Fight a Composer in Australia",Games,10
TORN,WALTER,"CURTAIN VIDEOTAPE","A Boring Reflection of a Dentist And a Mad Cow who must Chase a Secret Agent in A Shark Tank",Games,27
TORN,WALTER,"NIGHTMARE CHILL","A Brilliant Display of a Robot And a Butler who must Fight a Waitress in An Abandoned Mine Shaft",Games,25
TORN,WALTER,"ARABIA DOGMA","A Touching Epistle of a Madman And a Mad Cow who must Defeat a Student in Nigeria",Horror,13
TORN,WALTER,"GASLIGHT CRUSADE","A Amazing Epistle of a Boy And a Astronaut who must Redeem a Man in The Gulf of Mexico",Horror,16
TORN,WALTER,"FREDDY STORM","A Intrepid Saga of a Man And a Lumberjack who must Vanquish a Husband in The Outback",Horror,23
TORN,WALTER,"MOTIONS DETAILS","A Awe-Inspiring Reflection of a Dog And a Student who must Kill a Car in An Abandoned Fun House",Horror,16
TORN,WALTER,"AMELIE HELLFIGHTERS","A Boring Drama of a Woman And a Squirrel who must Conquer a Student in A Baloon",Music,10
TORN,WALTER,"WIZARD COLDBLOODED","A Lacklusture Display of a Robot And a Girl who must Defeat a Sumo Wrestler in A MySQL Convention",Music,16
TORN,WALTER,"HYSTERICAL GRAIL","A Amazing Saga of a Madman And a Dentist who must Build a Car in A Manhattan Penthouse",Sports,15
TORN,WALTER,"MUMMY CREATURES","A Fateful Character Study of a Crocodile And a Monkey who must Meet a Dentist in Australia",Sports,16
TORN,WALTER,"NOVOCAINE FLIGHT","A Fanciful Display of a Student And a Teacher who must Outgun a Crocodile in Nigeria",Sports,19
TORN,WALTER,"LESSON CLEOPATRA","A Emotional Display of a Man And a Explorer who must Build a Boy in A Manhattan Penthouse",Sports,7
TORN,WALTER,"SIERRA DIVIDE","A Emotional Character Study of a Frisbee And a Mad Scientist who must Build a Madman in California",Sports,15
TORN,WALTER,"CASABLANCA SUPER","A Amazing Panorama of a Crocodile And a Forensic Psychologist who must Pursue a Secret Agent in The First Manned Space Station",Travel,16
TORN,WALTER,"LOCK REAR","A Thoughtful Character Study of a Squirrel And a Technical Writer who must Outrace a Student in Ancient Japan",Travel,16
TRACY,LUCILLE,"REAR TRADING","A Awe-Inspiring Reflection of a Forensic Psychologist And a Secret Agent who must Succumb a Pastry Chef in Soviet Georgia",Action,17
TRACY,LUCILLE,"DOORS PRESIDENT","A Awe-Inspiring Display of a Squirrel And a Woman who must Overcome a Boy in The Gulf of Mexico",Animation,19
TRACY,LUCILLE,"HYDE DOCTOR","A Fanciful Documentary of a Boy And a Woman who must Redeem a Womanizer in A Jet Boat",Classics,26
TRACY,LUCILLE,"PAJAMA JAWBREAKER","A Emotional Drama of a Boy And a Technical Writer who must Redeem a Sumo Wrestler in California",Classics,14
TRACY,LUCILLE,"PATIENT SISTER","A Emotional Epistle of a Squirrel And a Robot who must Confront a Lumberjack in Soviet Georgia",Classics,19
TRACY,LUCILLE,"WASTELAND DIVINE","A Fanciful Story of a Database Administrator And a Womanizer who must Fight a Database Administrator in Ancient China",Classics,15
TRACY,LUCILLE,"JAWS HARRY","A Thrilling Display of a Database Administrator And a Monkey who must Overcome a Dog in An Abandoned Fun House",Comedy,14
TRACY,LUCILLE,"MODERN DORADO","A Awe-Inspiring Story of a Butler And a Sumo Wrestler who must Redeem a Boy in New Orleans",Documentary,15
TRACY,LUCILLE,"EGG IGBY","A Beautiful Documentary of a Boat And a Sumo Wrestler who must Succumb a Database Administrator in The First Manned Space Station",Documentary,21
TRACY,LUCILLE,"ACADEMY DINOSAUR","A Epic Drama of a Feminist And a Mad Scientist who must Battle a Teacher in The Canadian Rockies",Documentary,23
TRACY,LUCILLE,"SAGEBRUSH CLUELESS","A Insightful Story of a Lumberjack And a Hunter who must Kill a Boy in Ancient Japan",Documentary,16
TRACY,LUCILLE,"CHITTY LOCK","A Boring Epistle of a Boat And a Database Administrator who must Kill a Sumo Wrestler in The First Manned Space Station",Drama,8
TRACY,LUCILLE,"ORIENT CLOSER","A Astounding Epistle of a Technical Writer And a Teacher who must Fight a Squirrel in The Sahara Desert",Drama,17
TRACY,LUCILLE,"GOLDFINGER SENSIBILITY","A Insightful Drama of a Mad Scientist And a Hunter who must Defeat a Pastry Chef in New Orleans",Drama,24
TRACY,LUCILLE,"DINOSAUR SECRETARY","A Action-Packed Drama of a Feminist And a Girl who must Reach a Robot in The Canadian Rockies",Family,20
TRACY,LUCILLE,"BEDAZZLED MARRIED","A Astounding Character Study of a Madman And a Robot who must Meet a Mad Scientist in An Abandoned Fun House",Family,13
TRACY,LUCILLE,"EARRING INSTINCT","A Stunning Character Study of a Dentist And a Mad Cow who must Find a Teacher in Nigeria",Family,19
TRACY,LUCILLE,"KING EVOLUTION","A Action-Packed Tale of a Boy And a Lumberjack who must Chase a Madman in A Baloon",Family,9
TRACY,LUCILLE,"GANDHI KWAI","A Thoughtful Display of a Mad Scientist And a Secret Agent who must Chase a Boat in Berlin",Family,17
TRACY,LUCILLE,"LOSE INCH","A Stunning Reflection of a Student And a Technical Writer who must Battle a Butler in The First Manned Space Station",Foreign,27
TRACY,LUCILLE,"LOLA AGENT","A Astounding Tale of a Mad Scientist And a Husband who must Redeem a Database Administrator in Ancient Japan",Horror,24
TRACY,LUCILLE,"BANGER PINOCCHIO","A Awe-Inspiring Drama of a Car And a Pastry Chef who must Chase a Crocodile in The First Manned Space Station",Music,22
TRACY,LUCILLE,"LOVERBOY ATTACKS","A Boring Story of a Car And a Butler who must Build a Girl in Soviet Georgia",New,12
TRACY,LUCILLE,"JUNGLE CLOSER","A Boring Character Study of a Boy And a Woman who must Battle a Astronaut in Australia",New,9
TRACY,LUCILLE,"RANDOM GO","A Fateful Drama of a Frisbee And a Student who must Confront a Cat in A Shark Tank",Sci-Fi,9
TRACY,LUCILLE,"SUN CONFESSIONS","A Beautiful Display of a Mad Cow And a Dog who must Redeem a Waitress in An Abandoned Amusement Park",Sci-Fi,25
TRACY,LUCILLE,"CHEAPER CLYDE","A Emotional Character Study of a Pioneer And a Girl who must Discover a Dog in Ancient Japan",Sci-Fi,20
TRACY,LUCILLE,"COLDBLOODED DARLING","A Brilliant Panorama of a Dentist And a Moose who must Find a Student in The Gulf of Mexico",Sci-Fi,16
TRACY,LUCILLE,"SHANGHAI TYCOON","A Fast-Paced Character Study of a Crocodile And a Lumberjack who must Build a Husband in An Abandoned Fun House",Travel,14
TRACY,LUCILLE,"WINDOW SIDE","A Astounding Character Study of a Womanizer And a Hunter who must Escape a Robot in A Monastery",Travel,12
TRACY,RENEE,"QUEST MUSSOLINI","A Fateful Drama of a Husband And a Sumo Wrestler who must Battle a Pastry Chef in A Baloon Factory",Action,20
TRACY,RENEE,"HANDICAP BOONDOCK","A Beautiful Display of a Pioneer And a Squirrel who must Vanquish a Sumo Wrestler in Soviet Georgia",Action,28
TRACY,RENEE,"THIEF PELICAN","A Touching Documentary of a Madman And a Mad Scientist who must Outrace a Feminist in An Abandoned Mine Shaft",Animation,19
TRACY,RENEE,"INVASION CYCLONE","A Lacklusture Character Study of a Mad Scientist And a Womanizer who must Outrace a Explorer in A Monastery",Children,27
TRACY,RENEE,"HOLLYWOOD ANONYMOUS","A Fast-Paced Epistle of a Boy And a Explorer who must Escape a Dog in A U-Boat",Children,13
TRACY,RENEE,"SUNDANCE INVASION","A Epic Drama of a Lumberjack And a Explorer who must Confront a Hunter in A Baloon Factory",Children,19
TRACY,RENEE,"HOPE TOOTSIE","A Amazing Documentary of a Student And a Sumo Wrestler who must Outgun a A Shark in A Shark Tank",Classics,18
TRACY,RENEE,"MILLION ACE","A Brilliant Documentary of a Womanizer And a Squirrel who must Find a Technical Writer in The Sahara Desert",Classics,20
TRACY,RENEE,"CREEPERS KANE","A Awe-Inspiring Reflection of a Squirrel And a Boat who must Outrace a Car in A Jet Boat",Classics,14
TRACY,RENEE,"CONNECTION MICROCOSMOS","A Fateful Documentary of a Crocodile And a Husband who must Face a Husband in The First Manned Space Station",Comedy,7
TRACY,RENEE,"UNTOUCHABLES SUNRISE","A Amazing Documentary of a Woman And a Astronaut who must Outrace a Teacher in An Abandoned Fun House",Documentary,8
TRACY,RENEE,"SMOKING BARBARELLA","A Lacklusture Saga of a Mad Cow And a Mad Scientist who must Sink a Cat in A MySQL Convention",Documentary,18
TRACY,RENEE,"ROCKY WAR","A Fast-Paced Display of a Squirrel And a Explorer who must Outgun a Mad Scientist in Nigeria",Drama,16
TRACY,RENEE,"EFFECT GLADIATOR","A Beautiful Display of a Pastry Chef And a Pastry Chef who must Outgun a Forensic Psychologist in A Manhattan Penthouse",Family,25
TRACY,RENEE,"MAGUIRE APACHE","A Fast-Paced Reflection of a Waitress And a Hunter who must Defeat a Forensic Psychologist in A Baloon",Family,9
TRACY,RENEE,"RAGE GAMES","A Fast-Paced Saga of a Astronaut And a Secret Agent who must Escape a Hunter in An Abandoned Amusement Park",Family,19
TRACY,RENEE,"SECRETS PARADISE","A Fateful Saga of a Cat And a Frisbee who must Kill a Girl in A Manhattan Penthouse",Family,20
TRACY,RENEE,"ROCKETEER MOTHER","A Awe-Inspiring Character Study of a Robot And a Sumo Wrestler who must Discover a Womanizer in A Shark Tank",Foreign,33
TRACY,RENEE,"DOUBTFIRE LABYRINTH","A Intrepid Panorama of a Butler And a Composer who must Meet a Mad Cow in The Sahara Desert",Foreign,10
TRACY,RENEE,"ALIEN CENTER","A Brilliant Drama of a Cat And a Mad Scientist who must Battle a Feminist in A MySQL Convention",Foreign,22
TRACY,RENEE,"FRIDA SLIPPER","A Fateful Story of a Lumberjack And a Car who must Escape a Boat in An Abandoned Mine Shaft",Foreign,11
TRACY,RENEE,"INFORMER DOUBLE","A Action-Packed Display of a Woman And a Dentist who must Redeem a Forensic Psychologist in The Canadian Rockies",Foreign,5
TRACY,RENEE,"FIRE WOLVES","A Intrepid Documentary of a Frisbee And a Dog who must Outrace a Lumberjack in Nigeria",Games,7
TRACY,RENEE,"SILENCE KANE","A Emotional Drama of a Sumo Wrestler And a Dentist who must Confront a Sumo Wrestler in A Baloon",Music,16
TRACY,RENEE,"EYES DRIVING","A Thrilling Story of a Cat And a Waitress who must Fight a Explorer in The Outback",Sci-Fi,19
TRACY,RENEE,"SPIRITED CASUALTIES","A Taut Story of a Waitress And a Man who must Face a Car in A Baloon Factory",Sci-Fi,11
TRACY,RENEE,"CRUSADE HONEY","A Fast-Paced Reflection of a Explorer And a Butler who must Battle a Madman in An Abandoned Amusement Park",Sports,8
TRACY,RENEE,"ALADDIN CALENDAR","A Action-Packed Tale of a Man And a Lumberjack who must Reach a Feminist in Ancient China",Sports,23
TRACY,RENEE,"ARTIST COLDBLOODED","A Stunning Reflection of a Robot And a Moose who must Challenge a Woman in California",Sports,16
TRACY,RENEE,"SHAWSHANK BUBBLE","A Lacklusture Story of a Moose And a Monkey who must Confront a Butler in An Abandoned Amusement Park",Travel,19
TRACY,RENEE,"COMA HEAD","A Awe-Inspiring Drama of a Boy And a Frisbee who must Escape a Pastry Chef in California",Travel,26
TRACY,RENEE,"SHANE DARKNESS","A Action-Packed Saga of a Moose And a Lumberjack who must Find a Woman in Berlin",Travel,14
TRACY,RENEE,"DESPERATE TRAINSPOTTING","A Epic Yarn of a Forensic Psychologist And a Teacher who must Face a Lumberjack in California",Travel,6
VOIGHT,HELEN,"SIDE ARK","A Stunning Panorama of a Crocodile And a Womanizer who must Meet a Feminist in The Canadian Rockies",Action,12
VOIGHT,HELEN,"TELEMARK HEARTBREAKERS","A Action-Packed Panorama of a Technical Writer And a Man who must Build a Forensic Psychologist in A Manhattan Penthouse",Animation,25
VOIGHT,HELEN,"CLASH FREDDY","A Amazing Yarn of a Composer And a Squirrel who must Escape a Astronaut in Australia",Animation,25
VOIGHT,HELEN,"STRANGER STRANGERS","A Awe-Inspiring Yarn of a Womanizer And a Explorer who must Fight a Woman in The First Manned Space Station",Children,11
VOIGHT,HELEN,"CASPER DRAGONFLY","A Intrepid Documentary of a Boat And a Crocodile who must Chase a Robot in The Sahara Desert",Children,8
VOIGHT,HELEN,"SWEETHEARTS SUSPECTS","A Brilliant Character Study of a Frisbee And a Sumo Wrestler who must Confront a Woman in The Gulf of Mexico",Children,29
VOIGHT,HELEN,"EMPIRE MALKOVICH","A Amazing Story of a Feminist And a Cat who must Face a Car in An Abandoned Fun House",Children,21
VOIGHT,HELEN,"WARLOCK WEREWOLF","A Astounding Yarn of a Pioneer And a Crocodile who must Defeat a A Shark in The Outback",Children,6
VOIGHT,HELEN,"LEGALLY SECRETARY","A Astounding Tale of a A Shark And a Moose who must Meet a Womanizer in The Sahara Desert",Children,9
VOIGHT,HELEN,"MICROCOSMOS PARADISE","A Touching Character Study of a Boat And a Student who must Sink a A Shark in Nigeria",Children,13
VOIGHT,HELEN,"IRON MOON","A Fast-Paced Documentary of a Mad Cow And a Boy who must Pursue a Dentist in A Baloon",Classics,11
VOIGHT,HELEN,"CAPER MOTIONS","A Fateful Saga of a Moose And a Car who must Pursue a Woman in A MySQL Convention",Comedy,24
VOIGHT,HELEN,"JAWS HARRY","A Thrilling Display of a Database Administrator And a Monkey who must Overcome a Dog in An Abandoned Fun House",Comedy,14
VOIGHT,HELEN,"CAT CONEHEADS","A Fast-Paced Panorama of a Girl And a A Shark who must Confront a Boy in Ancient India",Comedy,30
VOIGHT,HELEN,"ROAD ROXANNE","A Boring Character Study of a Waitress And a Astronaut who must Fight a Crocodile in Ancient Japan",Documentary,19
VOIGHT,HELEN,"INDEPENDENCE HOTEL","A Thrilling Tale of a Technical Writer And a Boy who must Face a Pioneer in A Monastery",Documentary,19
VOIGHT,HELEN,"CUPBOARD SINNERS","A Emotional Reflection of a Frisbee And a Boat who must Reach a Pastry Chef in An Abandoned Amusement Park",Documentary,23
VOIGHT,HELEN,"LIES TREATMENT","A Fast-Paced Character Study of a Dentist And a Moose who must Defeat a Composer in The First Manned Space Station",Drama,27
VOIGHT,HELEN,"MOVIE SHAKESPEARE","A Insightful Display of a Database Administrator And a Student who must Build a Hunter in Berlin",Family,27
VOIGHT,HELEN,"SCISSORHANDS SLUMS","A Awe-Inspiring Drama of a Girl And a Technical Writer who must Meet a Feminist in The Canadian Rockies",Foreign,15
VOIGHT,HELEN,"CYCLONE FAMILY","A Lacklusture Drama of a Student And a Monkey who must Sink a Womanizer in A MySQL Convention",Foreign,15
VOIGHT,HELEN,"KISS GLORY","A Lacklusture Reflection of a Girl And a Husband who must Find a Robot in The Canadian Rockies",Foreign,22
VOIGHT,HELEN,"WAR NOTTING","A Boring Drama of a Teacher And a Sumo Wrestler who must Challenge a Secret Agent in The Canadian Rockies",Foreign,12
VOIGHT,HELEN,"FEVER EMPIRE","A Insightful Panorama of a Cat And a Boat who must Defeat a Boat in The Gulf of Mexico",Games,5
VOIGHT,HELEN,"DIVINE RESURRECTION","A Boring Character Study of a Man And a Womanizer who must Succumb a Teacher in An Abandoned Amusement Park",Games,15
VOIGHT,HELEN,"FIDELITY DEVIL","A Awe-Inspiring Drama of a Technical Writer And a Composer who must Reach a Pastry Chef in A U-Boat",Horror,21
VOIGHT,HELEN,"SINNERS ATLANTIS","A Epic Display of a Dog And a Boat who must Succumb a Mad Scientist in An Abandoned Mine Shaft",Horror,22
VOIGHT,HELEN,"GREATEST NORTH","A Astounding Character Study of a Secret Agent And a Robot who must Build a A Shark in Berlin",Music,29
VOIGHT,HELEN,"BREAKING HOME","A Beautiful Display of a Secret Agent And a Monkey who must Battle a Sumo Wrestler in An Abandoned Mine Shaft",New,13
VOIGHT,HELEN,"VOICE PEACH","A Amazing Panorama of a Pioneer And a Student who must Overcome a Mad Scientist in A Manhattan Penthouse",New,19
VOIGHT,HELEN,"MUMMY CREATURES","A Fateful Character Study of a Crocodile And a Monkey who must Meet a Dentist in Australia",Sports,16
WAHLBERG,DARYL,"FORREST SONS","A Thrilling Documentary of a Forensic Psychologist And a Butler who must Defeat a Explorer in A Jet Boat",Action,18
WAHLBERG,DARYL,"GRAIL FRANKENSTEIN","A Unbelieveable Saga of a Teacher And a Monkey who must Fight a Girl in An Abandoned Mine Shaft",Action,10
WAHLBERG,DARYL,"CASUALTIES ENCINO","A Insightful Yarn of a A Shark And a Pastry Chef who must Face a Boy in A Monastery",Action,9
WAHLBERG,DARYL,"RUGRATS SHAKESPEARE","A Touching Saga of a Crocodile And a Crocodile who must Discover a Technical Writer in Nigeria",Action,30
WAHLBERG,DARYL,"DOUBLE WRATH","A Thoughtful Yarn of a Womanizer And a Dog who must Challenge a Madman in The Gulf of Mexico",Animation,25
WAHLBERG,DARYL,"POND SEATTLE","A Stunning Drama of a Teacher And a Boat who must Battle a Feminist in Ancient China",Animation,19
WAHLBERG,DARYL,"HOLOCAUST HIGHBALL","A Awe-Inspiring Yarn of a Composer And a Man who must Find a Robot in Soviet Georgia",Children,17
WAHLBERG,DARYL,"SPIKING ELEMENT","A Lacklusture Epistle of a Dentist And a Technical Writer who must Find a Dog in A Monastery",Classics,13
WAHLBERG,DARYL,"LIFE TWISTED","A Thrilling Reflection of a Teacher And a Composer who must Find a Man in The First Manned Space Station",Comedy,10
WAHLBERG,DARYL,"STREAK RIDGEMONT","A Astounding Character Study of a Hunter And a Waitress who must Sink a Man in New Orleans",Documentary,16
WAHLBERG,DARYL,"NORTH TEQUILA","A Beautiful Character Study of a Mad Cow And a Robot who must Reach a Womanizer in New Orleans",Documentary,11
WAHLBERG,DARYL,"UNFAITHFUL KILL","A Taut Documentary of a Waitress And a Mad Scientist who must Battle a Technical Writer in New Orleans",Drama,8
WAHLBERG,DARYL,"KILLER INNOCENT","A Fanciful Character Study of a Student And a Explorer who must Succumb a Composer in An Abandoned Mine Shaft",Family,6
WAHLBERG,DARYL,"DANGEROUS UPTOWN","A Unbelieveable Story of a Mad Scientist And a Woman who must Overcome a Dog in California",Foreign,12
WAHLBERG,DARYL,"BALLROOM MOCKINGBIRD","A Thrilling Documentary of a Composer And a Monkey who must Find a Feminist in California",Foreign,8
WAHLBERG,DARYL,"BABY HALL","A Boring Character Study of a A Shark And a Girl who must Outrace a Feminist in An Abandoned Mine Shaft",Foreign,8
WAHLBERG,DARYL,"GENTLEMEN STAGE","A Awe-Inspiring Reflection of a Monkey And a Student who must Overcome a Dentist in The First Manned Space Station",Foreign,23
WAHLBERG,DARYL,"HOOSIERS BIRDCAGE","A Astounding Display of a Explorer And a Boat who must Vanquish a Car in The First Manned Space Station",Foreign,8
WAHLBERG,DARYL,"MADRE GABLES","A Intrepid Panorama of a Sumo Wrestler And a Forensic Psychologist who must Discover a Moose in The First Manned Space Station",Games,14
WAHLBERG,DARYL,"FAMILY SWEET","A Epic Documentary of a Teacher And a Boy who must Escape a Woman in Berlin",Horror,29
WAHLBERG,DARYL,"BEHAVIOR RUNAWAY","A Unbelieveable Drama of a Student And a Husband who must Outrace a Sumo Wrestler in Berlin",Horror,13
WAHLBERG,DARYL,"ARACHNOPHOBIA ROLLERCOASTER","A Action-Packed Reflection of a Pastry Chef And a Composer who must Discover a Mad Scientist in The First Manned Space Station",Horror,24
WAHLBERG,DARYL,"BIRCH ANTITRUST","A Fanciful Panorama of a Husband And a Pioneer who must Outgun a Dog in A Baloon",Music,11
WAHLBERG,DARYL,"AMISTAD MIDSUMMER","A Emotional Character Study of a Dentist And a Crocodile who must Meet a Sumo Wrestler in California",New,21
WAHLBERG,DARYL,"MAIDEN HOME","A Lacklusture Saga of a Moose And a Teacher who must Kill a Forensic Psychologist in A MySQL Convention",New,24
WAHLBERG,DARYL,"FIDDLER LOST","A Boring Tale of a Squirrel And a Dog who must Challenge a Madman in The Gulf of Mexico",Sci-Fi,10
WAHLBERG,DARYL,"NEIGHBORS CHARADE","A Fanciful Reflection of a Crocodile And a Astronaut who must Outrace a Feminist in An Abandoned Amusement Park",Sports,19
WAHLBERG,DARYL,"HOLES BRANNIGAN","A Fast-Paced Reflection of a Technical Writer And a Student who must Fight a Boy in The Canadian Rockies",Sports,15
WAHLBERG,DARYL,"SMOOCHY CONTROL","A Thrilling Documentary of a Husband And a Feminist who must Face a Mad Scientist in Ancient China",Sports,12
WAHLBERG,DARYL,"TRAFFIC HOBBIT","A Amazing Epistle of a Squirrel And a Lumberjack who must Succumb a Database Administrator in A U-Boat",Travel,5
WAHLBERG,DARYL,"EXPECATIONS NATURAL","A Amazing Drama of a Butler And a Husband who must Reach a A Shark in A U-Boat",Travel,18
WAHLBERG,NICK,"BULL SHAWSHANK","A Fanciful Drama of a Moose And a Squirrel who must Conquer a Pioneer in The Canadian Rockies",Action,16
WAHLBERG,NICK,"FIGHT JAWBREAKER","A Intrepid Panorama of a Womanizer And a Girl who must Escape a Girl in A Manhattan Penthouse",Animation,22
WAHLBERG,NICK,"JERSEY SASSY","A Lacklusture Documentary of a Madman And a Mad Cow who must Find a Feminist in Ancient Japan",Children,6
WAHLBERG,NICK,"GILBERT PELICAN","A Fateful Tale of a Man And a Feminist who must Conquer a Crocodile in A Manhattan Penthouse",Classics,9
WAHLBERG,NICK,"DRACULA CRYSTAL","A Thrilling Reflection of a Feminist And a Cat who must Find a Frisbee in An Abandoned Fun House",Classics,21
WAHLBERG,NICK,"MALLRATS UNITED","A Thrilling Yarn of a Waitress And a Dentist who must Find a Hunter in A Monastery",Comedy,25
WAHLBERG,NICK,"RUSHMORE MERMAID","A Boring Story of a Woman And a Moose who must Reach a Husband in A Shark Tank",Comedy,6
WAHLBERG,NICK,"ADAPTATION HOLES","A Astounding Reflection of a Lumberjack And a Car who must Sink a Lumberjack in A Baloon Factory",Documentary,12
WAHLBERG,NICK,"WARDROBE PHANTOM","A Action-Packed Display of a Mad Cow And a Astronaut who must Kill a Car in Ancient India",Drama,27
WAHLBERG,NICK,"CHISUM BEHAVIOR","A Epic Documentary of a Sumo Wrestler And a Butler who must Kill a Car in Ancient India",Family,13
WAHLBERG,NICK,"APACHE DIVINE","A Awe-Inspiring Reflection of a Pastry Chef And a Teacher who must Overcome a Sumo Wrestler in A U-Boat",Family,31
WAHLBERG,NICK,"INDIAN LOVE","A Insightful Saga of a Mad Scientist And a Mad Scientist who must Kill a Astronaut in An Abandoned Fun House",Family,16
WAHLBERG,NICK,"MAGUIRE APACHE","A Fast-Paced Reflection of a Waitress And a Hunter who must Defeat a Forensic Psychologist in A Baloon",Family,9
WAHLBERG,NICK,"HAPPINESS UNITED","A Action-Packed Panorama of a Husband And a Feminist who must Meet a Forensic Psychologist in Ancient Japan",Foreign,6
WAHLBERG,NICK,"BABY HALL","A Boring Character Study of a A Shark And a Girl who must Outrace a Feminist in An Abandoned Mine Shaft",Foreign,8
WAHLBERG,NICK,"LUCKY FLYING","A Lacklusture Character Study of a A Shark And a Man who must Find a Forensic Psychologist in A U-Boat",Music,13
WAHLBERG,NICK,"MASK PEACH","A Boring Character Study of a Student And a Robot who must Meet a Woman in California",New,17
WAHLBERG,NICK,"DESTINY SATURDAY","A Touching Drama of a Crocodile And a Crocodile who must Conquer a Explorer in Soviet Georgia",New,16
WAHLBERG,NICK,"JEKYLL FROGMEN","A Fanciful Epistle of a Student And a Astronaut who must Kill a Waitress in A Shark Tank",New,17
WAHLBERG,NICK,"FLASH WARS","A Astounding Saga of a Moose And a Pastry Chef who must Chase a Student in The Gulf of Mexico",New,13
WAHLBERG,NICK,"CHAINSAW UPTOWN","A Beautiful Documentary of a Boy And a Robot who must Discover a Squirrel in Australia",Sci-Fi,21
WAHLBERG,NICK,"GOODFELLAS SALUTE","A Unbelieveable Tale of a Dog And a Explorer who must Sink a Mad Cow in A Baloon Factory",Sci-Fi,31
WAHLBERG,NICK,"LIAISONS SWEET","A Boring Drama of a A Shark And a Explorer who must Redeem a Waitress in The Canadian Rockies",Travel,22
WAHLBERG,NICK,"SMILE EARRING","A Intrepid Drama of a Teacher And a Butler who must Build a Pastry Chef in Berlin",Travel,10
WALKEN,BELA,"FANTASY TROOPERS","A Touching Saga of a Teacher And a Monkey who must Overcome a Secret Agent in A MySQL Convention",Action,26
WALKEN,BELA,"LUKE MUMMY","A Taut Character Study of a Boy And a Robot who must Redeem a Mad Scientist in Ancient India",Animation,7
WALKEN,BELA,"NASH CHOCOLAT","A Epic Reflection of a Monkey And a Mad Cow who must Kill a Forensic Psychologist in An Abandoned Mine Shaft",Animation,15
WALKEN,BELA,"LEGALLY SECRETARY","A Astounding Tale of a A Shark And a Moose who must Meet a Womanizer in The Sahara Desert",Children,9
WALKEN,BELA,"SPLENDOR PATTON","A Taut Story of a Dog And a Explorer who must Find a Astronaut in Berlin",Children,21
WALKEN,BELA,"HOLLYWOOD ANONYMOUS","A Fast-Paced Epistle of a Boy And a Explorer who must Escape a Dog in A U-Boat",Children,13
WALKEN,BELA,"JERK PAYCHECK","A Touching Character Study of a Pastry Chef And a Database Administrator who must Reach a A Shark in Ancient Japan",Classics,20
WALKEN,BELA,"SNATCHERS MONTEZUMA","A Boring Epistle of a Sumo Wrestler And a Woman who must Escape a Man in The Canadian Rockies",Classics,9
WALKEN,BELA,"ELEMENT FREDDY","A Awe-Inspiring Reflection of a Waitress And a Squirrel who must Kill a Mad Cow in A Jet Boat",Comedy,10
WALKEN,BELA,"TRAMP OTHERS","A Brilliant Display of a Composer And a Cat who must Succumb a A Shark in Ancient India",Comedy,20
WALKEN,BELA,"VERTIGO NORTHWEST","A Unbelieveable Display of a Mad Scientist And a Mad Scientist who must Outgun a Mad Cow in Ancient Japan",Comedy,8
WALKEN,BELA,"STAGE WORLD","A Lacklusture Panorama of a Woman And a Frisbee who must Chase a Crocodile in A Jet Boat",Comedy,10
WALKEN,BELA,"FLINTSTONES HAPPINESS","A Fateful Story of a Husband And a Moose who must Vanquish a Boy in California",Comedy,17
WALKEN,BELA,"LION UNCUT","A Intrepid Display of a Pastry Chef And a Cat who must Kill a A Shark in Ancient China",Comedy,18
WALKEN,BELA,"MOD SECRETARY","A Boring Documentary of a Mad Cow And a Cat who must Build a Lumberjack in New Orleans",Documentary,11
WALKEN,BELA,"CLERKS ANGELS","A Thrilling Display of a Sumo Wrestler And a Girl who must Confront a Man in A Baloon",Documentary,7
WALKEN,BELA,"MIDSUMMER GROUNDHOG","A Fateful Panorama of a Moose And a Dog who must Chase a Crocodile in Ancient Japan",Documentary,22
WALKEN,BELA,"MIGHTY LUCK","A Astounding Epistle of a Mad Scientist And a Pioneer who must Escape a Database Administrator in A MySQL Convention",Documentary,12
WALKEN,BELA,"JACKET FRISCO","A Insightful Reflection of a Womanizer And a Husband who must Conquer a Pastry Chef in A Baloon",Drama,18
WALKEN,BELA,"BEETHOVEN EXORCIST","A Epic Display of a Pioneer And a Student who must Challenge a Butler in The Gulf of Mexico",Drama,11
WALKEN,BELA,"SIEGE MADRE","A Boring Tale of a Frisbee And a Crocodile who must Vanquish a Moose in An Abandoned Mine Shaft",Family,15
WALKEN,BELA,"TRAP GUYS","A Unbelieveable Story of a Boy And a Mad Cow who must Challenge a Database Administrator in The Sahara Desert",Foreign,16
WALKEN,BELA,"PIZZA JUMANJI","A Epic Saga of a Cat And a Squirrel who must Outgun a Robot in A U-Boat",Games,7
WALKEN,BELA,"MARS ROMAN","A Boring Drama of a Car And a Dog who must Succumb a Madman in Soviet Georgia",Games,19
WALKEN,BELA,"TYCOON GATHERING","A Emotional Display of a Husband And a A Shark who must Succumb a Madman in A Manhattan Penthouse",Games,12
WALKEN,BELA,"CARRIE BUNCH","A Amazing Epistle of a Student And a Astronaut who must Discover a Frisbee in The Canadian Rockies",Horror,23
WALKEN,BELA,"ENEMY ODDS","A Fanciful Panorama of a Mad Scientist And a Woman who must Pursue a Astronaut in Ancient India",Music,29
WALKEN,BELA,"OKLAHOMA JUMANJI","A Thoughtful Drama of a Dentist And a Womanizer who must Meet a Husband in The Sahara Desert",New,6
WALKEN,BELA,"WHISPERER GIANT","A Intrepid Story of a Dentist And a Hunter who must Confront a Monkey in Ancient Japan",Sci-Fi,22
WALKEN,BELA,"COMFORTS RUSH","A Unbelieveable Panorama of a Pioneer And a Husband who must Meet a Mad Cow in An Abandoned Mine Shaft",Travel,17
WAYNE,ALEC,"BULL SHAWSHANK","A Fanciful Drama of a Moose And a Squirrel who must Conquer a Pioneer in The Canadian Rockies",Action,16
WAYNE,ALEC,"UPTOWN YOUNG","A Fateful Documentary of a Dog And a Hunter who must Pursue a Teacher in An Abandoned Amusement Park",Children,12
WAYNE,ALEC,"MAGIC MALLRATS","A Touching Documentary of a Pastry Chef And a Pastry Chef who must Build a Mad Scientist in California",Children,7
WAYNE,ALEC,"CABIN FLASH","A Stunning Epistle of a Boat And a Man who must Challenge a A Shark in A Baloon Factory",Children,15
WAYNE,ALEC,"CENTER DINOSAUR","A Beautiful Character Study of a Sumo Wrestler And a Dentist who must Find a Dog in California",Classics,24
WAYNE,ALEC,"JEOPARDY ENCINO","A Boring Panorama of a Man And a Mad Cow who must Face a Explorer in Ancient India",Classics,10
WAYNE,ALEC,"SUMMER SCARFACE","A Emotional Panorama of a Lumberjack And a Hunter who must Meet a Girl in A Shark Tank",Classics,16
WAYNE,ALEC,"HUSTLER PARTY","A Emotional Reflection of a Sumo Wrestler And a Monkey who must Conquer a Robot in The Sahara Desert",Comedy,22
WAYNE,ALEC,"FREEDOM CLEOPATRA","A Emotional Reflection of a Dentist And a Mad Cow who must Face a Squirrel in A Baloon",Comedy,5
WAYNE,ALEC,"SMOKING BARBARELLA","A Lacklusture Saga of a Mad Cow And a Mad Scientist who must Sink a Cat in A MySQL Convention",Documentary,18
WAYNE,ALEC,"ENCOUNTERS CURTAIN","A Insightful Epistle of a Pastry Chef And a Womanizer who must Build a Boat in New Orleans",Drama,19
WAYNE,ALEC,"VIRGIN DAISY","A Awe-Inspiring Documentary of a Robot And a Mad Scientist who must Reach a Database Administrator in A Shark Tank",Drama,17
WAYNE,ALEC,"BLADE POLISH","A Thoughtful Character Study of a Frisbee And a Pastry Chef who must Fight a Dentist in The First Manned Space Station",Drama,22
WAYNE,ALEC,"CONEHEADS SMOOCHY","A Touching Story of a Womanizer And a Composer who must Pursue a Husband in Nigeria",Drama,25
WAYNE,ALEC,"EFFECT GLADIATOR","A Beautiful Display of a Pastry Chef And a Pastry Chef who must Outgun a Forensic Psychologist in A Manhattan Penthouse",Family,25
WAYNE,ALEC,"FICTION CHRISTMAS","A Emotional Yarn of a A Shark And a Student who must Battle a Robot in An Abandoned Mine Shaft",Foreign,19
WAYNE,ALEC,"OUTBREAK DIVINE","A Unbelieveable Yarn of a Database Administrator And a Woman who must Succumb a A Shark in A U-Boat",Games,23
WAYNE,ALEC,"CHAMBER ITALIAN","A Fateful Reflection of a Moose And a Husband who must Overcome a Monkey in Nigeria",Music,13
WAYNE,ALEC,"INSIDER ARIZONA","A Astounding Saga of a Mad Scientist And a Hunter who must Pursue a Robot in A Baloon Factory",Music,20
WAYNE,ALEC,"DESTINY SATURDAY","A Touching Drama of a Crocodile And a Crocodile who must Conquer a Explorer in Soviet Georgia",New,16
WAYNE,ALEC,"HOURS RAGE","A Fateful Story of a Explorer And a Feminist who must Meet a Technical Writer in Soviet Georgia",New,19
WAYNE,ALEC,"MONEY HAROLD","A Touching Tale of a Explorer And a Boat who must Defeat a Robot in Australia",New,20
WAYNE,ALEC,"EXPRESS LONELY","A Boring Drama of a Astronaut And a Boat who must Face a Boat in California",Sci-Fi,13
WAYNE,ALEC,"REIGN GENTLEMEN","A Emotional Yarn of a Composer And a Man who must Escape a Butler in The Gulf of Mexico",Sci-Fi,20
WAYNE,ALEC,"IDENTITY LOVER","A Boring Tale of a Composer And a Mad Cow who must Defeat a Car in The Outback",Sci-Fi,13
WAYNE,ALEC,"ALADDIN CALENDAR","A Action-Packed Tale of a Man And a Lumberjack who must Reach a Feminist in Ancient China",Sports,23
WAYNE,ALEC,"LIBERTY MAGNIFICENT","A Boring Drama of a Student And a Cat who must Sink a Technical Writer in A Baloon",Sports,12
WAYNE,ALEC,"JOON NORTHWEST","A Thrilling Panorama of a Technical Writer And a Car who must Discover a Forensic Psychologist in A Shark Tank",Sports,17
WAYNE,ALEC,"FUGITIVE MAGUIRE","A Taut Epistle of a Feminist And a Sumo Wrestler who must Battle a Crocodile in Australia",Travel,11
WEST,CHRISTOPHER,"FANTASY TROOPERS","A Touching Saga of a Teacher And a Monkey who must Overcome a Secret Agent in A MySQL Convention",Action,26
WEST,CHRISTOPHER,"DOGMA FAMILY","A Brilliant Character Study of a Database Administrator And a Monkey who must Succumb a Astronaut in New Orleans",Animation,30
WEST,CHRISTOPHER,"HEARTBREAKERS BRIGHT","A Awe-Inspiring Documentary of a A Shark And a Dentist who must Outrace a Pastry Chef in The Canadian Rockies",Children,20
WEST,CHRISTOPHER,"SPLENDOR PATTON","A Taut Story of a Dog And a Explorer who must Find a Astronaut in Berlin",Children,21
WEST,CHRISTOPHER,"FARGO GANDHI","A Thrilling Reflection of a Pastry Chef And a Crocodile who must Reach a Teacher in The Outback",Children,24
WEST,CHRISTOPHER,"CONSPIRACY SPIRIT","A Awe-Inspiring Story of a Student And a Frisbee who must Conquer a Crocodile in An Abandoned Mine Shaft",Classics,5
WEST,CHRISTOPHER,"COLOR PHILADELPHIA","A Thoughtful Panorama of a Car And a Crocodile who must Sink a Monkey in The Sahara Desert",Classics,24
WEST,CHRISTOPHER,"TIMBERLAND SKY","A Boring Display of a Man And a Dog who must Redeem a Girl in A U-Boat",Classics,31
WEST,CHRISTOPHER,"LIFE TWISTED","A Thrilling Reflection of a Teacher And a Composer who must Find a Man in The First Manned Space Station",Comedy,10
WEST,CHRISTOPHER,"HUSTLER PARTY","A Emotional Reflection of a Sumo Wrestler And a Monkey who must Conquer a Robot in The Sahara Desert",Comedy,22
WEST,CHRISTOPHER,"YOUNG LANGUAGE","A Unbelieveable Yarn of a Boat And a Database Administrator who must Meet a Boy in The First Manned Space Station",Documentary,7
WEST,CHRISTOPHER,"VISION TORQUE","A Thoughtful Documentary of a Dog And a Man who must Sink a Man in A Shark Tank",Foreign,7
WEST,CHRISTOPHER,"TEMPLE ATTRACTION","A Action-Packed Saga of a Forensic Psychologist And a Woman who must Battle a Womanizer in Soviet Georgia",Horror,12
WEST,CHRISTOPHER,"ANYTHING SAVANNAH","A Epic Story of a Pastry Chef And a Woman who must Chase a Feminist in An Abandoned Fun House",Horror,9
WEST,CHRISTOPHER,"ATTRACTION NEWTON","A Astounding Panorama of a Composer And a Frisbee who must Reach a Husband in Ancient Japan",New,24
WEST,CHRISTOPHER,"ENDING CROWDS","A Unbelieveable Display of a Dentist And a Madman who must Vanquish a Squirrel in Berlin",New,11
WEST,CHRISTOPHER,"HAMLET WISDOM","A Touching Reflection of a Man And a Man who must Sink a Robot in The Outback",Sci-Fi,14
WEST,CHRISTOPHER,"RECORDS ZORRO","A Amazing Drama of a Mad Scientist And a Composer who must Build a Husband in The Outback",Sports,8
WEST,CHRISTOPHER,"FELLOWSHIP AUTUMN","A Lacklusture Reflection of a Dentist And a Hunter who must Meet a Teacher in A Baloon",Travel,26
WEST,CHRISTOPHER,"SHAWSHANK BUBBLE","A Lacklusture Story of a Moose And a Monkey who must Confront a Butler in An Abandoned Amusement Park",Travel,19
WEST,CHRISTOPHER,"HORROR REIGN","A Touching Documentary of a A Shark And a Car who must Build a Husband in Nigeria",Travel,27
WEST,REESE,"ANTITRUST TOMATOES","A Fateful Yarn of a Womanizer And a Feminist who must Succumb a Database Administrator in Ancient India",Action,10
WEST,REESE,"TURN STAR","A Stunning Tale of a Man And a Monkey who must Chase a Student in New Orleans",Animation,14
WEST,REESE,"DOORS PRESIDENT","A Awe-Inspiring Display of a Squirrel And a Woman who must Overcome a Boy in The Gulf of Mexico",Animation,19
WEST,REESE,"GORGEOUS BINGO","A Action-Packed Display of a Sumo Wrestler And a Car who must Overcome a Waitress in A Baloon Factory",Children,19
WEST,REESE,"DRACULA CRYSTAL","A Thrilling Reflection of a Feminist And a Cat who must Find a Frisbee in An Abandoned Fun House",Classics,21
WEST,REESE,"MALKOVICH PET","A Intrepid Reflection of a Waitress And a A Shark who must Kill a Squirrel in The Outback",Classics,26
WEST,REESE,"SNATCHERS MONTEZUMA","A Boring Epistle of a Sumo Wrestler And a Woman who must Escape a Man in The Canadian Rockies",Classics,9
WEST,REESE,"LIFE TWISTED","A Thrilling Reflection of a Teacher And a Composer who must Find a Man in The First Manned Space Station",Comedy,10
WEST,REESE,"CAUSE DATE","A Taut Tale of a Explorer And a Pastry Chef who must Conquer a Hunter in A MySQL Convention",Documentary,21
WEST,REESE,"COAST RAINBOW","A Astounding Documentary of a Mad Cow And a Pioneer who must Challenge a Butler in The Sahara Desert",Documentary,21
WEST,REESE,"WITCHES PANIC","A Awe-Inspiring Drama of a Secret Agent And a Hunter who must Fight a Moose in Nigeria",Drama,30
WEST,REESE,"SAINTS BRIDE","A Fateful Tale of a Technical Writer And a Composer who must Pursue a Explorer in The Gulf of Mexico",Drama,8
WEST,REESE,"HOBBIT ALIEN","A Emotional Drama of a Husband And a Girl who must Outgun a Composer in The First Manned Space Station",Drama,31
WEST,REESE,"CHOCOLAT HARRY","A Action-Packed Epistle of a Dentist And a Moose who must Meet a Mad Cow in Ancient Japan",Family,20
WEST,REESE,"BEDAZZLED MARRIED","A Astounding Character Study of a Madman And a Robot who must Meet a Mad Scientist in An Abandoned Fun House",Family,13
WEST,REESE,"REMEMBER DIARY","A Insightful Tale of a Technical Writer And a Waitress who must Conquer a Monkey in Ancient India",Family,18
WEST,REESE,"SCHOOL JACKET","A Intrepid Yarn of a Monkey And a Boy who must Fight a Composer in A Manhattan Penthouse",Foreign,6
WEST,REESE,"AGENT TRUMAN","A Intrepid Panorama of a Robot And a Boy who must Escape a Sumo Wrestler in Ancient China",Foreign,21
WEST,REESE,"LOSE INCH","A Stunning Reflection of a Student And a Technical Writer who must Battle a Butler in The First Manned Space Station",Foreign,27
WEST,REESE,"ROUGE SQUAD","A Awe-Inspiring Drama of a Astronaut And a Frisbee who must Conquer a Mad Scientist in Australia",Games,18
WEST,REESE,"CREATURES SHAKESPEARE","A Emotional Drama of a Womanizer And a Squirrel who must Vanquish a Crocodile in Ancient India",Games,16
WEST,REESE,"YENTL IDAHO","A Amazing Display of a Robot And a Astronaut who must Fight a Womanizer in Berlin",Horror,23
WEST,REESE,"DRUMS DYNAMITE","A Epic Display of a Crocodile And a Crocodile who must Confront a Dog in An Abandoned Amusement Park",Horror,13
WEST,REESE,"RUNNER MADIGAN","A Thoughtful Documentary of a Crocodile And a Robot who must Outrace a Womanizer in The Outback",Music,8
WEST,REESE,"GODFATHER DIARY","A Stunning Saga of a Lumberjack And a Squirrel who must Chase a Car in The Outback",New,8
WEST,REESE,"WILD APOLLO","A Beautiful Story of a Monkey And a Sumo Wrestler who must Conquer a A Shark in A MySQL Convention",New,6
WEST,REESE,"WEEKEND PERSONAL","A Fast-Paced Documentary of a Car And a Butler who must Find a Frisbee in A Jet Boat",Sci-Fi,18
WEST,REESE,"GOODFELLAS SALUTE","A Unbelieveable Tale of a Dog And a Explorer who must Sink a Mad Cow in A Baloon Factory",Sci-Fi,31
WEST,REESE,"MOSQUITO ARMAGEDDON","A Thoughtful Character Study of a Waitress And a Feminist who must Build a Teacher in Ancient Japan",Sports,15
WEST,REESE,"NORTHWEST POLISH","A Boring Character Study of a Boy And a A Shark who must Outrace a Womanizer in The Outback",Sports,20
WEST,REESE,"POSEIDON FOREVER","A Thoughtful Epistle of a Womanizer And a Monkey who must Vanquish a Dentist in A Monastery",Sports,17
WEST,REESE,"CASABLANCA SUPER","A Amazing Panorama of a Crocodile And a Forensic Psychologist who must Pursue a Secret Agent in The First Manned Space Station",Travel,16
WILLIAMS,GROUCHO,"OZ LIAISONS","A Epic Yarn of a Mad Scientist And a Cat who must Confront a Womanizer in A Baloon Factory",Animation,24
WILLIAMS,GROUCHO,"SPLENDOR PATTON","A Taut Story of a Dog And a Explorer who must Find a Astronaut in Berlin",Children,21
WILLIAMS,GROUCHO,"WARLOCK WEREWOLF","A Astounding Yarn of a Pioneer And a Crocodile who must Defeat a A Shark in The Outback",Children,6
WILLIAMS,GROUCHO,"HOLLYWOOD ANONYMOUS","A Fast-Paced Epistle of a Boy And a Explorer who must Escape a Dog in A U-Boat",Children,13
WILLIAMS,GROUCHO,"JINGLE SAGEBRUSH","A Epic Character Study of a Feminist And a Student who must Meet a Woman in A Baloon",Classics,13
WILLIAMS,GROUCHO,"ROOTS REMEMBER","A Brilliant Drama of a Mad Cow And a Hunter who must Escape a Hunter in Berlin",Classics,17
WILLIAMS,GROUCHO,"GROUNDHOG UNCUT","A Brilliant Panorama of a Astronaut And a Technical Writer who must Discover a Butler in A Manhattan Penthouse",Comedy,18
WILLIAMS,GROUCHO,"LONELY ELEPHANT","A Intrepid Story of a Student And a Dog who must Challenge a Explorer in Soviet Georgia",Comedy,15
WILLIAMS,GROUCHO,"SCORPION APOLLO","A Awe-Inspiring Documentary of a Technical Writer And a Husband who must Meet a Monkey in An Abandoned Fun House",Drama,23
WILLIAMS,GROUCHO,"SAINTS BRIDE","A Fateful Tale of a Technical Writer And a Composer who must Pursue a Explorer in The Gulf of Mexico",Drama,8
WILLIAMS,GROUCHO,"GONE TROUBLE","A Insightful Character Study of a Mad Cow And a Forensic Psychologist who must Conquer a A Shark in A Manhattan Penthouse",Drama,10
WILLIAMS,GROUCHO,"RAGE GAMES","A Fast-Paced Saga of a Astronaut And a Secret Agent who must Escape a Hunter in An Abandoned Amusement Park",Family,19
WILLIAMS,GROUCHO,"GABLES METROPOLIS","A Fateful Display of a Cat And a Pioneer who must Challenge a Pastry Chef in A Baloon Factory",Family,19
WILLIAMS,GROUCHO,"OPPOSITE NECKLACE","A Fateful Epistle of a Crocodile And a Moose who must Kill a Explorer in Nigeria",Family,13
WILLIAMS,GROUCHO,"MEET CHOCOLATE","A Boring Documentary of a Dentist And a Butler who must Confront a Monkey in A MySQL Convention",Foreign,12
WILLIAMS,GROUCHO,"KANE EXORCIST","A Epic Documentary of a Composer And a Robot who must Overcome a Car in Berlin",Foreign,14
WILLIAMS,GROUCHO,"PAST SUICIDES","A Intrepid Tale of a Madman And a Astronaut who must Challenge a Hunter in A Monastery",Foreign,13
WILLIAMS,GROUCHO,"BROOKLYN DESERT","A Beautiful Drama of a Dentist And a Composer who must Battle a Sumo Wrestler in The First Manned Space Station",Foreign,21
WILLIAMS,GROUCHO,"DAWN POND","A Thoughtful Documentary of a Dentist And a Forensic Psychologist who must Defeat a Waitress in Berlin",Games,18
WILLIAMS,GROUCHO,"FANTASIA PARK","A Thoughtful Documentary of a Mad Scientist And a A Shark who must Outrace a Feminist in Australia",Games,19
WILLIAMS,GROUCHO,"LOVERBOY ATTACKS","A Boring Story of a Car And a Butler who must Build a Girl in Soviet Georgia",New,12
WILLIAMS,GROUCHO,"PEACH INNOCENT","A Action-Packed Drama of a Monkey And a Dentist who must Chase a Butler in Berlin",Sports,14
WILLIAMS,GROUCHO,"BASIC EASY","A Stunning Epistle of a Man And a Husband who must Reach a Mad Scientist in A Jet Boat",Travel,21
WILLIAMS,GROUCHO,"MUSCLE BRIGHT","A Stunning Panorama of a Sumo Wrestler And a Husband who must Redeem a Madman in Ancient India",Travel,30
WILLIAMS,MORGAN,"BAREFOOT MANCHURIAN","A Intrepid Story of a Cat And a Student who must Vanquish a Girl in An Abandoned Amusement Park",Action,18
WILLIAMS,MORGAN,"LORD ARIZONA","A Action-Packed Display of a Frisbee And a Pastry Chef who must Pursue a Crocodile in A Jet Boat",Action,11
WILLIAMS,MORGAN,"CLUB GRAFFITI","A Epic Tale of a Pioneer And a Hunter who must Escape a Girl in A U-Boat",Animation,19
WILLIAMS,MORGAN,"PUNK DIVORCE","A Fast-Paced Tale of a Pastry Chef And a Boat who must Face a Frisbee in The Canadian Rockies",Animation,8
WILLIAMS,MORGAN,"MASSAGE IMAGE","A Fateful Drama of a Frisbee And a Crocodile who must Vanquish a Dog in The First Manned Space Station",Animation,12
WILLIAMS,MORGAN,"EARLY HOME","A Amazing Panorama of a Mad Scientist And a Husband who must Meet a Woman in The Outback",Animation,7
WILLIAMS,MORGAN,"HORN WORKING","A Stunning Display of a Mad Scientist And a Technical Writer who must Succumb a Monkey in A Shark Tank",Animation,24
WILLIAMS,MORGAN,"JUGGLER HARDLY","A Epic Story of a Mad Cow And a Astronaut who must Challenge a Car in California",Animation,32
WILLIAMS,MORGAN,"POLISH BROOKLYN","A Boring Character Study of a Database Administrator And a Lumberjack who must Reach a Madman in The Outback",Children,18
WILLIAMS,MORGAN,"FARGO GANDHI","A Thrilling Reflection of a Pastry Chef And a Crocodile who must Reach a Teacher in The Outback",Children,24
WILLIAMS,MORGAN,"DRACULA CRYSTAL","A Thrilling Reflection of a Feminist And a Cat who must Find a Frisbee in An Abandoned Fun House",Classics,21
WILLIAMS,MORGAN,"HEAVEN FREEDOM","A Intrepid Story of a Butler And a Car who must Vanquish a Man in New Orleans",Comedy,18
WILLIAMS,MORGAN,"SAINTS BRIDE","A Fateful Tale of a Technical Writer And a Composer who must Pursue a Explorer in The Gulf of Mexico",Drama,8
WILLIAMS,MORGAN,"SPLASH GUMP","A Taut Saga of a Crocodile And a Boat who must Conquer a Hunter in A Shark Tank",Family,14
WILLIAMS,MORGAN,"MUSIC BOONDOCK","A Thrilling Tale of a Butler And a Astronaut who must Battle a Explorer in The First Manned Space Station",Family,19
WILLIAMS,MORGAN,"MOVIE SHAKESPEARE","A Insightful Display of a Database Administrator And a Student who must Build a Hunter in Berlin",Family,27
WILLIAMS,MORGAN,"AGENT TRUMAN","A Intrepid Panorama of a Robot And a Boy who must Escape a Sumo Wrestler in Ancient China",Foreign,21
WILLIAMS,MORGAN,"BREAKING HOME","A Beautiful Display of a Secret Agent And a Monkey who must Battle a Sumo Wrestler in An Abandoned Mine Shaft",New,13
WILLIAMS,MORGAN,"GUYS FALCON","A Boring Story of a Woman And a Feminist who must Redeem a Squirrel in A U-Boat",Sci-Fi,9
WILLIAMS,MORGAN,"ROSES TREASURE","A Astounding Panorama of a Monkey And a Secret Agent who must Defeat a Woman in The First Manned Space Station",Sports,28
WILLIAMS,MORGAN,"DURHAM PANKY","A Brilliant Panorama of a Girl And a Boy who must Face a Mad Scientist in An Abandoned Mine Shaft",Sports,26
WILLIAMS,MORGAN,"STAR OPERATION","A Insightful Character Study of a Girl And a Car who must Pursue a Mad Cow in A Shark Tank",Sports,21
WILLIAMS,MORGAN,"DRIVER ANNIE","A Lacklusture Character Study of a Butler And a Car who must Redeem a Boat in An Abandoned Fun House",Sports,18
WILLIAMS,MORGAN,"HYSTERICAL GRAIL","A Amazing Saga of a Madman And a Dentist who must Build a Car in A Manhattan Penthouse",Sports,15
WILLIAMS,MORGAN,"TUXEDO MILE","A Boring Drama of a Man And a Forensic Psychologist who must Face a Frisbee in Ancient India",Sports,13
WILLIAMS,MORGAN,"DESPERATE TRAINSPOTTING","A Epic Yarn of a Forensic Psychologist And a Teacher who must Face a Lumberjack in California",Travel,6
WILLIAMS,SEAN,"WATERFRONT DELIVERANCE","A Unbelieveable Documentary of a Dentist And a Technical Writer who must Build a Womanizer in Nigeria",Action,17
WILLIAMS,SEAN,"SUNRISE LEAGUE","A Beautiful Epistle of a Madman And a Butler who must Face a Crocodile in A Manhattan Penthouse",Animation,24
WILLIAMS,SEAN,"ROOM ROMAN","A Awe-Inspiring Panorama of a Composer And a Secret Agent who must Sink a Composer in A Shark Tank",Animation,20
WILLIAMS,SEAN,"IDOLS SNATCHERS","A Insightful Drama of a Car And a Composer who must Fight a Man in A Monastery",Children,30
WILLIAMS,SEAN,"DRACULA CRYSTAL","A Thrilling Reflection of a Feminist And a Cat who must Find a Frisbee in An Abandoned Fun House",Classics,21
WILLIAMS,SEAN,"VELVET TERMINATOR","A Lacklusture Tale of a Pastry Chef And a Technical Writer who must Confront a Crocodile in An Abandoned Amusement Park",Comedy,26
WILLIAMS,SEAN,"SAGEBRUSH CLUELESS","A Insightful Story of a Lumberjack And a Hunter who must Kill a Boy in Ancient Japan",Documentary,16
WILLIAMS,SEAN,"WEST LION","A Intrepid Drama of a Butler And a Lumberjack who must Challenge a Database Administrator in A Manhattan Penthouse",Drama,16
WILLIAMS,SEAN,"MAGUIRE APACHE","A Fast-Paced Reflection of a Waitress And a Hunter who must Defeat a Forensic Psychologist in A Baloon",Family,9
WILLIAMS,SEAN,"NEWTON LABYRINTH","A Intrepid Character Study of a Moose And a Waitress who must Find a A Shark in Ancient India",Foreign,17
WILLIAMS,SEAN,"OPUS ICE","A Fast-Paced Drama of a Hunter And a Boy who must Discover a Feminist in The Sahara Desert",Foreign,11
WILLIAMS,SEAN,"FORWARD TEMPLE","A Astounding Display of a Forensic Psychologist And a Mad Scientist who must Challenge a Girl in New Orleans",Games,32
WILLIAMS,SEAN,"WANDA CHAMBER","A Insightful Drama of a A Shark And a Pioneer who must Find a Womanizer in The Outback",Games,16
WILLIAMS,SEAN,"PATTON INTERVIEW","A Thrilling Documentary of a Composer And a Secret Agent who must Succumb a Cat in Berlin",Horror,23
WILLIAMS,SEAN,"STRANGERS GRAFFITI","A Brilliant Character Study of a Secret Agent And a Man who must Find a Cat in The Gulf of Mexico",Horror,17
WILLIAMS,SEAN,"ARABIA DOGMA","A Touching Epistle of a Madman And a Mad Cow who must Defeat a Student in Nigeria",Horror,13
WILLIAMS,SEAN,"REBEL AIRPORT","A Intrepid Yarn of a Database Administrator And a Boat who must Outrace a Husband in Ancient India",Music,8
WILLIAMS,SEAN,"OLEANDER CLUE","A Boring Story of a Teacher And a Monkey who must Succumb a Forensic Psychologist in A Jet Boat",Music,10
WILLIAMS,SEAN,"EXPRESS LONELY","A Boring Drama of a Astronaut And a Boat who must Face a Boat in California",Sci-Fi,13
WILLIAMS,SEAN,"DIVORCE SHINING","A Unbelieveable Saga of a Crocodile And a Student who must Discover a Cat in Ancient India",Sports,7
WILLIAMS,SEAN,"SEABISCUIT PUNK","A Insightful Saga of a Man And a Forensic Psychologist who must Discover a Mad Cow in A MySQL Convention",Sports,26
WILLIAMS,SEAN,"MUSCLE BRIGHT","A Stunning Panorama of a Sumo Wrestler And a Husband who must Redeem a Madman in Ancient India",Travel,30
WILLIAMS,SEAN,"ENOUGH RAGING","A Astounding Character Study of a Boat And a Secret Agent who must Find a Mad Cow in The Sahara Desert",Travel,18
WILLIAMS,SEAN,"HAUNTED ANTITRUST","A Amazing Saga of a Man And a Dentist who must Reach a Technical Writer in Ancient India",Travel,6
WILLIS,BEN,"EARLY HOME","A Amazing Panorama of a Mad Scientist And a Husband who must Meet a Woman in The Outback",Animation,7
WILLIS,BEN,"CAROL TEXAS","A Astounding Character Study of a Composer And a Student who must Overcome a Composer in A Monastery",Animation,18
WILLIS,BEN,"NASH CHOCOLAT","A Epic Reflection of a Monkey And a Mad Cow who must Kill a Forensic Psychologist in An Abandoned Mine Shaft",Animation,15
WILLIS,BEN,"SWEETHEARTS SUSPECTS","A Brilliant Character Study of a Frisbee And a Sumo Wrestler who must Confront a Woman in The Gulf of Mexico",Children,29
WILLIS,BEN,"CABIN FLASH","A Stunning Epistle of a Boat And a Man who must Challenge a A Shark in A Baloon Factory",Children,15
WILLIS,BEN,"SPLENDOR PATTON","A Taut Story of a Dog And a Explorer who must Find a Astronaut in Berlin",Children,21
WILLIS,BEN,"DRACULA CRYSTAL","A Thrilling Reflection of a Feminist And a Cat who must Find a Frisbee in An Abandoned Fun House",Classics,21
WILLIS,BEN,"LONELY ELEPHANT","A Intrepid Story of a Student And a Dog who must Challenge a Explorer in Soviet Georgia",Comedy,15
WILLIS,BEN,"PERFECT GROOVE","A Thrilling Yarn of a Dog And a Dog who must Build a Husband in A Baloon",Comedy,17
WILLIS,BEN,"DOWNHILL ENOUGH","A Emotional Tale of a Pastry Chef And a Forensic Psychologist who must Succumb a Monkey in The Sahara Desert",Comedy,25
WILLIS,BEN,"VALLEY PACKER","A Astounding Documentary of a Astronaut And a Boy who must Outrace a Sumo Wrestler in Berlin",Comedy,15
WILLIS,BEN,"HEAVYWEIGHTS BEAST","A Unbelieveable Story of a Composer And a Dog who must Overcome a Womanizer in An Abandoned Amusement Park",Documentary,23
WILLIS,BEN,"BEACH HEARTBREAKERS","A Fateful Display of a Womanizer And a Mad Scientist who must Outgun a A Shark in Soviet Georgia",Documentary,17
WILLIS,BEN,"BALLROOM MOCKINGBIRD","A Thrilling Documentary of a Composer And a Monkey who must Find a Feminist in California",Foreign,8
WILLIS,BEN,"ENCINO ELF","A Astounding Drama of a Feminist And a Teacher who must Confront a Husband in A Baloon",Games,19
WILLIS,BEN,"PLUTO OLEANDER","A Action-Packed Reflection of a Car And a Moose who must Outgun a Car in A Shark Tank",New,16
WILLIS,BEN,"FRONTIER CABIN","A Emotional Story of a Madman And a Waitress who must Battle a Teacher in An Abandoned Fun House",New,6
WILLIS,BEN,"BADMAN DAWN","A Emotional Panorama of a Pioneer And a Composer who must Escape a Mad Scientist in A Jet Boat",Sci-Fi,21
WILLIS,BEN,"GOODFELLAS SALUTE","A Unbelieveable Tale of a Dog And a Explorer who must Sink a Mad Cow in A Baloon Factory",Sci-Fi,31
WILLIS,BEN,"COLDBLOODED DARLING","A Brilliant Panorama of a Dentist And a Moose who must Find a Student in The Gulf of Mexico",Sci-Fi,16
WILLIS,BEN,"PANTHER REDS","A Brilliant Panorama of a Moose And a Man who must Reach a Teacher in The Gulf of Mexico",Sci-Fi,15
WILLIS,BEN,"SECRETARY ROUGE","A Action-Packed Panorama of a Mad Cow And a Composer who must Discover a Robot in A Baloon Factory",Sports,18
WILLIS,BEN,"CARIBBEAN LIBERTY","A Fanciful Tale of a Pioneer And a Technical Writer who must Outgun a Pioneer in A Shark Tank",Sports,9
WILLIS,BEN,"DURHAM PANKY","A Brilliant Panorama of a Girl And a Boy who must Face a Mad Scientist in An Abandoned Mine Shaft",Sports,26
WILLIS,BEN,"ELIZABETH SHANE","A Lacklusture Display of a Womanizer And a Dog who must Face a Sumo Wrestler in Ancient Japan",Sports,10
WILLIS,BEN,"NOVOCAINE FLIGHT","A Fanciful Display of a Student And a Teacher who must Outgun a Crocodile in Nigeria",Sports,19
WILLIS,BEN,"RECORDS ZORRO","A Amazing Drama of a Mad Scientist And a Composer who must Build a Husband in The Outback",Sports,8
WILLIS,BEN,"LIBERTY MAGNIFICENT","A Boring Drama of a Student And a Cat who must Sink a Technical Writer in A Baloon",Sports,12
WILLIS,BEN,"SATURDAY LAMBS","A Thoughtful Reflection of a Mad Scientist And a Moose who must Kill a Husband in A Baloon",Sports,28
WILLIS,BEN,"CHANCE RESURRECTION","A Astounding Story of a Forensic Psychologist And a Forensic Psychologist who must Overcome a Moose in Ancient China",Sports,27
WILLIS,BEN,"SHANGHAI TYCOON","A Fast-Paced Character Study of a Crocodile And a Lumberjack who must Build a Husband in An Abandoned Fun House",Travel,14
WILLIS,BEN,"FROGMEN BREAKING","A Unbelieveable Yarn of a Mad Scientist And a Cat who must Chase a Lumberjack in Australia",Travel,10
WILLIS,GENE,"WEREWOLF LOLA","A Fanciful Story of a Man And a Sumo Wrestler who must Outrace a Student in A Monastery",Action,14
WILLIS,GENE,"HOOK CHARIOTS","A Insightful Story of a Boy And a Dog who must Redeem a Boy in Australia",Animation,13
WILLIS,GENE,"CHAMPION FLATLINERS","A Amazing Story of a Mad Cow And a Dog who must Kill a Husband in A Monastery",Animation,13
WILLIS,GENE,"BENEATH RUSH","A Astounding Panorama of a Man And a Monkey who must Discover a Man in The First Manned Space Station",Children,10
WILLIS,GENE,"ARMY FLINTSTONES","A Boring Saga of a Database Administrator And a Womanizer who must Battle a Waitress in Nigeria",Documentary,16
WILLIS,GENE,"VIRGINIAN PLUTO","A Emotional Panorama of a Dentist And a Crocodile who must Meet a Boy in Berlin",Documentary,29
WILLIS,GENE,"BEACH HEARTBREAKERS","A Fateful Display of a Womanizer And a Mad Scientist who must Outgun a A Shark in Soviet Georgia",Documentary,17
WILLIS,GENE,"DARKNESS WAR","A Touching Documentary of a Husband And a Hunter who must Escape a Boy in The Sahara Desert",Drama,13
WILLIS,GENE,"SPLASH GUMP","A Taut Saga of a Crocodile And a Boat who must Conquer a Hunter in A Shark Tank",Family,14
WILLIS,GENE,"SECRETS PARADISE","A Fateful Saga of a Cat And a Frisbee who must Kill a Girl in A Manhattan Penthouse",Family,20
WILLIS,GENE,"PAST SUICIDES","A Intrepid Tale of a Madman And a Astronaut who must Challenge a Hunter in A Monastery",Foreign,13
WILLIS,GENE,"JET NEIGHBORS","A Amazing Display of a Lumberjack And a Teacher who must Outrace a Woman in A U-Boat",Foreign,20
WILLIS,GENE,"ILLUSION AMELIE","A Emotional Epistle of a Boat And a Mad Scientist who must Outrace a Robot in An Abandoned Mine Shaft",Foreign,15
WILLIS,GENE,"AIRPORT POLLOCK","A Epic Tale of a Moose And a Girl who must Confront a Monkey in Ancient India",Horror,18
WILLIS,GENE,"BANGER PINOCCHIO","A Awe-Inspiring Drama of a Car And a Pastry Chef who must Chase a Crocodile in The First Manned Space Station",Music,22
WILLIS,GENE,"DORADO NOTTING","A Action-Packed Tale of a Sumo Wrestler And a A Shark who must Meet a Frisbee in California",Music,27
WILLIS,GENE,"WORDS HUNTER","A Action-Packed Reflection of a Composer And a Mad Scientist who must Face a Pioneer in A MySQL Convention",Music,16
WILLIS,GENE,"STING PERSONAL","A Fanciful Drama of a Frisbee And a Dog who must Fight a Madman in A Jet Boat",New,21
WILLIS,GENE,"FLAMINGOS CONNECTICUT","A Fast-Paced Reflection of a Composer And a Composer who must Meet a Cat in The Sahara Desert",New,23
WILLIS,GENE,"MONEY HAROLD","A Touching Tale of a Explorer And a Boat who must Defeat a Robot in Australia",New,20
WILLIS,GENE,"METROPOLIS COMA","A Emotional Saga of a Database Administrator And a Pastry Chef who must Confront a Teacher in A Baloon Factory",Sci-Fi,26
WILLIS,HUMPHREY,"DREAM PICKUP","A Epic Display of a Car And a Composer who must Overcome a Forensic Psychologist in The Gulf of Mexico",Action,22
WILLIS,HUMPHREY,"ANACONDA CONFESSIONS","A Lacklusture Display of a Dentist And a Dentist who must Fight a Girl in Australia",Animation,21
WILLIS,HUMPHREY,"SONS INTERVIEW","A Taut Character Study of a Explorer And a Mad Cow who must Battle a Hunter in Ancient China",Animation,15
WILLIS,HUMPHREY,"IRON MOON","A Fast-Paced Documentary of a Mad Cow And a Boy who must Pursue a Dentist in A Baloon",Classics,11
WILLIS,HUMPHREY,"FLINTSTONES HAPPINESS","A Fateful Story of a Husband And a Moose who must Vanquish a Boy in California",Comedy,17
WILLIS,HUMPHREY,"MYSTIC TRUMAN","A Epic Yarn of a Teacher And a Hunter who must Outgun a Explorer in Soviet Georgia",Comedy,10
WILLIS,HUMPHREY,"PRINCESS GIANT","A Thrilling Yarn of a Pastry Chef And a Monkey who must Battle a Monkey in A Shark Tank",Documentary,27
WILLIS,HUMPHREY,"SPOILERS HELLFIGHTERS","A Fanciful Story of a Technical Writer And a Squirrel who must Defeat a Dog in The Gulf of Mexico",Documentary,10
WILLIS,HUMPHREY,"SPLASH GUMP","A Taut Saga of a Crocodile And a Boat who must Conquer a Hunter in A Shark Tank",Family,14
WILLIS,HUMPHREY,"MUSIC BOONDOCK","A Thrilling Tale of a Butler And a Astronaut who must Battle a Explorer in The First Manned Space Station",Family,19
WILLIS,HUMPHREY,"ALIEN CENTER","A Brilliant Drama of a Cat And a Mad Scientist who must Battle a Feminist in A MySQL Convention",Foreign,22
WILLIS,HUMPHREY,"WAR NOTTING","A Boring Drama of a Teacher And a Sumo Wrestler who must Challenge a Secret Agent in The Canadian Rockies",Foreign,12
WILLIS,HUMPHREY,"HOOSIERS BIRDCAGE","A Astounding Display of a Explorer And a Boat who must Vanquish a Car in The First Manned Space Station",Foreign,8
WILLIS,HUMPHREY,"TRAP GUYS","A Unbelieveable Story of a Boy And a Mad Cow who must Challenge a Database Administrator in The Sahara Desert",Foreign,16
WILLIS,HUMPHREY,"WONDERFUL DROP","A Boring Panorama of a Woman And a Madman who must Overcome a Butler in A U-Boat",Foreign,9
WILLIS,HUMPHREY,"MADNESS ATTACKS","A Fanciful Tale of a Squirrel And a Boat who must Defeat a Crocodile in The Gulf of Mexico",Foreign,25
WILLIS,HUMPHREY,"PERSONAL LADYBUGS","A Epic Saga of a Hunter And a Technical Writer who must Conquer a Cat in Ancient Japan",Music,14
WILLIS,HUMPHREY,"TERMINATOR CLUB","A Touching Story of a Crocodile And a Girl who must Sink a Man in The Gulf of Mexico",Music,6
WILLIS,HUMPHREY,"IDAHO LOVE","A Fast-Paced Drama of a Student And a Crocodile who must Meet a Database Administrator in The Outback",New,17
WILLIS,HUMPHREY,"GOLDMINE TYCOON","A Brilliant Epistle of a Composer And a Frisbee who must Conquer a Husband in The Outback",Sci-Fi,27
WILLIS,HUMPHREY,"PIRATES ROXANNE","A Stunning Drama of a Woman And a Lumberjack who must Overcome a A Shark in The Canadian Rockies",Sports,21
WILLIS,HUMPHREY,"STRAIGHT HOURS","A Boring Panorama of a Secret Agent And a Girl who must Sink a Waitress in The Outback",Sports,20
WILLIS,HUMPHREY,"GAMES BOWFINGER","A Astounding Documentary of a Butler And a Explorer who must Challenge a Butler in A Monastery",Travel,14
WILLIS,HUMPHREY,"COMFORTS RUSH","A Unbelieveable Panorama of a Pioneer And a Husband who must Meet a Mad Cow in An Abandoned Mine Shaft",Travel,17
WILSON,WILL,"BAREFOOT MANCHURIAN","A Intrepid Story of a Cat And a Student who must Vanquish a Girl in An Abandoned Amusement Park",Action,18
WILSON,WILL,"CAMPUS REMEMBER","A Astounding Drama of a Crocodile And a Mad Cow who must Build a Robot in A Jet Boat",Action,19
WILSON,WILL,"UPRISING UPTOWN","A Fanciful Reflection of a Boy And a Butler who must Pursue a Woman in Berlin",Action,16
WILSON,WILL,"HORN WORKING","A Stunning Display of a Mad Scientist And a Technical Writer who must Succumb a Monkey in A Shark Tank",Animation,24
WILSON,WILL,"DARES PLUTO","A Fateful Story of a Robot And a Dentist who must Defeat a Astronaut in New Orleans",Animation,9
WILSON,WILL,"DONNIE ALLEY","A Awe-Inspiring Tale of a Butler And a Frisbee who must Vanquish a Teacher in Ancient Japan",Animation,14
WILSON,WILL,"THEORY MERMAID","A Fateful Yarn of a Composer And a Monkey who must Vanquish a Womanizer in The First Manned Space Station",Animation,11
WILSON,WILL,"TITANIC BOONDOCK","A Brilliant Reflection of a Feminist And a Dog who must Fight a Boy in A Baloon Factory",Animation,23
WILSON,WILL,"NOON PAPI","A Unbelieveable Character Study of a Mad Scientist And a Astronaut who must Find a Pioneer in A Manhattan Penthouse",Children,17
WILSON,WILL,"WARLOCK WEREWOLF","A Astounding Yarn of a Pioneer And a Crocodile who must Defeat a A Shark in The Outback",Children,6
WILSON,WILL,"TIES HUNGER","A Insightful Saga of a Astronaut And a Explorer who must Pursue a Mad Scientist in A U-Boat",Children,11
WILSON,WILL,"CRUELTY UNFORGIVEN","A Brilliant Tale of a Car And a Moose who must Battle a Dentist in Nigeria",Classics,7
WILSON,WILL,"PAJAMA JAWBREAKER","A Emotional Drama of a Boy And a Technical Writer who must Redeem a Sumo Wrestler in California",Classics,14
WILSON,WILL,"CRAZY HOME","A Fanciful Panorama of a Boy And a Woman who must Vanquish a Database Administrator in The Outback",Comedy,9
WILSON,WILL,"FRENCH HOLIDAY","A Thrilling Epistle of a Dog And a Feminist who must Kill a Madman in Berlin",Documentary,17
WILSON,WILL,"GUN BONNIE","A Boring Display of a Sumo Wrestler And a Husband who must Build a Waitress in The Gulf of Mexico",Games,25
WILSON,WILL,"HUMAN GRAFFITI","A Beautiful Reflection of a Womanizer And a Sumo Wrestler who must Chase a Database Administrator in The Gulf of Mexico",Games,15
WILSON,WILL,"SLEUTH ORIENT","A Fateful Character Study of a Husband And a Dog who must Find a Feminist in Ancient India",Games,21
WILSON,WILL,"SLEEPING SUSPECTS","A Stunning Reflection of a Sumo Wrestler And a Explorer who must Sink a Frisbee in A MySQL Convention",Horror,24
WILSON,WILL,"BOWFINGER GABLES","A Fast-Paced Yarn of a Waitress And a Composer who must Outgun a Dentist in California",Horror,11
WILSON,WILL,"DRIVING POLISH","A Action-Packed Yarn of a Feminist And a Technical Writer who must Sink a Boat in An Abandoned Mine Shaft",Music,21
WILSON,WILL,"PLATOON INSTINCT","A Thrilling Panorama of a Man And a Woman who must Reach a Woman in Australia",New,9
WILSON,WILL,"APOCALYPSE FLAMINGOS","A Astounding Story of a Dog And a Squirrel who must Defeat a Woman in An Abandoned Amusement Park",New,6
WILSON,WILL,"FATAL HAUNTED","A Beautiful Drama of a Student And a Secret Agent who must Confront a Dentist in Ancient Japan",New,28
WILSON,WILL,"MOURNING PURPLE","A Lacklusture Display of a Waitress And a Lumberjack who must Chase a Pioneer in New Orleans",Sci-Fi,21
WILSON,WILL,"DIVORCE SHINING","A Unbelieveable Saga of a Crocodile And a Student who must Discover a Cat in Ancient India",Sports,7
WILSON,WILL,"STAR OPERATION","A Insightful Character Study of a Girl And a Car who must Pursue a Mad Cow in A Shark Tank",Sports,21
WILSON,WILL,"PICKUP DRIVING","A Touching Documentary of a Husband And a Boat who must Meet a Pastry Chef in A Baloon Factory",Sports,16
WILSON,WILL,"LIBERTY MAGNIFICENT","A Boring Drama of a Student And a Cat who must Sink a Technical Writer in A Baloon",Sports,12
WILSON,WILL,"NEIGHBORS CHARADE","A Fanciful Reflection of a Crocodile And a Astronaut who must Outrace a Feminist in An Abandoned Amusement Park",Sports,19
WILSON,WILL,"SPEED SUIT","A Brilliant Display of a Frisbee And a Mad Scientist who must Succumb a Robot in Ancient China",Travel,9
WINSLET,FAY,"HARPER DYING","A Awe-Inspiring Reflection of a Woman And a Cat who must Confront a Feminist in The Sahara Desert",Animation,20
WINSLET,FAY,"OZ LIAISONS","A Epic Yarn of a Mad Scientist And a Cat who must Confront a Womanizer in A Baloon Factory",Animation,24
WINSLET,FAY,"SUNDANCE INVASION","A Epic Drama of a Lumberjack And a Explorer who must Confront a Hunter in A Baloon Factory",Children,19
WINSLET,FAY,"POLISH BROOKLYN","A Boring Character Study of a Database Administrator And a Lumberjack who must Reach a Madman in The Outback",Children,18
WINSLET,FAY,"MALKOVICH PET","A Intrepid Reflection of a Waitress And a A Shark who must Kill a Squirrel in The Outback",Classics,26
WINSLET,FAY,"FROST HEAD","A Amazing Reflection of a Lumberjack And a Cat who must Discover a Husband in A MySQL Convention",Classics,30
WINSLET,FAY,"CENTER DINOSAUR","A Beautiful Character Study of a Sumo Wrestler And a Dentist who must Find a Dog in California",Classics,24
WINSLET,FAY,"HEAVEN FREEDOM","A Intrepid Story of a Butler And a Car who must Vanquish a Man in New Orleans",Comedy,18
WINSLET,FAY,"CONNECTION MICROCOSMOS","A Fateful Documentary of a Crocodile And a Husband who must Face a Husband in The First Manned Space Station",Comedy,7
WINSLET,FAY,"HURRICANE AFFAIR","A Lacklusture Epistle of a Database Administrator And a Woman who must Meet a Hunter in An Abandoned Mine Shaft",Comedy,24
WINSLET,FAY,"EXPENDABLE STALLION","A Amazing Character Study of a Mad Cow And a Squirrel who must Discover a Hunter in A U-Boat",Documentary,28
WINSLET,FAY,"QUILLS BULL","A Thoughtful Story of a Pioneer And a Woman who must Reach a Moose in Australia",Documentary,16
WINSLET,FAY,"BONNIE HOLOCAUST","A Fast-Paced Story of a Crocodile And a Robot who must Find a Moose in Ancient Japan",Documentary,16
WINSLET,FAY,"CHASING FIGHT","A Astounding Saga of a Technical Writer And a Butler who must Battle a Butler in A Shark Tank",Family,20
WINSLET,FAY,"CHISUM BEHAVIOR","A Epic Documentary of a Sumo Wrestler And a Butler who must Kill a Car in Ancient India",Family,13
WINSLET,FAY,"WAR NOTTING","A Boring Drama of a Teacher And a Sumo Wrestler who must Challenge a Secret Agent in The Canadian Rockies",Foreign,12
WINSLET,FAY,"HOOSIERS BIRDCAGE","A Astounding Display of a Explorer And a Boat who must Vanquish a Car in The First Manned Space Station",Foreign,8
WINSLET,FAY,"FEVER EMPIRE","A Insightful Panorama of a Cat And a Boat who must Defeat a Boat in The Gulf of Mexico",Games,5
WINSLET,FAY,"LAMBS CINCINATTI","A Insightful Story of a Man And a Feminist who must Fight a Composer in Australia",Games,10
WINSLET,FAY,"MASSACRE USUAL","A Fateful Reflection of a Waitress And a Crocodile who must Challenge a Forensic Psychologist in California",Games,30
WINSLET,FAY,"GASLIGHT CRUSADE","A Amazing Epistle of a Boy And a Astronaut who must Redeem a Man in The Gulf of Mexico",Horror,16
WINSLET,FAY,"AFFAIR PREJUDICE","A Fanciful Documentary of a Frisbee And a Lumberjack who must Chase a Monkey in A Shark Tank",Horror,23
WINSLET,FAY,"WORDS HUNTER","A Action-Packed Reflection of a Composer And a Mad Scientist who must Face a Pioneer in A MySQL Convention",Music,16
WINSLET,FAY,"FREAKY POCUS","A Fast-Paced Documentary of a Pastry Chef And a Crocodile who must Chase a Squirrel in The Gulf of Mexico",Music,17
WINSLET,FAY,"DRAGONFLY STRANGERS","A Boring Documentary of a Pioneer And a Man who must Vanquish a Man in Nigeria",New,18
WINSLET,FAY,"FATAL HAUNTED","A Beautiful Drama of a Student And a Secret Agent who must Confront a Dentist in Ancient Japan",New,28
WINSLET,FAY,"EYES DRIVING","A Thrilling Story of a Cat And a Waitress who must Fight a Explorer in The Outback",Sci-Fi,19
WINSLET,FAY,"HAMLET WISDOM","A Touching Reflection of a Man And a Man who must Sink a Robot in The Outback",Sci-Fi,14
WINSLET,FAY,"DRIVER ANNIE","A Lacklusture Character Study of a Butler And a Car who must Redeem a Boat in An Abandoned Fun House",Sports,18
WINSLET,FAY,"HAUNTED ANTITRUST","A Amazing Saga of a Man And a Dentist who must Reach a Technical Writer in Ancient India",Travel,6
WINSLET,RIP,"DANCES NONE","A Insightful Reflection of a A Shark And a Dog who must Kill a Butler in An Abandoned Amusement Park",Action,14
WINSLET,RIP,"GILBERT PELICAN","A Fateful Tale of a Man And a Feminist who must Conquer a Crocodile in A Manhattan Penthouse",Classics,9
WINSLET,RIP,"SPOILERS HELLFIGHTERS","A Fanciful Story of a Technical Writer And a Squirrel who must Defeat a Dog in The Gulf of Mexico",Documentary,10
WINSLET,RIP,"HANGING DEEP","A Action-Packed Yarn of a Boat And a Crocodile who must Build a Monkey in Berlin",Drama,19
WINSLET,RIP,"QUEEN LUKE","A Astounding Story of a Girl And a Boy who must Challenge a Composer in New Orleans",Drama,22
WINSLET,RIP,"DATE SPEED","A Touching Saga of a Composer And a Moose who must Discover a Dentist in A MySQL Convention",Family,13
WINSLET,RIP,"FINDING ANACONDA","A Fateful Tale of a Database Administrator And a Girl who must Battle a Squirrel in New Orleans",Family,12
WINSLET,RIP,"HOTEL HAPPINESS","A Thrilling Yarn of a Pastry Chef And a A Shark who must Challenge a Mad Scientist in The Outback",Foreign,9
WINSLET,RIP,"WHALE BIKINI","A Intrepid Story of a Pastry Chef And a Database Administrator who must Kill a Feminist in A MySQL Convention",Foreign,18
WINSLET,RIP,"GREEK EVERYONE","A Stunning Display of a Butler And a Teacher who must Confront a A Shark in The First Manned Space Station",Foreign,17
WINSLET,RIP,"PANKY SUBMARINE","A Touching Documentary of a Dentist And a Sumo Wrestler who must Overcome a Boy in The Gulf of Mexico",Games,15
WINSLET,RIP,"ROXANNE REBEL","A Astounding Story of a Pastry Chef And a Database Administrator who must Fight a Man in The Outback",Games,19
WINSLET,RIP,"DAWN POND","A Thoughtful Documentary of a Dentist And a Forensic Psychologist who must Defeat a Waitress in Berlin",Games,18
WINSLET,RIP,"STAMPEDE DISTURBING","A Unbelieveable Tale of a Woman And a Lumberjack who must Fight a Frisbee in A U-Boat",Games,14
WINSLET,RIP,"FORWARD TEMPLE","A Astounding Display of a Forensic Psychologist And a Mad Scientist who must Challenge a Girl in New Orleans",Games,32
WINSLET,RIP,"ALABAMA DEVIL","A Thoughtful Panorama of a Database Administrator And a Mad Scientist who must Outgun a Mad Scientist in A Jet Boat",Horror,12
WINSLET,RIP,"PATTON INTERVIEW","A Thrilling Documentary of a Composer And a Secret Agent who must Succumb a Cat in Berlin",Horror,23
WINSLET,RIP,"CLUE GRAIL","A Taut Tale of a Butler And a Mad Scientist who must Build a Crocodile in Ancient China",Music,7
WINSLET,RIP,"DRIVING POLISH","A Action-Packed Yarn of a Feminist And a Technical Writer who must Sink a Boat in An Abandoned Mine Shaft",Music,21
WINSLET,RIP,"CHAMBER ITALIAN","A Fateful Reflection of a Moose And a Husband who must Overcome a Monkey in Nigeria",Music,13
WINSLET,RIP,"GREATEST NORTH","A Astounding Character Study of a Secret Agent And a Robot who must Build a A Shark in Berlin",Music,29
WINSLET,RIP,"ATTRACTION NEWTON","A Astounding Panorama of a Composer And a Frisbee who must Reach a Husband in Ancient Japan",New,24
WINSLET,RIP,"EXPRESS LONELY","A Boring Drama of a Astronaut And a Boat who must Face a Boat in California",Sci-Fi,13
WINSLET,RIP,"STALLION SUNDANCE","A Fast-Paced Tale of a Car And a Dog who must Outgun a A Shark in Australia",Sci-Fi,7
WINSLET,RIP,"GAMES BOWFINGER","A Astounding Documentary of a Butler And a Explorer who must Challenge a Butler in A Monastery",Travel,14
WITHERSPOON,ANGELA,"BULL SHAWSHANK","A Fanciful Drama of a Moose And a Squirrel who must Conquer a Pioneer in The Canadian Rockies",Action,16
WITHERSPOON,ANGELA,"CELEBRITY HORN","A Amazing Documentary of a Secret Agent And a Astronaut who must Vanquish a Hunter in A Shark Tank",Action,24
WITHERSPOON,ANGELA,"BERETS AGENT","A Taut Saga of a Crocodile And a Boy who must Overcome a Technical Writer in Ancient China",Action,21
WITHERSPOON,ANGELA,"WAIT CIDER","A Intrepid Epistle of a Woman And a Forensic Psychologist who must Succumb a Astronaut in A Manhattan Penthouse",Animation,21
WITHERSPOON,ANGELA,"ALTER VICTORY","A Thoughtful Drama of a Composer And a Feminist who must Meet a Secret Agent in The Canadian Rockies",Animation,22
WITHERSPOON,ANGELA,"CORE SUIT","A Unbelieveable Tale of a Car And a Explorer who must Confront a Boat in A Manhattan Penthouse",Classics,18
WITHERSPOON,ANGELA,"DETECTIVE VISION","A Fanciful Documentary of a Pioneer And a Woman who must Redeem a Hunter in Ancient Japan",Classics,27
WITHERSPOON,ANGELA,"BRINGING HYSTERICAL","A Fateful Saga of a A Shark And a Technical Writer who must Find a Woman in A Jet Boat",Comedy,20
WITHERSPOON,ANGELA,"CAT CONEHEADS","A Fast-Paced Panorama of a Girl And a A Shark who must Confront a Boy in Ancient India",Comedy,30
WITHERSPOON,ANGELA,"SECRET GROUNDHOG","A Astounding Story of a Cat And a Database Administrator who must Build a Technical Writer in New Orleans",Documentary,21
WITHERSPOON,ANGELA,"COAST RAINBOW","A Astounding Documentary of a Mad Cow And a Pioneer who must Challenge a Butler in The Sahara Desert",Documentary,21
WITHERSPOON,ANGELA,"HALLOWEEN NUTS","A Amazing Panorama of a Forensic Psychologist And a Technical Writer who must Fight a Dentist in A U-Boat",Documentary,10
WITHERSPOON,ANGELA,"HANGING DEEP","A Action-Packed Yarn of a Boat And a Crocodile who must Build a Monkey in Berlin",Drama,19
WITHERSPOON,ANGELA,"BLADE POLISH","A Thoughtful Character Study of a Frisbee And a Pastry Chef who must Fight a Dentist in The First Manned Space Station",Drama,22
WITHERSPOON,ANGELA,"EDGE KISSING","A Beautiful Yarn of a Composer And a Mad Cow who must Redeem a Mad Scientist in A Jet Boat",Drama,15
WITHERSPOON,ANGELA,"JACKET FRISCO","A Insightful Reflection of a Womanizer And a Husband who must Conquer a Pastry Chef in A Baloon",Drama,18
WITHERSPOON,ANGELA,"KWAI HOMEWARD","A Amazing Drama of a Car And a Squirrel who must Pursue a Car in Soviet Georgia",Drama,23
WITHERSPOON,ANGELA,"RUSH GOODFELLAS","A Emotional Display of a Man And a Dentist who must Challenge a Squirrel in Australia",Family,31
WITHERSPOON,ANGELA,"STEPMOM DREAM","A Touching Epistle of a Crocodile And a Teacher who must Build a Forensic Psychologist in A MySQL Convention",Foreign,20
WITHERSPOON,ANGELA,"SASSY PACKER","A Fast-Paced Documentary of a Dog And a Teacher who must Find a Moose in A Manhattan Penthouse",Games,13
WITHERSPOON,ANGELA,"PULP BEVERLY","A Unbelieveable Display of a Dog And a Crocodile who must Outrace a Man in Nigeria",Horror,30
WITHERSPOON,ANGELA,"LUCKY FLYING","A Lacklusture Character Study of a A Shark And a Man who must Find a Forensic Psychologist in A U-Boat",Music,13
WITHERSPOON,ANGELA,"BOULEVARD MOB","A Fateful Epistle of a Moose And a Monkey who must Confront a Lumberjack in Ancient China",New,18
WITHERSPOON,ANGELA,"DAY UNFAITHFUL","A Stunning Documentary of a Composer And a Mad Scientist who must Find a Technical Writer in A U-Boat",New,14
WITHERSPOON,ANGELA,"FIDDLER LOST","A Boring Tale of a Squirrel And a Dog who must Challenge a Madman in The Gulf of Mexico",Sci-Fi,10
WITHERSPOON,ANGELA,"MOTHER OLEANDER","A Boring Tale of a Husband And a Boy who must Fight a Squirrel in Ancient China",Sports,14
WITHERSPOON,ANGELA,"DUDE BLINDNESS","A Stunning Reflection of a Husband And a Lumberjack who must Face a Frisbee in An Abandoned Fun House",Sports,16
WITHERSPOON,ANGELA,"PEAK FOREVER","A Insightful Reflection of a Boat And a Secret Agent who must Vanquish a Astronaut in An Abandoned Mine Shaft",Sports,20
WITHERSPOON,ANGELA,"EVOLUTION ALTER","A Fanciful Character Study of a Feminist And a Madman who must Find a Explorer in A Baloon Factory",Sports,12
WITHERSPOON,ANGELA,"CHANCE RESURRECTION","A Astounding Story of a Forensic Psychologist And a Forensic Psychologist who must Overcome a Moose in Ancient China",Sports,27
WITHERSPOON,ANGELA,"EXORCIST STING","A Touching Drama of a Dog And a Sumo Wrestler who must Conquer a Mad Scientist in Berlin",Sports,13
WITHERSPOON,ANGELA,"SHAWSHANK BUBBLE","A Lacklusture Story of a Moose And a Monkey who must Confront a Butler in An Abandoned Amusement Park",Travel,19
WITHERSPOON,ANGELA,"CASSIDY WYOMING","A Intrepid Drama of a Frisbee And a Hunter who must Kill a Secret Agent in New Orleans",Travel,6
WITHERSPOON,ANGELA,"TOMATOES HELLFIGHTERS","A Thoughtful Epistle of a Madman And a Astronaut who must Overcome a Monkey in A Shark Tank",Travel,14
WITHERSPOON,ANGELA,"CASABLANCA SUPER","A Amazing Panorama of a Crocodile And a Forensic Psychologist who must Pursue a Secret Agent in The First Manned Space Station",Travel,16
WOOD,FAY,"GANGS PRIDE","A Taut Character Study of a Woman And a A Shark who must Confront a Frisbee in Berlin",Animation,27
WOOD,FAY,"EXTRAORDINARY CONQUERER","A Stunning Story of a Dog And a Feminist who must Face a Forensic Psychologist in Berlin",Classics,6
WOOD,FAY,"RUSHMORE MERMAID","A Boring Story of a Woman And a Moose who must Reach a Husband in A Shark Tank",Comedy,6
WOOD,FAY,"GREEDY ROOTS","A Amazing Reflection of a A Shark And a Butler who must Chase a Hunter in The Canadian Rockies",Drama,14
WOOD,FAY,"SEATTLE EXPECATIONS","A Insightful Reflection of a Crocodile And a Sumo Wrestler who must Meet a Technical Writer in The Sahara Desert",Drama,24
WOOD,FAY,"KWAI HOMEWARD","A Amazing Drama of a Car And a Squirrel who must Pursue a Car in Soviet Georgia",Drama,23
WOOD,FAY,"DUMBO LUST","A Touching Display of a Feminist And a Dentist who must Conquer a Husband in The Gulf of Mexico",Family,6
WOOD,FAY,"BANG KWAI","A Epic Drama of a Madman And a Cat who must Face a A Shark in An Abandoned Amusement Park",Family,7
WOOD,FAY,"PURPLE MOVIE","A Boring Display of a Pastry Chef And a Sumo Wrestler who must Discover a Frisbee in An Abandoned Amusement Park",Foreign,13
WOOD,FAY,"INTRIGUE WORST","A Fanciful Character Study of a Explorer And a Mad Scientist who must Vanquish a Squirrel in A Jet Boat",Foreign,20
WOOD,FAY,"OUTBREAK DIVINE","A Unbelieveable Yarn of a Database Administrator And a Woman who must Succumb a A Shark in A U-Boat",Games,23
WOOD,FAY,"FAMILY SWEET","A Epic Documentary of a Teacher And a Boy who must Escape a Woman in Berlin",Horror,29
WOOD,FAY,"MONTEREY LABYRINTH","A Awe-Inspiring Drama of a Monkey And a Composer who must Escape a Feminist in A U-Boat",Horror,13
WOOD,FAY,"DORADO NOTTING","A Action-Packed Tale of a Sumo Wrestler And a A Shark who must Meet a Frisbee in California",Music,27
WOOD,FAY,"INSIDER ARIZONA","A Astounding Saga of a Mad Scientist And a Hunter who must Pursue a Robot in A Baloon Factory",Music,20
WOOD,FAY,"IDAHO LOVE","A Fast-Paced Drama of a Student And a Crocodile who must Meet a Database Administrator in The Outback",New,17
WOOD,FAY,"CLEOPATRA DEVIL","A Fanciful Documentary of a Crocodile And a Technical Writer who must Fight a A Shark in A Baloon",New,18
WOOD,FAY,"ENGLISH BULWORTH","A Intrepid Epistle of a Pastry Chef And a Pastry Chef who must Pursue a Crocodile in Ancient China",Sci-Fi,30
WOOD,FAY,"STEERS ARMAGEDDON","A Stunning Character Study of a Car And a Girl who must Succumb a Car in A MySQL Convention",Sports,15
WOOD,FAY,"DURHAM PANKY","A Brilliant Panorama of a Girl And a Boy who must Face a Mad Scientist in An Abandoned Mine Shaft",Sports,26
WOOD,FAY,"LIAISONS SWEET","A Boring Drama of a A Shark And a Explorer who must Redeem a Waitress in The Canadian Rockies",Travel,22
WOOD,UMA,"ANTITRUST TOMATOES","A Fateful Yarn of a Womanizer And a Feminist who must Succumb a Database Administrator in Ancient India",Action,10
WOOD,UMA,"CLUELESS BUCKET","A Taut Tale of a Car And a Pioneer who must Conquer a Sumo Wrestler in An Abandoned Fun House",Action,25
WOOD,UMA,"INCH JET","A Fateful Saga of a Womanizer And a Student who must Defeat a Butler in A Monastery",Animation,18
WOOD,UMA,"CLASH FREDDY","A Amazing Yarn of a Composer And a Squirrel who must Escape a Astronaut in Australia",Animation,25
WOOD,UMA,"SNOWMAN ROLLERCOASTER","A Fateful Display of a Lumberjack And a Girl who must Succumb a Mad Cow in A Manhattan Penthouse",Animation,23
WOOD,UMA,"LEGALLY SECRETARY","A Astounding Tale of a A Shark And a Moose who must Meet a Womanizer in The Sahara Desert",Children,9
WOOD,UMA,"SPLENDOR PATTON","A Taut Story of a Dog And a Explorer who must Find a Astronaut in Berlin",Children,21
WOOD,UMA,"MODEL FISH","A Beautiful Panorama of a Boat And a Crocodile who must Outrace a Dog in Australia",Children,15
WOOD,UMA,"CABIN FLASH","A Stunning Epistle of a Boat And a Man who must Challenge a A Shark in A Baloon Factory",Children,15
WOOD,UMA,"GALAXY SWEETHEARTS","A Emotional Reflection of a Womanizer And a Pioneer who must Face a Squirrel in Berlin",Classics,18
WOOD,UMA,"STEEL SANTA","A Fast-Paced Yarn of a Composer And a Frisbee who must Face a Moose in Nigeria",Classics,23
WOOD,UMA,"LION UNCUT","A Intrepid Display of a Pastry Chef And a Cat who must Kill a A Shark in Ancient China",Comedy,18
WOOD,UMA,"GROUNDHOG UNCUT","A Brilliant Panorama of a Astronaut And a Technical Writer who must Discover a Butler in A Manhattan Penthouse",Comedy,18
WOOD,UMA,"LIFE TWISTED","A Thrilling Reflection of a Teacher And a Composer who must Find a Man in The First Manned Space Station",Comedy,10
WOOD,UMA,"METAL ARMAGEDDON","A Thrilling Display of a Lumberjack And a Crocodile who must Meet a Monkey in A Baloon Factory",Documentary,25
WOOD,UMA,"HOMEWARD CIDER","A Taut Reflection of a Astronaut And a Squirrel who must Fight a Squirrel in A Manhattan Penthouse",Documentary,16
WOOD,UMA,"WEDDING APOLLO","A Action-Packed Tale of a Student And a Waitress who must Conquer a Lumberjack in An Abandoned Mine Shaft",Documentary,24
WOOD,UMA,"TORQUE BOUND","A Emotional Display of a Crocodile And a Husband who must Reach a Man in Ancient Japan",Drama,27
WOOD,UMA,"SPLASH GUMP","A Taut Saga of a Crocodile And a Boat who must Conquer a Hunter in A Shark Tank",Family,14
WOOD,UMA,"LOLITA WORLD","A Thrilling Drama of a Girl And a Robot who must Redeem a Waitress in An Abandoned Mine Shaft",Family,10
WOOD,UMA,"FRIDA SLIPPER","A Fateful Story of a Lumberjack And a Car who must Escape a Boat in An Abandoned Mine Shaft",Foreign,11
WOOD,UMA,"MOONWALKER FOOL","A Epic Drama of a Feminist And a Pioneer who must Sink a Composer in New Orleans",Games,13
WOOD,UMA,"GRINCH MASSAGE","A Intrepid Display of a Madman And a Feminist who must Pursue a Pioneer in The First Manned Space Station",Games,14
WOOD,UMA,"ZHIVAGO CORE","A Fateful Yarn of a Composer And a Man who must Face a Boy in The Canadian Rockies",Horror,9
WOOD,UMA,"MOTIONS DETAILS","A Awe-Inspiring Reflection of a Dog And a Student who must Kill a Car in An Abandoned Fun House",Horror,16
WOOD,UMA,"ALONE TRIP","A Fast-Paced Character Study of a Composer And a Dog who must Outgun a Boat in An Abandoned Fun House",Music,18
WOOD,UMA,"REBEL AIRPORT","A Intrepid Yarn of a Database Administrator And a Boat who must Outrace a Husband in Ancient India",Music,8
WOOD,UMA,"ATTRACTION NEWTON","A Astounding Panorama of a Composer And a Frisbee who must Reach a Husband in Ancient Japan",New,24
WOOD,UMA,"DAISY MENAGERIE","A Fast-Paced Saga of a Pastry Chef And a Monkey who must Sink a Composer in Ancient India",Sci-Fi,16
WOOD,UMA,"SOLDIERS EVOLUTION","A Lacklusture Panorama of a A Shark And a Pioneer who must Confront a Student in The First Manned Space Station",Sci-Fi,8
WOOD,UMA,"RIDER CADDYSHACK","A Taut Reflection of a Monkey And a Womanizer who must Chase a Moose in Nigeria",Sports,11
WOOD,UMA,"DRIVER ANNIE","A Lacklusture Character Study of a Butler And a Car who must Redeem a Boat in An Abandoned Fun House",Sports,18
WOOD,UMA,"LEATHERNECKS DWARFS","A Fateful Reflection of a Dog And a Mad Cow who must Outrace a Teacher in An Abandoned Mine Shaft",Travel,7
WRAY,CAMERON,"CHAMPION FLATLINERS","A Amazing Story of a Mad Cow And a Dog who must Kill a Husband in A Monastery",Animation,13
WRAY,CAMERON,"DARES PLUTO","A Fateful Story of a Robot And a Dentist who must Defeat a Astronaut in New Orleans",Animation,9
WRAY,CAMERON,"HALL CASSIDY","A Beautiful Panorama of a Pastry Chef And a A Shark who must Battle a Pioneer in Soviet Georgia",Children,16
WRAY,CAMERON,"DRACULA CRYSTAL","A Thrilling Reflection of a Feminist And a Cat who must Find a Frisbee in An Abandoned Fun House",Classics,21
WRAY,CAMERON,"OCTOBER SUBMARINE","A Taut Epistle of a Monkey And a Boy who must Confront a Husband in A Jet Boat",Classics,11
WRAY,CAMERON,"VALLEY PACKER","A Astounding Documentary of a Astronaut And a Boy who must Outrace a Sumo Wrestler in Berlin",Comedy,15
WRAY,CAMERON,"VIRGINIAN PLUTO","A Emotional Panorama of a Dentist And a Crocodile who must Meet a Boy in Berlin",Documentary,29
WRAY,CAMERON,"DOZEN LION","A Taut Drama of a Cat And a Girl who must Defeat a Frisbee in The Canadian Rockies",Documentary,7
WRAY,CAMERON,"VIRGIN DAISY","A Awe-Inspiring Documentary of a Robot And a Mad Scientist who must Reach a Database Administrator in A Shark Tank",Drama,17
WRAY,CAMERON,"DESTINATION JERK","A Beautiful Yarn of a Teacher And a Cat who must Build a Car in A U-Boat",Drama,8
WRAY,CAMERON,"SEVEN SWARM","A Unbelieveable Character Study of a Dog And a Mad Cow who must Kill a Monkey in Berlin",Games,5
WRAY,CAMERON,"ELF MURDER","A Action-Packed Story of a Frisbee And a Woman who must Reach a Girl in An Abandoned Mine Shaft",Music,7
WRAY,CAMERON,"BINGO TALENTED","A Touching Tale of a Girl And a Crocodile who must Discover a Waitress in Nigeria",Sci-Fi,29
WRAY,CAMERON,"TITANS JERK","A Unbelieveable Panorama of a Feminist And a Sumo Wrestler who must Challenge a Technical Writer in Ancient China",Sci-Fi,29
WRAY,CAMERON,"LESSON CLEOPATRA","A Emotional Display of a Man And a Explorer who must Build a Boy in A Manhattan Penthouse",Sports,7
WRAY,CAMERON,"SATISFACTION CONFIDENTIAL","A Lacklusture Yarn of a Dentist And a Butler who must Meet a Secret Agent in Ancient China",Sports,17
WRAY,CAMERON,"SLIPPER FIDELITY","A Taut Reflection of a Secret Agent And a Man who must Redeem a Explorer in A MySQL Convention",Sports,16
WRAY,CAMERON,"WOLVES DESIRE","A Fast-Paced Drama of a Squirrel And a Robot who must Succumb a Technical Writer in A Manhattan Penthouse",Travel,21
WRAY,CAMERON,"COMA HEAD","A Awe-Inspiring Drama of a Boy And a Frisbee who must Escape a Pastry Chef in California",Travel,26
ZELLWEGER,CAMERON,"RINGS HEARTBREAKERS","A Amazing Yarn of a Sumo Wrestler And a Boat who must Conquer a Waitress in New Orleans",Action,15
ZELLWEGER,CAMERON,"CROW GREASE","A Awe-Inspiring Documentary of a Woman And a Husband who must Sink a Database Administrator in The First Manned Space Station",Action,12
ZELLWEGER,CAMERON,"CLUELESS BUCKET","A Taut Tale of a Car And a Pioneer who must Conquer a Sumo Wrestler in An Abandoned Fun House",Action,25
ZELLWEGER,CAMERON,"JUGGLER HARDLY","A Epic Story of a Mad Cow And a Astronaut who must Challenge a Car in California",Animation,32
ZELLWEGER,CAMERON,"BLACKOUT PRIVATE","A Intrepid Yarn of a Pastry Chef And a Mad Scientist who must Challenge a Secret Agent in Ancient Japan",Animation,27
ZELLWEGER,CAMERON,"MURDER ANTITRUST","A Brilliant Yarn of a Car And a Database Administrator who must Escape a Boy in A MySQL Convention",Children,23
ZELLWEGER,CAMERON,"ROOTS REMEMBER","A Brilliant Drama of a Mad Cow And a Hunter who must Escape a Hunter in Berlin",Classics,17
ZELLWEGER,CAMERON,"RIGHT CRANES","A Fateful Character Study of a Boat And a Cat who must Find a Database Administrator in A Jet Boat",Classics,10
ZELLWEGER,CAMERON,"WASTELAND DIVINE","A Fanciful Story of a Database Administrator And a Womanizer who must Fight a Database Administrator in Ancient China",Classics,15
ZELLWEGER,CAMERON,"MALLRATS UNITED","A Thrilling Yarn of a Waitress And a Dentist who must Find a Hunter in A Monastery",Comedy,25
ZELLWEGER,CAMERON,"PINOCCHIO SIMON","A Action-Packed Reflection of a Mad Scientist And a A Shark who must Find a Feminist in California",Comedy,20
ZELLWEGER,CAMERON,"WIFE TURN","A Awe-Inspiring Epistle of a Teacher And a Feminist who must Confront a Pioneer in Ancient Japan",Documentary,31
ZELLWEGER,CAMERON,"HAWK CHILL","A Action-Packed Drama of a Mad Scientist And a Composer who must Outgun a Car in Australia",Documentary,7
ZELLWEGER,CAMERON,"CONQUERER NUTS","A Taut Drama of a Mad Scientist And a Man who must Escape a Pioneer in An Abandoned Mine Shaft",Drama,16
ZELLWEGER,CAMERON,"BRIGHT ENCOUNTERS","A Fateful Yarn of a Lumberjack And a Feminist who must Conquer a Student in A Jet Boat",Drama,13
ZELLWEGER,CAMERON,"BEAUTY GREASE","A Fast-Paced Display of a Composer And a Moose who must Sink a Robot in An Abandoned Mine Shaft",Drama,22
ZELLWEGER,CAMERON,"HARRY IDAHO","A Taut Yarn of a Technical Writer And a Feminist who must Outrace a Dog in California",Drama,30
ZELLWEGER,CAMERON,"ORIENT CLOSER","A Astounding Epistle of a Technical Writer And a Teacher who must Fight a Squirrel in The Sahara Desert",Drama,17
ZELLWEGER,CAMERON,"MOVIE SHAKESPEARE","A Insightful Display of a Database Administrator And a Student who must Build a Hunter in Berlin",Family,27
ZELLWEGER,CAMERON,"PILOT HOOSIERS","A Awe-Inspiring Reflection of a Crocodile And a Sumo Wrestler who must Meet a Forensic Psychologist in An Abandoned Mine Shaft",Family,16
ZELLWEGER,CAMERON,"HELLFIGHTERS SIERRA","A Taut Reflection of a A Shark And a Dentist who must Battle a Boat in Soviet Georgia",Foreign,20
ZELLWEGER,CAMERON,"TYCOON GATHERING","A Emotional Display of a Husband And a A Shark who must Succumb a Madman in A Manhattan Penthouse",Games,12
ZELLWEGER,CAMERON,"PRIVATE DROP","A Stunning Story of a Technical Writer And a Hunter who must Succumb a Secret Agent in A Baloon",Games,5
ZELLWEGER,CAMERON,"LAMBS CINCINATTI","A Insightful Story of a Man And a Feminist who must Fight a Composer in Australia",Games,10
ZELLWEGER,CAMERON,"GRIT CLOCKWORK","A Thoughtful Display of a Dentist And a Squirrel who must Confront a Lumberjack in A Shark Tank",Games,32
ZELLWEGER,CAMERON,"ROCK INSTINCT","A Astounding Character Study of a Robot And a Moose who must Overcome a Astronaut in Ancient India",Horror,17
ZELLWEGER,CAMERON,"STOCK GLASS","A Boring Epistle of a Crocodile And a Lumberjack who must Outgun a Moose in Ancient China",New,14
ZELLWEGER,CAMERON,"SECRETARY ROUGE","A Action-Packed Panorama of a Mad Cow And a Composer who must Discover a Robot in A Baloon Factory",Sports,18
ZELLWEGER,CAMERON,"JADE BUNCH","A Insightful Panorama of a Squirrel And a Mad Cow who must Confront a Student in The First Manned Space Station",Sports,18
ZELLWEGER,CAMERON,"TOMATOES HELLFIGHTERS","A Thoughtful Epistle of a Madman And a Astronaut who must Overcome a Monkey in A Shark Tank",Travel,14
ZELLWEGER,JULIA,"MINDS TRUMAN","A Taut Yarn of a Mad Scientist And a Crocodile who must Outgun a Database Administrator in A Monastery",Action,20
ZELLWEGER,JULIA,"DARES PLUTO","A Fateful Story of a Robot And a Dentist who must Defeat a Astronaut in New Orleans",Animation,9
ZELLWEGER,JULIA,"DETECTIVE VISION","A Fanciful Documentary of a Pioneer And a Woman who must Redeem a Hunter in Ancient Japan",Classics,27
ZELLWEGER,JULIA,"JEOPARDY ENCINO","A Boring Panorama of a Man And a Mad Cow who must Face a Explorer in Ancient India",Classics,10
ZELLWEGER,JULIA,"MAJESTIC FLOATS","A Thrilling Character Study of a Moose And a Student who must Escape a Butler in The First Manned Space Station",Documentary,17
ZELLWEGER,JULIA,"LAMBS CINCINATTI","A Insightful Story of a Man And a Feminist who must Fight a Composer in Australia",Games,10
ZELLWEGER,JULIA,"PANKY SUBMARINE","A Touching Documentary of a Dentist And a Sumo Wrestler who must Overcome a Boy in The Gulf of Mexico",Games,15
ZELLWEGER,JULIA,"WON DARES","A Unbelieveable Documentary of a Teacher And a Monkey who must Defeat a Explorer in A U-Boat",Music,9
ZELLWEGER,JULIA,"BREAKFAST GOLDFINGER","A Beautiful Reflection of a Student And a Student who must Fight a Moose in Berlin",New,17
ZELLWEGER,JULIA,"WYOMING STORM","A Awe-Inspiring Panorama of a Robot And a Boat who must Overcome a Feminist in A U-Boat",New,13
ZELLWEGER,JULIA,"HOLLOW JEOPARDY","A Beautiful Character Study of a Robot And a Astronaut who must Overcome a Boat in A Monastery",Sci-Fi,10
ZELLWEGER,JULIA,"OPEN AFRICAN","A Lacklusture Drama of a Secret Agent And a Explorer who must Discover a Car in A U-Boat",Sci-Fi,21
ZELLWEGER,JULIA,"RIDER CADDYSHACK","A Taut Reflection of a Monkey And a Womanizer who must Chase a Moose in Nigeria",Sports,11
ZELLWEGER,JULIA,"CRANES RESERVOIR","A Fanciful Documentary of a Teacher And a Dog who must Outgun a Forensic Psychologist in A Baloon Factory",Sports,11
ZELLWEGER,JULIA,"DIVORCE SHINING","A Unbelieveable Saga of a Crocodile And a Student who must Discover a Cat in Ancient India",Sports,7
ZELLWEGER,JULIA,"OUTLAW HANKY","A Thoughtful Story of a Astronaut And a Composer who must Conquer a Dog in The Sahara Desert",Travel,14
ZELLWEGER,MINNIE,"SUSPECTS QUILLS","A Emotional Epistle of a Pioneer And a Crocodile who must Battle a Man in A Manhattan Penthouse",Action,30
ZELLWEGER,MINNIE,"INSECTS STONE","A Epic Display of a Butler And a Dog who must Vanquish a Crocodile in A Manhattan Penthouse",Animation,18
ZELLWEGER,MINNIE,"SANTA PARIS","A Emotional Documentary of a Moose And a Car who must Redeem a Mad Cow in A Baloon Factory",Children,11
ZELLWEGER,MINNIE,"EXTRAORDINARY CONQUERER","A Stunning Story of a Dog And a Feminist who must Face a Forensic Psychologist in Berlin",Classics,6
ZELLWEGER,MINNIE,"TOMORROW HUSTLER","A Thoughtful Story of a Moose And a Husband who must Face a Secret Agent in The Sahara Desert",Classics,25
ZELLWEGER,MINNIE,"JAWS HARRY","A Thrilling Display of a Database Administrator And a Monkey who must Overcome a Dog in An Abandoned Fun House",Comedy,14
ZELLWEGER,MINNIE,"LIFE TWISTED","A Thrilling Reflection of a Teacher And a Composer who must Find a Man in The First Manned Space Station",Comedy,10
ZELLWEGER,MINNIE,"WARS PLUTO","A Taut Reflection of a Teacher And a Database Administrator who must Chase a Madman in The Sahara Desert",Documentary,10
ZELLWEGER,MINNIE,"SMOKING BARBARELLA","A Lacklusture Saga of a Mad Cow And a Mad Scientist who must Sink a Cat in A MySQL Convention",Documentary,18
ZELLWEGER,MINNIE,"BILL OTHERS","A Stunning Saga of a Mad Scientist And a Forensic Psychologist who must Challenge a Squirrel in A MySQL Convention",Documentary,19
ZELLWEGER,MINNIE,"BONNIE HOLOCAUST","A Fast-Paced Story of a Crocodile And a Robot who must Find a Moose in Ancient Japan",Documentary,16
ZELLWEGER,MINNIE,"NOTTING SPEAKEASY","A Thoughtful Display of a Butler And a Womanizer who must Find a Waitress in The Canadian Rockies",Drama,10
ZELLWEGER,MINNIE,"WAR NOTTING","A Boring Drama of a Teacher And a Sumo Wrestler who must Challenge a Secret Agent in The Canadian Rockies",Foreign,12
ZELLWEGER,MINNIE,"EVERYONE CRAFT","A Fateful Display of a Waitress And a Dentist who must Reach a Butler in Nigeria",Foreign,13
ZELLWEGER,MINNIE,"FRIDA SLIPPER","A Fateful Story of a Lumberjack And a Car who must Escape a Boat in An Abandoned Mine Shaft",Foreign,11
ZELLWEGER,MINNIE,"HOLIDAY GAMES","A Insightful Reflection of a Waitress And a Madman who must Pursue a Boy in Ancient Japan",Foreign,15
ZELLWEGER,MINNIE,"MONSOON CAUSE","A Astounding Tale of a Crocodile And a Car who must Outrace a Squirrel in A U-Boat",Games,9
ZELLWEGER,MINNIE,"BOWFINGER GABLES","A Fast-Paced Yarn of a Waitress And a Composer who must Outgun a Dentist in California",Horror,11
ZELLWEGER,MINNIE,"ACE GOLDFINGER","A Astounding Epistle of a Database Administrator And a Explorer who must Find a Car in Ancient China",Horror,7
ZELLWEGER,MINNIE,"JAPANESE RUN","A Awe-Inspiring Epistle of a Feminist And a Girl who must Sink a Girl in The Outback",Horror,6
ZELLWEGER,MINNIE,"MANNEQUIN WORST","A Astounding Saga of a Mad Cow And a Pastry Chef who must Discover a Husband in Ancient India",New,5
ZELLWEGER,MINNIE,"DAY UNFAITHFUL","A Stunning Documentary of a Composer And a Mad Scientist who must Find a Technical Writer in A U-Boat",New,14
ZELLWEGER,MINNIE,"EXPRESS LONELY","A Boring Drama of a Astronaut And a Boat who must Face a Boat in California",Sci-Fi,13
ZELLWEGER,MINNIE,"RAGING AIRPLANE","A Astounding Display of a Secret Agent And a Technical Writer who must Escape a Mad Scientist in A Jet Boat",Sci-Fi,13
ZELLWEGER,MINNIE,"HYSTERICAL GRAIL","A Amazing Saga of a Madman And a Dentist who must Build a Car in A Manhattan Penthouse",Sports,15
ZELLWEGER,MINNIE,"PICKUP DRIVING","A Touching Documentary of a Husband And a Boat who must Meet a Pastry Chef in A Baloon Factory",Sports,16
ZELLWEGER,MINNIE,"GROOVE FICTION","A Unbelieveable Reflection of a Moose And a A Shark who must Defeat a Lumberjack in An Abandoned Mine Shaft",Sports,18
ZELLWEGER,MINNIE,"TALENTED HOMICIDE","A Lacklusture Panorama of a Dentist And a Forensic Psychologist who must Outrace a Pioneer in A U-Boat",Sports,29
ZELLWEGER,MINNIE,"MADIGAN DORADO","A Astounding Character Study of a A Shark And a A Shark who must Discover a Crocodile in The Outback",Travel,10
